student_id,name,university,faculty,year_of_study,average_mark,attendance,failed_modules,missed_assignments,risk_score,risk_level
NSFAS000001,Lindiwe Ngcobo,University of Stellenbosch,Commerce,2,44.45,0.0,4,0,100,HIGH
NSFAS000002,Zanele Mokoena,University of Johannesburg,Arts,3,75.0,95.0,0,1,0,LOW
NSFAS000003,Lindiwe Mhlongo,University of KwaZulu-Natal,Engineering,2,60.49,65.0,1,4,40,MEDIUM
NSFAS000004,Busisiwe Ngcobo,University of Johannesburg,Science,2,40.0,62.0,4,0,100,HIGH
NSFAS000005,Thabo Ngcobo,University of the Witwatersrand,Arts,3,45.32,46.0,1,3,80,HIGH
NSFAS000006,Lerato Mabaso,University of KwaZulu-Natal,Arts,4,40.0,29.0,2,2,80,HIGH
NSFAS000007,Thabo Molefe,University of KwaZulu-Natal,Engineering,4,69.69,66.0,0,5,40,MEDIUM
NSFAS000008,Themba Dlamini,University of Johannesburg,Science,1,40.0,63.0,3,4,100,HIGH
NSFAS000009,Lindiwe Mabaso,University of Cape Town,Science,3,85.1,95.0,0,0,0,LOW
NSFAS000010,Sipho Dlamini,University of KwaZulu-Natal,Science,2,53.63,76.0,0,2,0,LOW
NSFAS000011,Busisiwe Mthembu,University of the Witwatersrand,Law,1,75.0,86.0,1,4,0,LOW
NSFAS000012,Mpho Mahlangu,University of Pretoria,Science,1,75.0,87.0,1,1,0,LOW
NSFAS000013,Sipho Nkosi,University of KwaZulu-Natal,Science,2,40.0,62.0,1,2,80,HIGH
NSFAS000014,Sibusiso Ngcobo,University of KwaZulu-Natal,Education,2,64.91,74.0,0,1,0,LOW
NSFAS000015,Kagiso Mthethwa,University of Johannesburg,Engineering,3,76.01,80.0,0,3,0,LOW
NSFAS000016,Themba Mkhize,North-West University,Education,3,64.67,74.0,0,3,0,LOW
NSFAS000017,Tshepo Mthembu,University of the Free State,Education,4,30.0,32.0,3,1,100,HIGH
NSFAS000018,Kagiso Mhlongo,University of the Witwatersrand,Commerce,2,30.0,60.0,2,5,80,HIGH
NSFAS000019,Zanele Mahlangu,University of Johannesburg,Science,4,41.36,41.0,4,2,100,HIGH
NSFAS000020,Nokuthula Mokoena,University of Pretoria,Science,4,75.0,79.0,1,3,0,LOW
NSFAS000021,Lerato Mkhize,University of Johannesburg,Commerce,1,43.52,27.0,3,4,100,HIGH
NSFAS000022,Kagiso Mhlongo,North-West University,Education,1,63.42,69.0,1,1,40,MEDIUM
NSFAS000023,Nokuthula Dlamini,University of Johannesburg,Law,1,40.0,55.0,1,4,80,HIGH
NSFAS000024,Lerato Khumalo,University of Johannesburg,Commerce,1,48.61,34.0,3,5,100,HIGH
NSFAS000025,Nokuthula Mahlangu,University of KwaZulu-Natal,Education,3,40.0,60.0,4,0,100,HIGH
NSFAS000026,Lerato Ngcobo,North-West University,Arts,2,40.0,0.0,2,2,80,HIGH
NSFAS000027,Andile Mkhize,University of Pretoria,Education,2,58.43,60.0,0,3,40,MEDIUM
NSFAS000028,Nokuthula Mahlangu,University of Pretoria,Law,1,40.0,42.0,4,3,100,HIGH
NSFAS000029,Lerato Mhlongo,University of KwaZulu-Natal,Law,1,40.76,63.0,4,4,100,HIGH
NSFAS000030,Mpho Khumalo,University of Pretoria,Law,1,52.92,63.0,1,5,40,MEDIUM
NSFAS000031,Andile Dlamini,University of Pretoria,Education,2,75.0,77.0,1,0,0,LOW
NSFAS000032,Andile Mahlangu,University of the Free State,Education,3,69.61,72.0,1,5,0,LOW
NSFAS000033,Nokuthula Nkosi,University of Johannesburg,Commerce,2,75.0,78.0,0,1,0,LOW
NSFAS000034,Lerato Khumalo,University of Cape Town,Science,2,73.29,75.0,1,1,0,LOW
NSFAS000035,Nokuthula Ngcobo,University of Stellenbosch,Engineering,1,53.06,64.0,1,5,40,MEDIUM
NSFAS000036,Kagiso Dlamini,University of Pretoria,Commerce,1,40.0,25.0,3,1,100,HIGH
NSFAS000037,Phumzile Mkhize,University of the Witwatersrand,Law,3,40.0,34.0,2,0,80,HIGH
NSFAS000038,Nokuthula Mokoena,University of the Free State,Commerce,2,82.81,82.0,1,0,0,LOW
NSFAS000039,Mpho Mkhize,University of Cape Town,Science,2,40.0,30.0,4,4,100,HIGH
NSFAS000040,Nokuthula Khumalo,University of the Witwatersrand,Arts,2,49.0,50.0,1,1,80,HIGH
NSFAS000041,Nomsa Mokoena,University of Pretoria,Science,4,40.0,59.0,3,2,100,HIGH
NSFAS000042,Busisiwe Mahlangu,University of Stellenbosch,Law,2,30.0,43.0,3,5,100,HIGH
NSFAS000043,Mpho Mhlongo,North-West University,Education,1,51.14,79.0,0,2,0,LOW
NSFAS000044,Nomsa Dlamini,University of Johannesburg,Education,4,75.0,94.0,1,2,0,LOW
NSFAS000045,Busisiwe Mkhize,University of the Witwatersrand,Science,4,40.0,47.0,1,4,80,HIGH
NSFAS000046,Themba Dlamini,University of the Witwatersrand,Arts,2,40.37,42.0,2,4,80,HIGH
NSFAS000047,Phumzile Mthethwa,University of Johannesburg,Commerce,4,75.0,95.0,0,1,0,LOW
NSFAS000048,Themba Molefe,University of KwaZulu-Natal,Engineering,4,64.71,56.0,2,0,40,MEDIUM
NSFAS000049,Lindiwe Nkosi,University of KwaZulu-Natal,Commerce,3,49.25,24.0,3,0,100,HIGH
NSFAS000050,Thabo Mkhize,University of Johannesburg,Engineering,1,30.0,26.0,4,5,100,HIGH
NSFAS000051,Andile Ngcobo,University of the Witwatersrand,Commerce,3,50.38,85.0,0,0,0,LOW
NSFAS000052,Andile Dlamini,University of Johannesburg,Arts,1,40.0,35.0,2,3,80,HIGH
NSFAS000053,Sibusiso Zulu,University of Pretoria,Science,1,40.0,43.0,3,0,100,HIGH
NSFAS000054,Mpho Mthembu,University of Johannesburg,Science,4,58.03,61.0,1,3,40,MEDIUM
NSFAS000055,Lindiwe Mabaso,North-West University,Engineering,2,40.0,45.0,4,0,100,HIGH
NSFAS000056,Thabo Dlamini,North-West University,Arts,4,70.34,0.0,1,1,40,MEDIUM
NSFAS000057,Sipho Zulu,University of the Witwatersrand,Engineering,2,30.0,24.0,3,3,100,HIGH
NSFAS000058,Nokuthula Mabaso,University of Pretoria,Engineering,2,54.69,55.0,1,0,40,MEDIUM
NSFAS000059,Lindiwe Mahlangu,University of Cape Town,Commerce,4,71.84,91.0,0,5,0,LOW
NSFAS000060,Sibusiso Mahlangu,University of Pretoria,Education,4,40.0,21.0,1,0,80,HIGH
NSFAS000061,Themba Zulu,University of the Witwatersrand,Science,2,40.0,59.0,3,5,100,HIGH
NSFAS000062,Nomsa Mokoena,University of the Witwatersrand,Arts,1,70.1,87.0,0,5,0,LOW
NSFAS000063,Sipho Dlamini,University of the Witwatersrand,Science,3,40.0,61.0,1,1,80,HIGH
NSFAS000064,Phumzile Mokoena,University of the Free State,Education,1,75.0,95.0,1,3,0,LOW
NSFAS000065,Nokuthula Mabaso,University of Pretoria,Arts,2,33.0,29.0,4,2,100,HIGH
NSFAS000066,Nokuthula Mhlongo,North-West University,Engineering,2,65.34,85.0,0,5,0,LOW
NSFAS000067,Themba Mahlangu,University of Cape Town,Law,3,67.45,70.0,1,4,0,LOW
NSFAS000068,Sibusiso Mhlongo,University of Cape Town,Science,2,73.53,92.0,1,5,0,LOW
NSFAS000069,Busisiwe Mabaso,University of the Witwatersrand,Education,1,40.0,42.0,2,3,80,HIGH
NSFAS000070,Nomsa Mkhize,North-West University,Education,4,75.0,88.0,1,4,0,LOW
NSFAS000071,Tshepo Mokoena,University of Johannesburg,Engineering,2,42.71,28.0,1,4,80,HIGH
NSFAS000072,Phumzile Ngcobo,North-West University,Arts,4,47.14,65.0,0,2,80,HIGH
NSFAS000073,Nomsa Khumalo,University of Pretoria,Commerce,4,30.0,28.0,4,0,100,HIGH
NSFAS000074,Andile Molefe,University of Johannesburg,Arts,2,75.0,93.0,0,0,0,LOW
NSFAS000075,Nomsa Mthethwa,University of Johannesburg,Engineering,4,75.0,86.0,1,3,0,LOW
NSFAS000076,Mpho Mthembu,University of Stellenbosch,Science,1,58.48,55.0,1,0,40,MEDIUM
NSFAS000077,Thabo Molefe,University of Cape Town,Law,1,30.0,39.0,3,2,100,HIGH
NSFAS000078,Kagiso Zulu,University of the Free State,Commerce,3,40.0,53.0,2,1,80,HIGH
NSFAS000079,Nokuthula Dlamini,University of the Witwatersrand,Engineering,4,75.0,76.0,0,5,0,LOW
NSFAS000080,Zanele Mabaso,North-West University,Science,2,40.0,25.0,2,2,80,HIGH
NSFAS000081,Themba Khumalo,University of KwaZulu-Natal,Commerce,3,55.53,77.0,0,2,0,LOW
NSFAS000082,Zanele Khumalo,University of the Free State,Engineering,2,64.46,83.0,1,4,0,LOW
NSFAS000083,Tshepo Ngcobo,University of Cape Town,Arts,2,62.48,70.0,1,1,0,LOW
NSFAS000084,Busisiwe Mkhize,University of the Witwatersrand,Arts,2,75.0,85.0,1,4,0,LOW
NSFAS000085,Sibusiso Ngcobo,University of the Witwatersrand,Science,3,40.0,58.0,1,4,80,HIGH
NSFAS000086,Kagiso Mthethwa,North-West University,Education,2,75.0,92.0,0,5,0,LOW
NSFAS000087,Thabo Mahlangu,University of KwaZulu-Natal,Law,1,40.0,51.0,2,1,80,HIGH
NSFAS000088,Sipho Mthembu,University of the Witwatersrand,Science,4,40.0,44.0,2,0,80,HIGH
NSFAS000089,Themba Khumalo,University of KwaZulu-Natal,Commerce,2,43.32,57.0,2,0,80,HIGH
NSFAS000090,Andile Mthethwa,University of the Witwatersrand,Arts,2,60.92,58.0,4,3,60,HIGH
NSFAS000091,Phumzile Mkhize,University of Stellenbosch,Law,3,43.76,0.0,3,4,100,HIGH
NSFAS000092,Zanele Ngcobo,University of Johannesburg,Science,4,75.0,95.0,0,3,0,LOW
NSFAS000093,Kagiso Mokoena,University of Pretoria,Arts,4,40.0,41.0,2,1,80,HIGH
NSFAS000094,Mpho Dlamini,University of Stellenbosch,Engineering,4,40.0,58.0,4,4,100,HIGH
NSFAS000095,Tshepo Molefe,University of the Free State,Engineering,4,30.0,55.0,1,5,80,HIGH
NSFAS000096,Busisiwe Zulu,North-West University,Law,4,40.0,38.0,2,2,80,HIGH
NSFAS000097,Lindiwe Khumalo,University of Cape Town,Arts,2,53.85,63.0,1,0,40,MEDIUM
NSFAS000098,Sipho Nkosi,University of Stellenbosch,Arts,2,75.37,93.0,0,1,0,LOW
NSFAS000099,Phumzile Khumalo,University of Johannesburg,Commerce,2,75.0,94.0,0,3,0,LOW
NSFAS000100,Sibusiso Molefe,University of the Witwatersrand,Arts,2,93.7,93.0,1,1,0,LOW
NSFAS000101,Tshepo Khumalo,North-West University,Law,3,46.01,38.0,3,5,100,HIGH
NSFAS000102,Busisiwe Khumalo,University of KwaZulu-Natal,Law,4,40.0,25.0,3,2,100,HIGH
NSFAS000103,Themba Mthethwa,North-West University,Science,1,61.98,67.0,0,3,40,MEDIUM
NSFAS000104,Mpho Khumalo,University of Stellenbosch,Commerce,4,40.0,47.0,1,5,80,HIGH
NSFAS000105,Sibusiso Dlamini,University of KwaZulu-Natal,Education,4,40.47,48.0,3,3,100,HIGH
NSFAS000106,Lindiwe Mthembu,University of the Witwatersrand,Arts,4,59.12,71.0,1,2,0,LOW
NSFAS000107,Busisiwe Nkosi,North-West University,Commerce,1,40.0,21.0,2,3,80,HIGH
NSFAS000108,Lindiwe Mahlangu,University of Cape Town,Education,3,40.0,21.0,1,0,80,HIGH
NSFAS000109,Themba Mkhize,University of KwaZulu-Natal,Law,2,62.65,61.0,1,4,40,MEDIUM
NSFAS000110,Sibusiso Mokoena,University of the Free State,Science,2,57.61,77.0,1,4,0,LOW
NSFAS000111,Sipho Khumalo,North-West University,Education,2,72.91,91.0,0,5,0,LOW
NSFAS000112,Thabo Dlamini,University of Pretoria,Education,4,75.0,88.0,1,1,0,LOW
NSFAS000113,Busisiwe Mhlongo,North-West University,Education,3,40.0,20.0,3,3,100,HIGH
NSFAS000114,Mpho Nkosi,University of KwaZulu-Natal,Commerce,4,58.65,75.0,1,0,0,LOW
NSFAS000115,Kagiso Mkhize,University of the Witwatersrand,Education,3,40.0,51.0,3,2,100,HIGH
NSFAS000116,Mpho Mabaso,University of KwaZulu-Natal,Education,4,61.47,64.0,1,5,40,MEDIUM
NSFAS000117,Mpho Mahlangu,University of Cape Town,Law,2,75.0,77.0,1,1,0,LOW
NSFAS000118,Themba Mhlongo,North-West University,Engineering,2,75.0,95.0,0,3,0,LOW
NSFAS000119,Busisiwe Molefe,University of Stellenbosch,Science,1,40.0,22.0,3,5,100,HIGH
NSFAS000120,Phumzile Zulu,University of the Witwatersrand,Science,4,42.44,50.0,2,4,80,HIGH
NSFAS000121,Andile Mokoena,University of the Free State,Education,1,75.0,76.0,1,3,0,LOW
NSFAS000122,Mpho Mthembu,University of Johannesburg,Science,4,73.84,82.0,1,5,0,LOW
NSFAS000123,Nokuthula Mhlongo,University of Johannesburg,Commerce,1,30.0,40.0,3,4,100,HIGH
NSFAS000124,Zanele Nkosi,University of KwaZulu-Natal,Science,4,44.55,40.0,2,2,80,HIGH
NSFAS000125,Phumzile Mthethwa,University of KwaZulu-Natal,Commerce,2,45.02,26.0,4,0,100,HIGH
NSFAS000126,Nomsa Mokoena,University of Pretoria,Law,4,40.0,57.0,4,0,100,HIGH
NSFAS000127,Andile Mokoena,University of Stellenbosch,Commerce,2,40.0,38.0,2,0,80,HIGH
NSFAS000128,Zanele Mokoena,North-West University,Arts,1,65.27,83.0,1,3,0,LOW
NSFAS000129,Kagiso Mabaso,University of the Free State,Science,3,75.0,92.0,1,5,0,LOW
NSFAS000130,Kagiso Mokoena,University of Johannesburg,Law,3,49.0,22.0,2,2,80,HIGH
NSFAS000131,Zanele Mokoena,University of Cape Town,Commerce,4,65.66,85.0,1,2,0,LOW
NSFAS000132,Mpho Molefe,University of Stellenbosch,Education,2,71.67,84.0,0,2,0,LOW
NSFAS000133,Kagiso Ngcobo,University of Stellenbosch,Engineering,2,75.0,84.0,1,0,0,LOW
NSFAS000134,Busisiwe Mkhize,North-West University,Engineering,2,40.0,53.0,2,5,80,HIGH
NSFAS000135,Themba Nkosi,University of KwaZulu-Natal,Science,4,83.22,95.0,1,2,0,LOW
NSFAS000136,Zanele Nkosi,University of the Witwatersrand,Law,3,40.0,47.0,2,3,80,HIGH
NSFAS000137,Kagiso Mkhize,University of Johannesburg,Science,3,73.05,78.0,1,3,0,LOW
NSFAS000138,Kagiso Khumalo,University of the Free State,Law,1,40.0,65.0,2,4,80,HIGH
NSFAS000139,Nokuthula Dlamini,University of the Witwatersrand,Law,3,75.0,95.0,1,4,0,LOW
NSFAS000140,Lindiwe Zulu,University of the Witwatersrand,Science,1,43.67,43.0,1,4,80,HIGH
NSFAS000141,Lerato Mabaso,University of Johannesburg,Law,2,40.0,62.0,1,2,80,HIGH
NSFAS000142,Kagiso Mthethwa,University of KwaZulu-Natal,Law,2,73.68,95.0,0,0,0,LOW
NSFAS000143,Tshepo Ngcobo,University of Cape Town,Law,3,47.76,63.0,1,5,80,HIGH
NSFAS000144,Mpho Khumalo,University of KwaZulu-Natal,Law,3,57.83,69.0,1,3,40,MEDIUM
NSFAS000145,Lerato Mthethwa,North-West University,Law,3,30.0,30.0,3,2,100,HIGH
NSFAS000146,Nokuthula Zulu,University of Cape Town,Science,1,38.91,20.0,3,0,100,HIGH
NSFAS000147,Zanele Ngcobo,University of Johannesburg,Law,4,57.31,71.0,0,5,0,LOW
NSFAS000148,Busisiwe Ngcobo,University of Cape Town,Commerce,2,40.0,38.0,2,4,80,HIGH
NSFAS000149,Sibusiso Mahlangu,North-West University,Education,2,75.0,85.0,1,3,0,LOW
NSFAS000150,Lerato Mkhize,University of Pretoria,Arts,4,75.0,89.0,0,2,0,LOW
NSFAS000151,Andile Mahlangu,University of Pretoria,Commerce,2,40.0,35.0,2,0,80,HIGH
NSFAS000152,Zanele Mthembu,University of the Free State,Law,4,49.0,34.0,1,4,80,HIGH
NSFAS000153,Mpho Mhlongo,University of Johannesburg,Education,4,40.0,30.0,4,1,100,HIGH
NSFAS000154,Mpho Mokoena,North-West University,Science,4,61.2,80.0,0,1,0,LOW
NSFAS000155,Sipho Mhlongo,University of KwaZulu-Natal,Commerce,1,75.0,87.0,1,4,0,LOW
NSFAS000156,Lindiwe Zulu,North-West University,Commerce,1,57.86,55.0,4,0,60,HIGH
NSFAS000157,Kagiso Nkosi,University of the Free State,Education,2,40.0,60.0,2,2,80,HIGH
NSFAS000158,Nomsa Molefe,University of Pretoria,Science,4,70.57,80.0,0,5,0,LOW
NSFAS000159,Phumzile Dlamini,University of KwaZulu-Natal,Arts,3,68.97,83.0,0,2,0,LOW
NSFAS000160,Sibusiso Mthethwa,University of Pretoria,Law,2,75.0,95.0,1,1,0,LOW
NSFAS000161,Thabo Dlamini,University of KwaZulu-Natal,Engineering,1,62.35,71.0,0,5,0,LOW
NSFAS000162,Phumzile Mokoena,University of Stellenbosch,Engineering,4,30.0,24.0,1,1,80,HIGH
NSFAS000163,Andile Mkhize,University of Stellenbosch,Education,4,75.0,95.0,0,1,0,LOW
NSFAS000164,Phumzile Mkhize,University of the Witwatersrand,Education,4,40.0,27.0,3,2,100,HIGH
NSFAS000165,Lerato Mabaso,University of Cape Town,Education,4,49.0,57.0,1,4,80,HIGH
NSFAS000166,Sibusiso Zulu,University of Johannesburg,Science,1,51.4,63.0,0,4,40,MEDIUM
NSFAS000167,Nomsa Mahlangu,University of the Witwatersrand,Commerce,4,40.0,64.0,3,0,100,HIGH
NSFAS000168,Lerato Mthethwa,University of Stellenbosch,Arts,2,47.93,50.0,2,4,80,HIGH
NSFAS000169,Tshepo Nkosi,University of the Free State,Arts,2,56.88,77.0,0,1,0,LOW
NSFAS000170,Busisiwe Mthembu,University of Pretoria,Arts,2,49.0,39.0,2,0,80,HIGH
NSFAS000171,Kagiso Mabaso,University of KwaZulu-Natal,Engineering,3,78.85,77.0,0,2,0,LOW
NSFAS000172,Sibusiso Mhlongo,University of KwaZulu-Natal,Arts,1,40.0,46.0,2,5,80,HIGH
NSFAS000173,Busisiwe Mkhize,University of the Witwatersrand,Arts,3,30.0,47.0,2,3,80,HIGH
NSFAS000174,Tshepo Dlamini,University of Pretoria,Science,2,52.85,81.0,0,5,0,LOW
NSFAS000175,Zanele Ngcobo,University of Stellenbosch,Engineering,3,30.0,53.0,2,0,80,HIGH
NSFAS000176,Nomsa Mkhize,University of the Witwatersrand,Arts,4,40.0,58.0,1,2,80,HIGH
NSFAS000177,Sibusiso Mhlongo,University of the Witwatersrand,Education,4,40.0,35.0,3,0,100,HIGH
NSFAS000178,Tshepo Khumalo,University of Pretoria,Education,4,40.0,58.0,2,5,80,HIGH
NSFAS000179,Themba Dlamini,North-West University,Arts,3,40.0,45.0,1,4,80,HIGH
NSFAS000180,Lerato Mahlangu,University of the Free State,Science,1,30.0,51.0,4,1,100,HIGH
NSFAS000181,Nokuthula Mthethwa,North-West University,Arts,4,75.0,95.0,0,4,0,LOW
NSFAS000182,Kagiso Mhlongo,University of Pretoria,Commerce,2,40.0,39.0,4,2,100,HIGH
NSFAS000183,Kagiso Ngcobo,University of Johannesburg,Arts,1,48.38,41.0,1,5,80,HIGH
NSFAS000184,Sibusiso Mabaso,University of the Free State,Education,2,75.0,95.0,0,2,0,LOW
NSFAS000185,Nomsa Mahlangu,University of the Free State,Engineering,4,40.0,56.0,4,0,100,HIGH
NSFAS000186,Phumzile Mthethwa,University of Cape Town,Law,4,40.19,48.0,3,1,100,HIGH
NSFAS000187,Lindiwe Mokoena,University of Pretoria,Arts,3,30.0,59.0,2,2,80,HIGH
NSFAS000188,Themba Mthethwa,University of the Witwatersrand,Commerce,1,65.64,55.0,2,0,40,MEDIUM
NSFAS000189,Lerato Mahlangu,University of KwaZulu-Natal,Commerce,3,40.0,33.0,1,2,80,HIGH
NSFAS000190,Sibusiso Mhlongo,University of Pretoria,Commerce,2,40.0,41.0,4,2,100,HIGH
NSFAS000191,Nomsa Mthembu,University of Pretoria,Science,1,46.45,36.0,3,3,100,HIGH
NSFAS000192,Nokuthula Mkhize,North-West University,Education,2,88.07,93.0,1,5,0,LOW
NSFAS000193,Nokuthula Mokoena,University of Cape Town,Education,2,42.77,53.0,4,3,100,HIGH
NSFAS000194,Sipho Dlamini,University of the Free State,Law,1,45.74,64.0,1,3,80,HIGH
NSFAS000195,Sibusiso Mabaso,University of the Witwatersrand,Science,1,71.05,85.0,1,3,0,LOW
NSFAS000196,Busisiwe Mhlongo,University of the Free State,Commerce,1,75.0,94.0,1,4,0,LOW
NSFAS000197,Kagiso Ngcobo,University of Cape Town,Arts,2,57.18,76.0,1,4,0,LOW
NSFAS000198,Tshepo Mthethwa,University of the Free State,Engineering,4,40.0,41.0,2,1,80,HIGH
NSFAS000199,Tshepo Ngcobo,University of Johannesburg,Engineering,1,30.0,64.0,2,1,80,HIGH
NSFAS000200,Sipho Mokoena,University of Johannesburg,Engineering,2,51.72,84.0,0,3,0,LOW
NSFAS000201,Themba Mahlangu,University of the Free State,Engineering,2,40.0,46.0,2,4,80,HIGH
NSFAS000202,Nomsa Dlamini,University of Johannesburg,Education,3,72.14,85.0,1,2,0,LOW
NSFAS000203,Andile Mhlongo,University of the Witwatersrand,Commerce,1,42.43,25.0,1,1,80,HIGH
NSFAS000204,Sipho Molefe,University of the Witwatersrand,Science,1,56.85,74.0,1,3,0,LOW
NSFAS000205,Andile Molefe,North-West University,Commerce,3,40.0,24.0,4,2,100,HIGH
NSFAS000206,Sibusiso Mkhize,University of the Free State,Education,2,40.0,47.0,4,2,100,HIGH
NSFAS000207,Andile Nkosi,University of Cape Town,Engineering,1,47.8,43.0,4,4,100,HIGH
NSFAS000208,Themba Ngcobo,University of KwaZulu-Natal,Commerce,2,68.32,77.0,1,3,0,LOW
NSFAS000209,Mpho Ngcobo,North-West University,Arts,3,42.72,33.0,1,3,80,HIGH
NSFAS000210,Kagiso Mhlongo,University of KwaZulu-Natal,Commerce,2,40.0,26.0,1,1,80,HIGH
NSFAS000211,Kagiso Khumalo,University of the Free State,Engineering,3,30.0,56.0,2,1,80,HIGH
NSFAS000212,Tshepo Nkosi,University of Cape Town,Education,1,70.04,80.0,1,5,0,LOW
NSFAS000213,Themba Molefe,University of Cape Town,Law,4,58.97,55.0,4,5,60,HIGH
NSFAS000214,Sibusiso Mthethwa,University of Johannesburg,Engineering,3,40.0,28.0,3,5,100,HIGH
NSFAS000215,Sibusiso Khumalo,North-West University,Law,3,53.59,69.0,0,4,40,MEDIUM
NSFAS000216,Lerato Mthethwa,University of the Free State,Science,3,69.14,55.0,1,3,40,MEDIUM
NSFAS000217,Sipho Mthethwa,University of KwaZulu-Natal,Education,3,75.0,85.0,0,3,0,LOW
NSFAS000218,Sibusiso Dlamini,University of Johannesburg,Education,1,72.38,82.0,1,0,0,LOW
NSFAS000219,Tshepo Mahlangu,University of the Witwatersrand,Education,2,40.0,31.0,4,4,100,HIGH
NSFAS000220,Kagiso Mokoena,University of KwaZulu-Natal,Law,4,30.0,43.0,4,1,100,HIGH
NSFAS000221,Lindiwe Mkhize,University of the Free State,Engineering,3,64.2,77.0,0,0,0,LOW
NSFAS000222,Andile Mhlongo,University of Johannesburg,Commerce,2,40.0,47.0,2,4,80,HIGH
NSFAS000223,Nokuthula Molefe,University of Pretoria,Arts,3,40.0,33.0,2,2,80,HIGH
NSFAS000224,Andile Dlamini,University of Stellenbosch,Arts,1,66.18,64.0,1,4,40,MEDIUM
NSFAS000225,Tshepo Khumalo,University of the Witwatersrand,Engineering,2,44.89,60.0,4,5,100,HIGH
NSFAS000226,Tshepo Mthethwa,University of Cape Town,Education,3,75.0,92.0,1,2,0,LOW
NSFAS000227,Themba Mahlangu,University of Stellenbosch,Arts,3,70.15,0.0,1,0,40,MEDIUM
NSFAS000228,Nokuthula Ngcobo,University of the Witwatersrand,Arts,1,70.84,94.0,1,0,0,LOW
NSFAS000229,Themba Mthethwa,University of the Free State,Education,4,33.88,23.0,3,5,100,HIGH
NSFAS000230,Nomsa Mahlangu,University of Johannesburg,Education,2,70.01,91.0,0,1,0,LOW
NSFAS000231,Lindiwe Dlamini,University of Stellenbosch,Commerce,3,40.85,22.0,4,5,100,HIGH
NSFAS000232,Lerato Dlamini,University of Stellenbosch,Engineering,4,95.0,78.0,0,5,0,LOW
NSFAS000233,Thabo Mthembu,University of Johannesburg,Education,3,40.0,42.0,4,2,100,HIGH
NSFAS000234,Thabo Mokoena,University of the Witwatersrand,Arts,4,75.0,91.0,0,2,0,LOW
NSFAS000235,Sipho Nkosi,University of KwaZulu-Natal,Commerce,1,40.0,38.0,4,1,100,HIGH
NSFAS000236,Phumzile Nkosi,University of Johannesburg,Arts,3,62.99,62.0,0,4,40,MEDIUM
NSFAS000237,Phumzile Molefe,University of Cape Town,Engineering,2,40.0,61.0,1,3,80,HIGH
NSFAS000238,Themba Mabaso,University of Johannesburg,Education,1,51.86,78.0,1,5,0,LOW
NSFAS000239,Nomsa Mthembu,University of Stellenbosch,Commerce,3,40.0,47.0,4,0,100,HIGH
NSFAS000240,Andile Zulu,University of the Free State,Education,4,40.0,61.0,3,0,100,HIGH
NSFAS000241,Tshepo Mokoena,University of KwaZulu-Natal,Arts,2,40.0,57.0,1,0,80,HIGH
NSFAS000242,Busisiwe Nkosi,North-West University,Engineering,1,75.0,90.0,0,4,0,LOW
NSFAS000243,Lindiwe Mhlongo,University of the Free State,Arts,2,49.0,62.0,1,0,80,HIGH
NSFAS000244,Mpho Mthethwa,University of the Free State,Arts,1,75.0,81.0,1,4,0,LOW
NSFAS000245,Kagiso Dlamini,University of the Free State,Engineering,3,56.67,70.0,0,0,0,LOW
NSFAS000246,Thabo Zulu,University of Johannesburg,Science,2,74.94,0.0,1,0,40,MEDIUM
NSFAS000247,Lindiwe Khumalo,University of Johannesburg,Law,3,40.0,51.0,4,1,100,HIGH
NSFAS000248,Sibusiso Nkosi,North-West University,Engineering,3,75.0,91.0,0,4,0,LOW
NSFAS000249,Themba Nkosi,University of the Free State,Arts,2,75.0,76.0,0,4,0,LOW
NSFAS000250,Thabo Khumalo,University of Stellenbosch,Law,1,75.0,90.0,0,1,0,LOW
NSFAS000251,Lerato Khumalo,University of Pretoria,Arts,3,41.58,52.0,3,1,100,HIGH
NSFAS000252,Phumzile Mhlongo,University of KwaZulu-Natal,Commerce,2,58.72,55.0,3,5,60,HIGH
NSFAS000253,Sibusiso Mahlangu,University of the Free State,Commerce,4,75.0,95.0,0,3,0,LOW
NSFAS000254,Zanele Khumalo,University of KwaZulu-Natal,Law,2,40.0,34.0,2,0,80,HIGH
NSFAS000255,Lerato Ngcobo,University of Pretoria,Arts,2,55.75,57.0,2,2,40,MEDIUM
NSFAS000256,Themba Ngcobo,University of Cape Town,Law,1,75.0,76.0,0,0,0,LOW
NSFAS000257,Lindiwe Mahlangu,University of the Witwatersrand,Science,3,40.0,35.0,2,2,80,HIGH
NSFAS000258,Mpho Mhlongo,University of the Free State,Education,3,42.2,62.0,2,3,80,HIGH
NSFAS000259,Tshepo Mthethwa,North-West University,Law,2,40.0,0.0,4,5,100,HIGH
NSFAS000260,Sibusiso Molefe,University of KwaZulu-Natal,Science,2,41.58,42.0,2,3,80,HIGH
NSFAS000261,Nokuthula Mabaso,University of KwaZulu-Natal,Commerce,3,30.0,61.0,3,3,100,HIGH
NSFAS000262,Andile Dlamini,University of Cape Town,Arts,4,40.0,46.0,2,0,80,HIGH
NSFAS000263,Tshepo Khumalo,University of Johannesburg,Commerce,1,75.0,89.0,0,5,0,LOW
NSFAS000264,Sipho Molefe,North-West University,Engineering,1,30.0,30.0,2,5,80,HIGH
NSFAS000265,Zanele Mthembu,University of Cape Town,Engineering,2,40.0,24.0,2,3,80,HIGH
NSFAS000266,Themba Molefe,University of KwaZulu-Natal,Commerce,2,40.0,58.0,3,5,100,HIGH
NSFAS000267,Zanele Mthembu,University of the Witwatersrand,Law,3,40.0,32.0,3,5,100,HIGH
NSFAS000268,Themba Mokoena,University of the Free State,Arts,2,42.56,57.0,4,3,100,HIGH
NSFAS000269,Mpho Mthethwa,University of Stellenbosch,Commerce,2,59.94,59.0,4,3,60,HIGH
NSFAS000270,Tshepo Dlamini,University of KwaZulu-Natal,Education,4,75.0,77.0,0,4,0,LOW
NSFAS000271,Sipho Mhlongo,University of Cape Town,Arts,4,30.0,29.0,4,2,100,HIGH
NSFAS000272,Tshepo Mhlongo,University of the Witwatersrand,Science,1,49.0,63.0,1,4,80,HIGH
NSFAS000273,Nokuthula Molefe,North-West University,Science,3,40.0,0.0,2,0,80,HIGH
NSFAS000274,Lindiwe Mahlangu,University of the Free State,Engineering,2,49.0,26.0,3,2,100,HIGH
NSFAS000275,Tshepo Ngcobo,University of Cape Town,Law,2,40.0,35.0,1,0,80,HIGH
NSFAS000276,Mpho Molefe,University of the Free State,Education,1,40.0,60.0,3,5,100,HIGH
NSFAS000277,Nokuthula Mhlongo,University of KwaZulu-Natal,Law,1,75.0,95.0,0,5,0,LOW
NSFAS000278,Tshepo Mahlangu,University of Stellenbosch,Law,4,40.0,32.0,1,1,80,HIGH
NSFAS000279,Mpho Mthethwa,University of the Free State,Engineering,3,49.0,45.0,3,5,100,HIGH
NSFAS000280,Nokuthula Mhlongo,University of Cape Town,Education,1,40.0,28.0,4,5,100,HIGH
NSFAS000281,Thabo Dlamini,University of Pretoria,Arts,3,57.59,57.0,4,1,60,HIGH
NSFAS000282,Mpho Mabaso,North-West University,Education,4,40.0,32.0,2,0,80,HIGH
NSFAS000283,Tshepo Mokoena,University of Johannesburg,Commerce,3,75.0,90.0,1,1,0,LOW
NSFAS000284,Themba Zulu,University of the Witwatersrand,Commerce,3,55.31,56.0,2,2,40,MEDIUM
NSFAS000285,Busisiwe Mabaso,North-West University,Arts,2,30.0,37.0,1,2,80,HIGH
NSFAS000286,Phumzile Khumalo,North-West University,Engineering,3,40.0,51.0,2,4,80,HIGH
NSFAS000287,Themba Mokoena,University of Johannesburg,Education,2,43.85,33.0,1,4,80,HIGH
NSFAS000288,Phumzile Khumalo,University of KwaZulu-Natal,Arts,4,40.0,26.0,4,0,100,HIGH
NSFAS000289,Tshepo Mthethwa,University of KwaZulu-Natal,Engineering,2,40.0,34.0,1,5,80,HIGH
NSFAS000290,Sibusiso Mthethwa,University of Stellenbosch,Science,1,68.16,67.0,0,5,40,MEDIUM
NSFAS000291,Nokuthula Zulu,University of Stellenbosch,Arts,2,64.22,78.0,0,3,0,LOW
NSFAS000292,Lerato Ngcobo,University of the Free State,Commerce,4,40.0,62.0,4,5,100,HIGH
NSFAS000293,Sipho Mokoena,University of the Free State,Education,1,46.83,64.0,0,3,80,HIGH
NSFAS000294,Nokuthula Ngcobo,University of KwaZulu-Natal,Commerce,1,75.0,86.0,0,1,0,LOW
NSFAS000295,Andile Mabaso,University of the Free State,Education,2,49.0,55.0,2,2,80,HIGH
NSFAS000296,Sibusiso Mahlangu,University of Pretoria,Arts,3,40.0,27.0,4,2,100,HIGH
NSFAS000297,Phumzile Mabaso,University of the Free State,Law,4,40.0,31.0,4,1,100,HIGH
NSFAS000298,Zanele Mokoena,University of the Witwatersrand,Law,1,62.66,69.0,1,5,40,MEDIUM
NSFAS000299,Phumzile Mokoena,University of Johannesburg,Arts,2,30.0,41.0,4,2,100,HIGH
NSFAS000300,Lerato Molefe,University of KwaZulu-Natal,Arts,1,40.0,54.0,3,1,100,HIGH
NSFAS000301,Phumzile Dlamini,University of Johannesburg,Law,1,40.0,35.0,1,2,80,HIGH
NSFAS000302,Themba Mkhize,North-West University,Arts,2,54.46,61.0,0,2,40,MEDIUM
NSFAS000303,Nomsa Mkhize,University of Pretoria,Arts,2,30.0,28.0,2,0,80,HIGH
NSFAS000304,Kagiso Molefe,University of Johannesburg,Law,2,30.0,46.0,4,1,100,HIGH
NSFAS000305,Nomsa Mahlangu,University of Johannesburg,Commerce,4,75.0,95.0,0,0,0,LOW
NSFAS000306,Lerato Mthethwa,North-West University,Engineering,3,40.0,38.0,3,3,100,HIGH
NSFAS000307,Andile Zulu,University of KwaZulu-Natal,Science,3,30.0,55.0,2,2,80,HIGH
NSFAS000308,Busisiwe Dlamini,University of Cape Town,Law,2,58.96,68.0,1,1,40,MEDIUM
NSFAS000309,Sipho Khumalo,University of KwaZulu-Natal,Education,4,47.72,65.0,0,4,80,HIGH
NSFAS000310,Thabo Nkosi,University of Pretoria,Education,3,44.38,48.0,4,5,100,HIGH
NSFAS000311,Andile Mahlangu,University of Stellenbosch,Arts,2,73.24,93.0,0,3,0,LOW
NSFAS000312,Andile Ngcobo,University of Stellenbosch,Education,2,30.0,53.0,1,4,80,HIGH
NSFAS000313,Nomsa Mkhize,University of Stellenbosch,Engineering,4,49.58,57.0,2,2,80,HIGH
NSFAS000314,Mpho Molefe,University of Stellenbosch,Science,2,52.92,78.0,0,5,0,LOW
NSFAS000315,Kagiso Molefe,North-West University,Commerce,4,67.41,84.0,1,2,0,LOW
NSFAS000316,Lerato Mahlangu,University of Cape Town,Law,3,49.0,23.0,3,4,100,HIGH
NSFAS000317,Kagiso Mabaso,University of Pretoria,Commerce,3,40.5,51.0,4,5,100,HIGH
NSFAS000318,Lindiwe Mhlongo,University of KwaZulu-Natal,Law,3,49.0,45.0,2,4,80,HIGH
NSFAS000319,Sibusiso Molefe,University of Pretoria,Education,1,63.52,55.0,2,5,40,MEDIUM
NSFAS000320,Themba Zulu,University of Pretoria,Engineering,1,43.4,48.0,4,0,100,HIGH
NSFAS000321,Nomsa Mokoena,University of the Witwatersrand,Education,2,40.0,47.0,4,4,100,HIGH
NSFAS000322,Kagiso Mokoena,University of the Witwatersrand,Commerce,4,49.0,33.0,1,4,80,HIGH
NSFAS000323,Mpho Nkosi,University of Pretoria,Law,2,75.0,93.0,0,0,0,LOW
NSFAS000324,Themba Mahlangu,University of the Free State,Engineering,4,30.0,51.0,2,2,80,HIGH
NSFAS000325,Themba Dlamini,University of Johannesburg,Engineering,1,40.0,58.0,3,3,100,HIGH
NSFAS000326,Lindiwe Molefe,University of the Witwatersrand,Arts,4,70.83,0.0,1,1,40,MEDIUM
NSFAS000327,Nokuthula Mthembu,University of Stellenbosch,Engineering,2,40.0,37.0,3,4,100,HIGH
NSFAS000328,Lindiwe Mhlongo,North-West University,Engineering,4,75.0,95.0,1,2,0,LOW
NSFAS000329,Tshepo Mthethwa,University of the Free State,Science,2,40.0,56.0,3,1,100,HIGH
NSFAS000330,Kagiso Mthembu,University of Cape Town,Arts,3,51.3,66.0,1,1,40,MEDIUM
NSFAS000331,Nomsa Mhlongo,University of KwaZulu-Natal,Education,1,70.0,55.0,4,2,60,HIGH
NSFAS000332,Lerato Nkosi,University of KwaZulu-Natal,Commerce,1,75.0,76.0,1,1,0,LOW
NSFAS000333,Lindiwe Nkosi,University of Cape Town,Education,1,40.0,37.0,2,1,80,HIGH
NSFAS000334,Phumzile Molefe,University of Stellenbosch,Arts,2,73.16,95.0,1,3,0,LOW
NSFAS000335,Kagiso Mabaso,University of Johannesburg,Education,3,64.1,57.0,4,1,60,HIGH
NSFAS000336,Lindiwe Mkhize,University of KwaZulu-Natal,Arts,1,40.0,0.0,4,4,100,HIGH
NSFAS000337,Lerato Mahlangu,University of KwaZulu-Natal,Arts,2,51.91,61.0,1,1,40,MEDIUM
NSFAS000338,Tshepo Mthembu,University of Cape Town,Commerce,3,46.83,26.0,1,4,80,HIGH
NSFAS000339,Sipho Nkosi,University of KwaZulu-Natal,Law,3,42.66,48.0,3,4,100,HIGH
NSFAS000340,Sipho Mabaso,University of the Free State,Science,3,40.0,22.0,2,1,80,HIGH
NSFAS000341,Andile Ngcobo,North-West University,Arts,4,40.0,61.0,4,3,100,HIGH
NSFAS000342,Sipho Molefe,University of KwaZulu-Natal,Arts,3,95.0,95.0,1,0,0,LOW
NSFAS000343,Andile Ngcobo,University of Pretoria,Law,4,40.0,25.0,4,5,100,HIGH
NSFAS000344,Zanele Mokoena,University of Johannesburg,Engineering,3,30.0,22.0,2,2,80,HIGH
NSFAS000345,Busisiwe Mabaso,University of Cape Town,Commerce,3,40.0,51.0,3,2,100,HIGH
NSFAS000346,Sibusiso Dlamini,University of Johannesburg,Commerce,1,58.63,68.0,1,5,40,MEDIUM
NSFAS000347,Andile Mabaso,North-West University,Engineering,2,50.05,81.0,1,3,0,LOW
NSFAS000348,Themba Khumalo,University of the Witwatersrand,Engineering,2,57.24,56.0,2,2,40,MEDIUM
NSFAS000349,Phumzile Mthembu,North-West University,Arts,4,62.26,78.0,0,0,0,LOW
NSFAS000350,Lindiwe Mokoena,North-West University,Engineering,2,55.1,61.0,1,0,40,MEDIUM
NSFAS000351,Mpho Mthembu,University of KwaZulu-Natal,Commerce,2,75.0,95.0,1,5,0,LOW
NSFAS000352,Themba Nkosi,University of the Free State,Arts,3,30.88,38.0,2,5,80,HIGH
NSFAS000353,Sibusiso Mabaso,North-West University,Law,3,30.0,27.0,1,2,80,HIGH
NSFAS000354,Sibusiso Mthembu,North-West University,Law,4,40.0,20.0,4,3,100,HIGH
NSFAS000355,Busisiwe Mthethwa,University of Pretoria,Arts,4,61.07,83.0,0,3,0,LOW
NSFAS000356,Nomsa Mkhize,University of Johannesburg,Engineering,3,40.0,57.0,1,5,80,HIGH
NSFAS000357,Mpho Nkosi,University of Cape Town,Engineering,3,40.0,54.0,4,1,100,HIGH
NSFAS000358,Tshepo Zulu,University of Johannesburg,Arts,1,47.86,40.0,2,3,80,HIGH
NSFAS000359,Zanele Ngcobo,University of the Free State,Science,3,33.13,22.0,1,1,80,HIGH
NSFAS000360,Thabo Mkhize,North-West University,Education,2,30.98,55.0,1,4,80,HIGH
NSFAS000361,Nokuthula Mabaso,North-West University,Education,4,75.0,95.0,0,4,0,LOW
NSFAS000362,Mpho Mthembu,University of KwaZulu-Natal,Science,3,75.0,78.0,1,4,0,LOW
NSFAS000363,Phumzile Mthembu,University of the Free State,Commerce,1,42.25,41.0,3,4,100,HIGH
NSFAS000364,Lindiwe Nkosi,North-West University,Engineering,4,40.0,34.0,1,3,80,HIGH
NSFAS000365,Andile Molefe,University of KwaZulu-Natal,Law,3,53.81,70.0,1,0,0,LOW
NSFAS000366,Busisiwe Khumalo,University of the Free State,Engineering,4,57.76,73.0,1,2,0,LOW
NSFAS000367,Busisiwe Mahlangu,North-West University,Arts,1,63.75,72.0,0,2,0,LOW
NSFAS000368,Zanele Dlamini,North-West University,Education,3,75.0,77.0,1,5,0,LOW
NSFAS000369,Kagiso Mokoena,University of Johannesburg,Law,1,55.78,80.0,0,5,0,LOW
NSFAS000370,Mpho Mabaso,University of Johannesburg,Commerce,2,53.28,78.0,0,1,0,LOW
NSFAS000371,Sipho Mkhize,University of the Free State,Science,3,58.33,82.0,0,4,0,LOW
NSFAS000372,Tshepo Mhlongo,University of KwaZulu-Natal,Arts,3,60.4,68.0,0,2,40,MEDIUM
NSFAS000373,Nokuthula Mthethwa,University of Stellenbosch,Engineering,3,52.14,81.0,0,0,0,LOW
NSFAS000374,Tshepo Mthethwa,University of Cape Town,Science,1,75.0,79.0,0,4,0,LOW
NSFAS000375,Themba Mabaso,University of Pretoria,Engineering,4,70.21,83.0,0,1,0,LOW
NSFAS000376,Nokuthula Mabaso,University of Pretoria,Engineering,3,46.95,38.0,2,4,80,HIGH
NSFAS000377,Tshepo Mthembu,North-West University,Science,4,40.0,57.0,4,4,100,HIGH
NSFAS000378,Themba Zulu,North-West University,Commerce,3,42.4,39.0,2,1,80,HIGH
NSFAS000379,Nokuthula Dlamini,University of KwaZulu-Natal,Commerce,3,75.0,81.0,0,1,0,LOW
NSFAS000380,Nokuthula Mthethwa,University of Johannesburg,Education,3,40.19,38.0,4,0,100,HIGH
NSFAS000381,Lerato Ngcobo,University of the Witwatersrand,Science,2,31.58,52.0,2,4,80,HIGH
NSFAS000382,Sipho Mthethwa,University of the Witwatersrand,Science,2,40.0,47.0,4,1,100,HIGH
NSFAS000383,Thabo Mthembu,University of Pretoria,Science,1,62.19,85.0,1,5,0,LOW
NSFAS000384,Lerato Mkhize,University of Stellenbosch,Education,3,30.0,36.0,4,0,100,HIGH
NSFAS000385,Mpho Mokoena,University of Johannesburg,Education,4,36.95,45.0,1,1,80,HIGH
NSFAS000386,Thabo Mthembu,University of Stellenbosch,Law,3,75.0,82.0,0,3,0,LOW
NSFAS000387,Nokuthula Dlamini,University of Stellenbosch,Engineering,2,69.44,71.0,1,1,0,LOW
NSFAS000388,Themba Nkosi,North-West University,Law,1,47.05,0.0,2,2,80,HIGH
NSFAS000389,Themba Mokoena,University of Pretoria,Law,1,30.0,35.0,1,4,80,HIGH
NSFAS000390,Lindiwe Mabaso,University of KwaZulu-Natal,Arts,4,50.57,58.0,1,0,40,MEDIUM
NSFAS000391,Mpho Mkhize,University of Pretoria,Education,4,44.14,55.0,3,3,100,HIGH
NSFAS000392,Phumzile Mabaso,University of KwaZulu-Natal,Law,3,75.0,88.0,0,5,0,LOW
NSFAS000393,Busisiwe Dlamini,University of KwaZulu-Natal,Science,1,30.0,41.0,1,5,80,HIGH
NSFAS000394,Lerato Nkosi,University of Stellenbosch,Law,3,40.0,62.0,3,5,100,HIGH
NSFAS000395,Sipho Khumalo,University of Johannesburg,Engineering,2,49.77,61.0,1,4,80,HIGH
NSFAS000396,Sipho Mabaso,University of the Free State,Arts,1,40.0,28.0,4,0,100,HIGH
NSFAS000397,Lerato Mthembu,University of the Free State,Education,4,40.0,24.0,4,2,100,HIGH
NSFAS000398,Phumzile Mthethwa,North-West University,Commerce,3,40.0,27.0,2,4,80,HIGH
NSFAS000399,Nokuthula Mthethwa,University of Cape Town,Commerce,2,30.0,20.0,1,3,80,HIGH
NSFAS000400,Lerato Mthethwa,University of Cape Town,Education,2,46.48,21.0,2,5,80,HIGH
NSFAS000401,Nokuthula Ngcobo,University of the Free State,Law,4,56.39,84.0,1,5,0,LOW
NSFAS000402,Nokuthula Molefe,University of Cape Town,Commerce,2,30.0,26.0,1,1,80,HIGH
NSFAS000403,Thabo Zulu,University of Cape Town,Law,2,40.0,40.0,2,1,80,HIGH
NSFAS000404,Nomsa Mkhize,University of the Witwatersrand,Arts,2,30.0,49.0,4,3,100,HIGH
NSFAS000405,Andile Mthembu,North-West University,Education,4,46.92,60.0,0,0,80,HIGH
NSFAS000406,Nomsa Molefe,University of KwaZulu-Natal,Arts,3,72.0,76.0,0,4,0,LOW
NSFAS000407,Andile Mokoena,University of Stellenbosch,Commerce,2,75.0,91.0,0,1,0,LOW
NSFAS000408,Thabo Ngcobo,University of Johannesburg,Science,1,72.69,95.0,0,5,0,LOW
NSFAS000409,Sibusiso Nkosi,University of the Witwatersrand,Law,1,40.0,42.0,3,0,100,HIGH
NSFAS000410,Themba Mhlongo,University of the Free State,Engineering,4,30.0,62.0,1,4,80,HIGH
NSFAS000411,Lindiwe Mahlangu,University of the Free State,Commerce,2,40.0,55.0,3,1,100,HIGH
NSFAS000412,Lindiwe Mahlangu,University of KwaZulu-Natal,Commerce,4,40.0,56.0,4,4,100,HIGH
NSFAS000413,Kagiso Mabaso,University of the Free State,Arts,3,49.0,64.0,0,1,80,HIGH
NSFAS000414,Lerato Khumalo,University of Cape Town,Commerce,1,43.35,51.0,4,1,100,HIGH
NSFAS000415,Nomsa Mabaso,University of Stellenbosch,Commerce,4,40.0,65.0,4,5,100,HIGH
NSFAS000416,Phumzile Mokoena,University of the Free State,Engineering,4,62.14,62.0,1,2,40,MEDIUM
NSFAS000417,Kagiso Mthethwa,University of KwaZulu-Natal,Law,4,52.11,78.0,0,1,0,LOW
NSFAS000418,Lerato Molefe,University of the Witwatersrand,Arts,1,47.16,34.0,3,3,100,HIGH
NSFAS000419,Busisiwe Zulu,University of Pretoria,Commerce,4,47.24,47.0,4,3,100,HIGH
NSFAS000420,Andile Mabaso,University of the Witwatersrand,Commerce,1,56.9,66.0,1,3,40,MEDIUM
NSFAS000421,Sibusiso Mahlangu,University of Stellenbosch,Education,4,40.0,52.0,3,0,100,HIGH
NSFAS000422,Andile Mthethwa,University of the Free State,Engineering,2,75.0,80.0,0,4,0,LOW
NSFAS000423,Lerato Mokoena,University of Pretoria,Law,4,56.28,60.0,0,4,40,MEDIUM
NSFAS000424,Nomsa Mokoena,University of Stellenbosch,Law,3,41.52,60.0,1,1,80,HIGH
NSFAS000425,Nomsa Zulu,University of Stellenbosch,Arts,4,75.0,79.0,0,4,0,LOW
NSFAS000426,Mpho Mabaso,University of the Witwatersrand,Education,4,40.0,42.0,4,1,100,HIGH
NSFAS000427,Sipho Mahlangu,North-West University,Law,4,56.77,0.0,1,2,40,MEDIUM
NSFAS000428,Tshepo Zulu,University of Cape Town,Science,3,57.73,81.0,0,3,0,LOW
NSFAS000429,Themba Dlamini,University of Johannesburg,Law,2,53.29,62.0,0,1,40,MEDIUM
NSFAS000430,Andile Mahlangu,University of the Witwatersrand,Education,3,40.0,38.0,4,4,100,HIGH
NSFAS000431,Thabo Molefe,University of KwaZulu-Natal,Arts,4,40.0,30.0,2,1,80,HIGH
NSFAS000432,Sipho Nkosi,North-West University,Commerce,2,46.11,57.0,1,2,80,HIGH
NSFAS000433,Sipho Molefe,University of the Free State,Law,2,40.0,65.0,1,3,80,HIGH
NSFAS000434,Tshepo Mabaso,North-West University,Law,3,40.0,56.0,4,1,100,HIGH
NSFAS000435,Mpho Mhlongo,North-West University,Commerce,1,75.0,95.0,0,2,0,LOW
NSFAS000436,Tshepo Mhlongo,University of the Witwatersrand,Engineering,4,74.94,83.0,1,2,0,LOW
NSFAS000437,Sipho Nkosi,University of KwaZulu-Natal,Law,3,84.61,79.0,0,0,0,LOW
NSFAS000438,Sipho Mthembu,University of Cape Town,Engineering,1,40.0,47.0,3,1,100,HIGH
NSFAS000439,Sipho Ngcobo,University of Cape Town,Arts,3,42.19,44.0,1,1,80,HIGH
NSFAS000440,Nokuthula Mkhize,University of KwaZulu-Natal,Law,4,41.36,30.0,3,0,100,HIGH
NSFAS000441,Lindiwe Mahlangu,North-West University,Engineering,3,49.0,25.0,1,2,80,HIGH
NSFAS000442,Busisiwe Mthethwa,University of Pretoria,Education,3,40.0,30.0,2,5,80,HIGH
NSFAS000443,Nokuthula Zulu,University of Stellenbosch,Commerce,4,75.0,95.0,0,1,0,LOW
NSFAS000444,Andile Mhlongo,North-West University,Arts,3,63.67,83.0,1,3,0,LOW
NSFAS000445,Mpho Mthethwa,University of Stellenbosch,Arts,4,60.08,69.0,1,0,40,MEDIUM
NSFAS000446,Kagiso Mthembu,University of the Free State,Science,1,43.33,40.0,3,0,100,HIGH
NSFAS000447,Sibusiso Molefe,University of Pretoria,Education,1,40.0,25.0,4,5,100,HIGH
NSFAS000448,Zanele Mkhize,University of the Witwatersrand,Science,2,71.91,83.0,1,5,0,LOW
NSFAS000449,Busisiwe Mkhize,University of Johannesburg,Arts,2,75.0,95.0,0,3,0,LOW
NSFAS000450,Andile Mahlangu,University of Stellenbosch,Law,4,75.0,78.0,0,3,0,LOW
NSFAS000451,Lindiwe Mokoena,University of Stellenbosch,Commerce,1,49.34,57.0,1,1,80,HIGH
NSFAS000452,Kagiso Mokoena,University of Johannesburg,Education,4,40.0,26.0,3,1,100,HIGH
NSFAS000453,Mpho Mthembu,University of the Witwatersrand,Engineering,3,61.77,55.0,4,3,60,HIGH
NSFAS000454,Sibusiso Mkhize,University of KwaZulu-Natal,Education,1,40.0,44.0,3,4,100,HIGH
NSFAS000455,Sibusiso Mabaso,University of the Witwatersrand,Science,1,40.0,31.0,2,5,80,HIGH
NSFAS000456,Mpho Khumalo,University of Cape Town,Arts,4,52.16,81.0,0,0,0,LOW
NSFAS000457,Andile Mthethwa,University of the Free State,Commerce,4,62.52,56.0,1,2,40,MEDIUM
NSFAS000458,Andile Mokoena,University of Pretoria,Education,4,54.73,77.0,1,4,0,LOW
NSFAS000459,Themba Mthethwa,University of Stellenbosch,Law,2,56.95,66.0,1,4,40,MEDIUM
NSFAS000460,Sibusiso Zulu,University of Cape Town,Education,1,60.07,59.0,4,1,60,HIGH
NSFAS000461,Sipho Khumalo,North-West University,Law,1,40.68,64.0,4,5,100,HIGH
NSFAS000462,Andile Nkosi,North-West University,Arts,2,40.0,54.0,3,3,100,HIGH
NSFAS000463,Lindiwe Molefe,North-West University,Arts,4,74.95,82.0,1,1,0,LOW
NSFAS000464,Thabo Mokoena,North-West University,Education,1,40.0,23.0,2,5,80,HIGH
NSFAS000465,Lindiwe Mahlangu,North-West University,Law,1,40.0,65.0,4,0,100,HIGH
NSFAS000466,Lindiwe Mhlongo,University of KwaZulu-Natal,Science,4,31.76,54.0,1,3,80,HIGH
NSFAS000467,Sipho Mabaso,University of the Witwatersrand,Education,1,60.06,63.0,0,3,40,MEDIUM
NSFAS000468,Busisiwe Mahlangu,North-West University,Commerce,1,40.0,50.0,1,4,80,HIGH
NSFAS000469,Busisiwe Ngcobo,University of Stellenbosch,Arts,2,40.0,23.0,1,3,80,HIGH
NSFAS000470,Nomsa Molefe,University of the Witwatersrand,Engineering,3,75.0,88.0,0,3,0,LOW
NSFAS000471,Kagiso Ngcobo,University of Stellenbosch,Law,4,75.0,94.0,0,5,0,LOW
NSFAS000472,Andile Zulu,University of Pretoria,Engineering,3,40.0,30.0,2,0,80,HIGH
NSFAS000473,Sibusiso Mhlongo,University of Pretoria,Science,4,30.0,36.0,4,1,100,HIGH
NSFAS000474,Nokuthula Khumalo,University of KwaZulu-Natal,Commerce,1,75.0,95.0,0,0,0,LOW
NSFAS000475,Themba Khumalo,University of KwaZulu-Natal,Engineering,2,72.99,95.0,1,2,0,LOW
NSFAS000476,Sipho Nkosi,University of KwaZulu-Natal,Engineering,4,75.0,80.0,0,2,0,LOW
NSFAS000477,Nomsa Mahlangu,University of Johannesburg,Engineering,3,40.0,46.0,1,3,80,HIGH
NSFAS000478,Tshepo Mabaso,University of the Witwatersrand,Arts,4,30.0,31.0,3,5,100,HIGH
NSFAS000479,Thabo Mthembu,University of Pretoria,Commerce,1,58.37,72.0,1,4,0,LOW
NSFAS000480,Themba Nkosi,University of the Witwatersrand,Education,4,40.0,54.0,4,5,100,HIGH
NSFAS000481,Thabo Nkosi,University of the Witwatersrand,Arts,2,57.02,55.0,1,1,40,MEDIUM
NSFAS000482,Lerato Mthembu,University of Cape Town,Law,2,53.54,59.0,3,3,60,HIGH
NSFAS000483,Kagiso Molefe,University of Cape Town,Arts,1,75.0,79.0,1,4,0,LOW
NSFAS000484,Phumzile Mahlangu,University of Cape Town,Arts,4,49.0,57.0,1,2,80,HIGH
NSFAS000485,Nomsa Zulu,North-West University,Law,2,59.04,81.0,0,3,0,LOW
NSFAS000486,Nokuthula Ngcobo,University of Pretoria,Law,2,47.69,25.0,1,0,80,HIGH
NSFAS000487,Kagiso Dlamini,University of Johannesburg,Law,4,50.21,77.0,1,5,0,LOW
NSFAS000488,Sipho Mabaso,University of Stellenbosch,Commerce,2,40.86,44.0,4,1,100,HIGH
NSFAS000489,Mpho Mahlangu,University of the Free State,Arts,4,40.0,53.0,4,3,100,HIGH
NSFAS000490,Themba Zulu,University of Stellenbosch,Law,4,42.45,59.0,4,1,100,HIGH
NSFAS000491,Busisiwe Mkhize,University of the Free State,Engineering,1,71.59,78.0,1,1,0,LOW
NSFAS000492,Zanele Dlamini,University of Johannesburg,Law,1,40.0,60.0,3,2,100,HIGH
NSFAS000493,Nomsa Molefe,North-West University,Science,1,30.0,32.0,3,1,100,HIGH
NSFAS000494,Lindiwe Nkosi,University of the Free State,Commerce,1,49.0,55.0,1,1,80,HIGH
NSFAS000495,Thabo Nkosi,University of the Free State,Arts,3,47.34,55.0,2,3,80,HIGH
NSFAS000496,Andile Mkhize,University of the Witwatersrand,Engineering,1,70.42,77.0,0,2,0,LOW
NSFAS000497,Zanele Mhlongo,University of Pretoria,Science,3,75.0,87.0,1,0,0,LOW
NSFAS000498,Lindiwe Mthethwa,University of Johannesburg,Commerce,3,54.57,78.0,0,2,0,LOW
NSFAS000499,Busisiwe Mokoena,University of Cape Town,Commerce,4,40.0,21.0,2,1,80,HIGH
NSFAS000500,Busisiwe Mahlangu,University of Cape Town,Law,3,40.0,47.0,1,4,80,HIGH
NSFAS000501,Tshepo Ngcobo,University of the Witwatersrand,Arts,4,51.63,64.0,0,1,40,MEDIUM
NSFAS000502,Themba Ngcobo,University of Johannesburg,Commerce,1,55.12,76.0,1,5,0,LOW
NSFAS000503,Mpho Mokoena,North-West University,Education,3,75.0,76.0,0,1,0,LOW
NSFAS000504,Tshepo Mhlongo,University of KwaZulu-Natal,Engineering,4,47.59,21.0,1,5,80,HIGH
NSFAS000505,Nomsa Dlamini,University of Stellenbosch,Education,4,49.0,62.0,0,4,80,HIGH
NSFAS000506,Lerato Dlamini,North-West University,Education,4,40.0,62.0,4,2,100,HIGH
NSFAS000507,Themba Mabaso,University of Pretoria,Law,1,65.67,68.0,0,4,40,MEDIUM
NSFAS000508,Thabo Nkosi,University of Stellenbosch,Engineering,4,30.0,40.0,3,2,100,HIGH
NSFAS000509,Sipho Khumalo,University of Pretoria,Education,4,68.8,55.0,2,2,40,MEDIUM
NSFAS000510,Lerato Nkosi,University of the Free State,Education,2,30.0,62.0,4,4,100,HIGH
NSFAS000511,Lindiwe Ngcobo,University of KwaZulu-Natal,Arts,1,72.53,84.0,1,5,0,LOW
NSFAS000512,Sipho Mhlongo,University of Pretoria,Law,3,75.0,94.0,1,4,0,LOW
NSFAS000513,Themba Mabaso,University of the Free State,Commerce,2,60.27,69.0,1,2,40,MEDIUM
NSFAS000514,Lerato Mahlangu,University of the Free State,Education,4,61.35,64.0,1,4,40,MEDIUM
NSFAS000515,Lerato Mthethwa,University of Pretoria,Engineering,3,40.0,49.0,1,0,80,HIGH
NSFAS000516,Nomsa Molefe,University of KwaZulu-Natal,Arts,2,74.58,90.0,0,2,0,LOW
NSFAS000517,Nomsa Nkosi,University of the Free State,Engineering,3,75.0,75.0,1,1,0,LOW
NSFAS000518,Phumzile Zulu,North-West University,Law,1,75.0,77.0,1,1,0,LOW
NSFAS000519,Sipho Mthembu,North-West University,Education,3,53.53,81.0,1,4,0,LOW
NSFAS000520,Sibusiso Mthembu,North-West University,Science,3,75.0,95.0,0,4,0,LOW
NSFAS000521,Mpho Mahlangu,University of Cape Town,Engineering,1,40.0,24.0,4,5,100,HIGH
NSFAS000522,Tshepo Nkosi,University of the Free State,Science,3,40.0,36.0,1,0,80,HIGH
NSFAS000523,Thabo Mokoena,North-West University,Engineering,3,30.0,43.0,2,0,80,HIGH
NSFAS000524,Nomsa Mthembu,University of Cape Town,Education,1,43.99,44.0,3,2,100,HIGH
NSFAS000525,Thabo Mabaso,University of KwaZulu-Natal,Education,1,75.0,76.0,0,3,0,LOW
NSFAS000526,Lindiwe Mkhize,University of the Witwatersrand,Science,3,75.0,82.0,0,0,0,LOW
NSFAS000527,Thabo Mkhize,University of Johannesburg,Education,3,49.0,50.0,4,3,100,HIGH
NSFAS000528,Lerato Mokoena,North-West University,Law,2,40.0,59.0,4,0,100,HIGH
NSFAS000529,Tshepo Dlamini,University of the Free State,Law,2,40.0,33.0,4,3,100,HIGH
NSFAS000530,Phumzile Dlamini,University of Cape Town,Engineering,2,75.0,95.0,1,3,0,LOW
NSFAS000531,Phumzile Mhlongo,University of Johannesburg,Science,3,40.0,50.0,2,2,80,HIGH
NSFAS000532,Lindiwe Mthembu,University of the Witwatersrand,Science,1,45.69,31.0,3,0,100,HIGH
NSFAS000533,Sibusiso Mthembu,North-West University,Education,3,41.46,26.0,3,4,100,HIGH
NSFAS000534,Sipho Nkosi,North-West University,Commerce,2,40.0,30.0,1,2,80,HIGH
NSFAS000535,Lindiwe Ngcobo,University of the Free State,Commerce,4,40.0,38.0,1,5,80,HIGH
NSFAS000536,Zanele Mahlangu,University of Pretoria,Commerce,3,72.13,95.0,0,0,0,LOW
NSFAS000537,Busisiwe Mokoena,University of Stellenbosch,Science,1,75.0,86.0,0,2,0,LOW
NSFAS000538,Andile Mhlongo,University of Cape Town,Law,2,44.2,31.0,2,0,80,HIGH
NSFAS000539,Lindiwe Mahlangu,University of the Witwatersrand,Science,4,49.0,40.0,1,5,80,HIGH
NSFAS000540,Kagiso Zulu,University of Cape Town,Engineering,1,40.0,47.0,2,0,80,HIGH
NSFAS000541,Kagiso Mokoena,University of Johannesburg,Science,2,44.64,29.0,1,1,80,HIGH
NSFAS000542,Themba Mthembu,University of Johannesburg,Engineering,3,63.83,60.0,0,4,40,MEDIUM
NSFAS000543,Tshepo Mhlongo,University of the Witwatersrand,Law,3,53.62,80.0,0,5,0,LOW
NSFAS000544,Lindiwe Mhlongo,University of KwaZulu-Natal,Arts,2,81.82,93.0,0,0,0,LOW
NSFAS000545,Zanele Nkosi,University of the Witwatersrand,Science,4,73.1,86.0,1,0,0,LOW
NSFAS000546,Mpho Mabaso,University of KwaZulu-Natal,Engineering,2,75.0,95.0,1,4,0,LOW
NSFAS000547,Kagiso Mthembu,University of Pretoria,Law,2,31.36,57.0,3,0,100,HIGH
NSFAS000548,Lindiwe Mabaso,University of Cape Town,Engineering,1,48.47,43.0,1,2,80,HIGH
NSFAS000549,Kagiso Nkosi,University of the Free State,Commerce,3,55.36,73.0,1,1,0,LOW
NSFAS000550,Thabo Mabaso,University of Stellenbosch,Commerce,1,44.64,60.0,4,0,100,HIGH
NSFAS000551,Nomsa Ngcobo,University of Stellenbosch,Arts,3,40.0,23.0,3,1,100,HIGH
NSFAS000552,Andile Khumalo,University of Johannesburg,Arts,2,40.0,46.0,1,5,80,HIGH
NSFAS000553,Themba Dlamini,University of Cape Town,Law,4,49.99,56.0,4,3,100,HIGH
NSFAS000554,Nomsa Molefe,University of Stellenbosch,Education,3,40.0,0.0,4,0,100,HIGH
NSFAS000555,Nokuthula Mhlongo,University of Cape Town,Law,4,75.0,95.0,1,4,0,LOW
NSFAS000556,Thabo Mkhize,University of the Free State,Education,2,48.17,25.0,4,2,100,HIGH
NSFAS000557,Zanele Nkosi,University of Johannesburg,Engineering,3,49.92,61.0,0,0,80,HIGH
NSFAS000558,Lindiwe Khumalo,North-West University,Commerce,1,59.92,77.0,1,0,0,LOW
NSFAS000559,Themba Molefe,University of the Free State,Engineering,3,75.0,87.0,1,3,0,LOW
NSFAS000560,Tshepo Molefe,University of Stellenbosch,Commerce,1,40.0,54.0,1,1,80,HIGH
NSFAS000561,Sipho Mthethwa,University of Cape Town,Engineering,3,40.0,55.0,4,4,100,HIGH
NSFAS000562,Andile Khumalo,North-West University,Science,1,71.95,76.0,0,0,0,LOW
NSFAS000563,Sibusiso Mahlangu,University of Johannesburg,Law,4,75.0,76.0,0,3,0,LOW
NSFAS000564,Themba Mahlangu,University of the Free State,Commerce,2,40.0,42.0,1,1,80,HIGH
NSFAS000565,Nomsa Dlamini,University of the Free State,Law,2,73.99,95.0,0,0,0,LOW
NSFAS000566,Nomsa Khumalo,University of the Free State,Education,4,49.37,33.0,1,1,80,HIGH
NSFAS000567,Tshepo Mthethwa,University of KwaZulu-Natal,Commerce,3,75.0,95.0,1,1,0,LOW
NSFAS000568,Lerato Mabaso,University of the Witwatersrand,Engineering,3,55.04,81.0,0,0,0,LOW
NSFAS000569,Kagiso Dlamini,University of the Free State,Arts,4,75.0,76.0,1,3,0,LOW
NSFAS000570,Lerato Mabaso,University of Johannesburg,Education,4,30.0,50.0,4,4,100,HIGH
NSFAS000571,Phumzile Mabaso,University of Johannesburg,Education,1,40.0,0.0,4,1,100,HIGH
NSFAS000572,Nomsa Khumalo,North-West University,Law,3,40.0,39.0,1,0,80,HIGH
NSFAS000573,Nokuthula Mahlangu,University of Pretoria,Education,4,40.0,34.0,3,2,100,HIGH
NSFAS000574,Busisiwe Khumalo,University of Cape Town,Education,1,40.0,55.0,1,1,80,HIGH
NSFAS000575,Lindiwe Khumalo,University of Johannesburg,Arts,3,95.0,95.0,0,2,0,LOW
NSFAS000576,Zanele Mokoena,University of Pretoria,Arts,3,75.0,76.0,0,3,0,LOW
NSFAS000577,Kagiso Ngcobo,University of the Free State,Law,4,30.0,57.0,1,4,80,HIGH
NSFAS000578,Tshepo Mthethwa,University of the Free State,Arts,4,40.0,48.0,1,3,80,HIGH
NSFAS000579,Sipho Zulu,University of Cape Town,Commerce,2,54.46,60.0,0,5,40,MEDIUM
NSFAS000580,Mpho Khumalo,University of the Witwatersrand,Engineering,4,57.43,70.0,1,4,0,LOW
NSFAS000581,Nomsa Mthethwa,North-West University,Engineering,3,40.0,0.0,1,5,80,HIGH
NSFAS000582,Lindiwe Dlamini,University of Pretoria,Commerce,1,40.17,63.0,2,0,80,HIGH
NSFAS000583,Mpho Mthethwa,University of Stellenbosch,Commerce,3,40.0,61.0,1,3,80,HIGH
NSFAS000584,Zanele Dlamini,University of the Free State,Arts,4,40.0,22.0,4,3,100,HIGH
NSFAS000585,Lerato Mokoena,North-West University,Science,3,45.91,43.0,2,0,80,HIGH
NSFAS000586,Phumzile Molefe,University of Stellenbosch,Law,1,70.46,82.0,1,1,0,LOW
NSFAS000587,Mpho Mkhize,University of Stellenbosch,Engineering,2,40.0,31.0,3,2,100,HIGH
NSFAS000588,Zanele Molefe,University of the Free State,Law,1,40.0,33.0,3,3,100,HIGH
NSFAS000589,Tshepo Khumalo,University of Cape Town,Arts,3,55.0,57.0,4,4,60,HIGH
NSFAS000590,Kagiso Mthembu,University of Pretoria,Commerce,4,40.0,20.0,4,5,100,HIGH
NSFAS000591,Lindiwe Nkosi,University of the Witwatersrand,Commerce,3,40.0,29.0,4,3,100,HIGH
NSFAS000592,Andile Mthethwa,University of KwaZulu-Natal,Science,3,30.0,30.0,4,1,100,HIGH
NSFAS000593,Lerato Molefe,University of Pretoria,Commerce,1,40.0,45.0,3,3,100,HIGH
NSFAS000594,Andile Ngcobo,University of Stellenbosch,Science,3,40.0,32.0,4,1,100,HIGH
NSFAS000595,Sipho Molefe,University of the Free State,Education,3,40.0,23.0,1,5,80,HIGH
NSFAS000596,Sipho Mthembu,University of Johannesburg,Law,3,50.66,84.0,1,3,0,LOW
NSFAS000597,Nokuthula Dlamini,University of Cape Town,Science,4,75.0,95.0,0,0,0,LOW
NSFAS000598,Sibusiso Khumalo,University of Pretoria,Law,2,30.0,36.0,4,5,100,HIGH
NSFAS000599,Sipho Zulu,University of KwaZulu-Natal,Education,3,30.0,46.0,4,4,100,HIGH
NSFAS000600,Tshepo Mhlongo,University of Pretoria,Engineering,3,52.95,59.0,4,0,60,HIGH
NSFAS000601,Lindiwe Khumalo,University of Stellenbosch,Commerce,3,42.44,39.0,2,1,80,HIGH
NSFAS000602,Andile Dlamini,University of KwaZulu-Natal,Commerce,3,40.0,45.0,4,2,100,HIGH
NSFAS000603,Tshepo Mkhize,University of Johannesburg,Law,1,58.28,62.0,1,0,40,MEDIUM
NSFAS000604,Andile Mthembu,University of Johannesburg,Engineering,3,63.69,61.0,0,2,40,MEDIUM
NSFAS000605,Nokuthula Mhlongo,North-West University,Education,1,46.58,20.0,2,3,80,HIGH
NSFAS000606,Andile Mahlangu,North-West University,Commerce,4,43.14,60.0,1,3,80,HIGH
NSFAS000607,Busisiwe Mahlangu,University of Johannesburg,Law,2,74.75,95.0,0,2,0,LOW
NSFAS000608,Zanele Dlamini,University of Cape Town,Commerce,3,52.55,82.0,1,5,0,LOW
NSFAS000609,Sipho Mthethwa,University of the Witwatersrand,Law,2,75.0,88.0,1,4,0,LOW
NSFAS000610,Sipho Mhlongo,University of KwaZulu-Natal,Law,4,58.72,79.0,1,1,0,LOW
NSFAS000611,Phumzile Mthembu,North-West University,Commerce,1,88.78,89.0,1,3,0,LOW
NSFAS000612,Phumzile Mokoena,University of Pretoria,Education,1,51.78,0.0,1,2,40,MEDIUM
NSFAS000613,Andile Khumalo,University of Cape Town,Engineering,2,53.82,70.0,0,2,0,LOW
NSFAS000614,Zanele Dlamini,University of Pretoria,Science,3,40.0,38.0,2,2,80,HIGH
NSFAS000615,Tshepo Nkosi,University of Cape Town,Science,1,45.88,52.0,3,4,100,HIGH
NSFAS000616,Sipho Mokoena,University of KwaZulu-Natal,Science,4,72.47,95.0,0,4,0,LOW
NSFAS000617,Nokuthula Mokoena,University of Pretoria,Engineering,4,66.5,74.0,0,1,0,LOW
NSFAS000618,Nomsa Zulu,University of KwaZulu-Natal,Education,3,43.64,31.0,3,1,100,HIGH
NSFAS000619,Sibusiso Dlamini,University of Pretoria,Commerce,4,40.0,0.0,2,3,80,HIGH
NSFAS000620,Nomsa Nkosi,University of KwaZulu-Natal,Arts,2,44.03,33.0,4,4,100,HIGH
NSFAS000621,Nokuthula Molefe,University of KwaZulu-Natal,Arts,3,50.9,80.0,0,1,0,LOW
NSFAS000622,Mpho Mkhize,University of the Free State,Commerce,1,75.0,81.0,1,5,0,LOW
NSFAS000623,Busisiwe Mthembu,University of Stellenbosch,Engineering,3,63.95,63.0,0,2,40,MEDIUM
NSFAS000624,Phumzile Dlamini,University of the Free State,Commerce,4,40.0,37.0,4,5,100,HIGH
NSFAS000625,Nokuthula Mabaso,University of Johannesburg,Arts,4,40.0,30.0,4,0,100,HIGH
NSFAS000626,Nomsa Molefe,University of Cape Town,Education,1,40.0,35.0,4,1,100,HIGH
NSFAS000627,Nokuthula Mthembu,University of the Free State,Education,3,75.0,88.0,1,1,0,LOW
NSFAS000628,Themba Dlamini,University of Stellenbosch,Science,3,42.09,33.0,2,1,80,HIGH
NSFAS000629,Lindiwe Dlamini,University of Johannesburg,Education,2,75.0,82.0,1,5,0,LOW
NSFAS000630,Themba Mthembu,University of Pretoria,Science,3,66.86,84.0,1,3,0,LOW
NSFAS000631,Phumzile Mthembu,University of Johannesburg,Law,1,75.0,95.0,1,3,0,LOW
NSFAS000632,Busisiwe Nkosi,University of Stellenbosch,Science,2,73.04,75.0,1,5,0,LOW
NSFAS000633,Phumzile Ngcobo,University of the Witwatersrand,Engineering,4,46.9,34.0,2,1,80,HIGH
NSFAS000634,Nomsa Nkosi,University of Pretoria,Arts,4,71.1,95.0,0,5,0,LOW
NSFAS000635,Tshepo Mabaso,University of Johannesburg,Law,4,60.84,57.0,1,4,40,MEDIUM
NSFAS000636,Phumzile Mabaso,University of KwaZulu-Natal,Science,4,49.0,50.0,2,5,80,HIGH
NSFAS000637,Lerato Mthembu,University of the Free State,Commerce,4,44.25,22.0,3,3,100,HIGH
NSFAS000638,Lindiwe Mhlongo,University of Johannesburg,Engineering,2,95.0,91.0,1,3,0,LOW
NSFAS000639,Thabo Ngcobo,University of KwaZulu-Natal,Law,2,49.0,24.0,2,5,80,HIGH
NSFAS000640,Sipho Dlamini,University of KwaZulu-Natal,Engineering,2,40.0,54.0,3,0,100,HIGH
NSFAS000641,Sipho Mabaso,University of the Witwatersrand,Commerce,4,30.0,40.0,3,5,100,HIGH
NSFAS000642,Thabo Zulu,University of Cape Town,Arts,1,76.73,81.0,1,5,0,LOW
NSFAS000643,Themba Molefe,North-West University,Education,1,65.69,58.0,4,5,60,HIGH
NSFAS000644,Nokuthula Molefe,University of the Witwatersrand,Education,2,75.0,78.0,1,4,0,LOW
NSFAS000645,Andile Nkosi,University of Stellenbosch,Law,1,75.0,79.0,0,1,0,LOW
NSFAS000646,Lindiwe Khumalo,University of KwaZulu-Natal,Science,3,49.45,25.0,1,0,80,HIGH
NSFAS000647,Lindiwe Mthembu,University of Stellenbosch,Commerce,1,41.37,32.0,2,2,80,HIGH
NSFAS000648,Nokuthula Molefe,University of Cape Town,Arts,4,75.0,95.0,0,0,0,LOW
NSFAS000649,Lindiwe Molefe,University of Pretoria,Engineering,2,52.31,58.0,4,3,60,HIGH
NSFAS000650,Lerato Zulu,University of KwaZulu-Natal,Arts,4,70.58,95.0,0,5,0,LOW
NSFAS000651,Tshepo Mkhize,University of Stellenbosch,Science,2,56.27,84.0,0,4,0,LOW
NSFAS000652,Nokuthula Nkosi,University of Pretoria,Arts,2,40.0,43.0,3,0,100,HIGH
NSFAS000653,Phumzile Ngcobo,University of the Free State,Science,4,40.0,56.0,1,2,80,HIGH
NSFAS000654,Nokuthula Mokoena,University of Johannesburg,Law,3,45.25,59.0,2,5,80,HIGH
NSFAS000655,Thabo Mthethwa,University of the Free State,Arts,1,40.0,23.0,1,3,80,HIGH
NSFAS000656,Themba Molefe,University of the Free State,Commerce,3,75.0,83.0,1,5,0,LOW
NSFAS000657,Zanele Nkosi,University of KwaZulu-Natal,Arts,1,40.0,55.0,4,1,100,HIGH
NSFAS000658,Nokuthula Ngcobo,University of Pretoria,Engineering,2,54.16,82.0,0,3,0,LOW
NSFAS000659,Nokuthula Khumalo,University of Johannesburg,Engineering,1,40.0,48.0,2,3,80,HIGH
NSFAS000660,Busisiwe Mthembu,University of Johannesburg,Education,4,36.63,47.0,3,4,100,HIGH
NSFAS000661,Thabo Dlamini,University of Stellenbosch,Education,2,75.0,94.0,1,5,0,LOW
NSFAS000662,Lindiwe Nkosi,University of Johannesburg,Arts,1,40.0,45.0,2,4,80,HIGH
NSFAS000663,Mpho Zulu,University of Johannesburg,Arts,3,40.0,31.0,1,5,80,HIGH
NSFAS000664,Kagiso Mokoena,University of Johannesburg,Law,1,68.25,60.0,0,4,40,MEDIUM
NSFAS000665,Tshepo Dlamini,North-West University,Arts,3,30.0,31.0,1,2,80,HIGH
NSFAS000666,Nomsa Mokoena,North-West University,Arts,2,40.0,22.0,1,0,80,HIGH
NSFAS000667,Kagiso Mahlangu,University of Pretoria,Science,2,59.33,64.0,1,0,40,MEDIUM
NSFAS000668,Mpho Mthembu,University of Stellenbosch,Education,1,65.71,78.0,0,4,0,LOW
NSFAS000669,Mpho Khumalo,University of the Free State,Education,4,75.0,95.0,1,2,0,LOW
NSFAS000670,Phumzile Mthethwa,North-West University,Arts,4,75.0,94.0,0,1,0,LOW
NSFAS000671,Themba Mthethwa,University of Pretoria,Science,2,40.0,38.0,4,2,100,HIGH
NSFAS000672,Thabo Mkhize,University of Stellenbosch,Science,2,49.0,50.0,3,4,100,HIGH
NSFAS000673,Busisiwe Mthembu,University of KwaZulu-Natal,Commerce,3,68.37,83.0,1,5,0,LOW
NSFAS000674,Lerato Mkhize,North-West University,Education,4,64.95,62.0,0,1,40,MEDIUM
NSFAS000675,Thabo Khumalo,University of the Free State,Science,2,62.36,0.0,0,1,40,MEDIUM
NSFAS000676,Mpho Ngcobo,University of KwaZulu-Natal,Arts,4,39.16,47.0,3,5,100,HIGH
NSFAS000677,Phumzile Mkhize,University of the Free State,Science,3,50.82,61.0,1,2,40,MEDIUM
NSFAS000678,Sipho Mthethwa,University of KwaZulu-Natal,Law,4,41.21,62.0,4,0,100,HIGH
NSFAS000679,Nomsa Mthethwa,University of Stellenbosch,Science,4,63.54,56.0,3,1,60,HIGH
NSFAS000680,Busisiwe Mthembu,University of Pretoria,Commerce,4,59.35,80.0,1,1,0,LOW
NSFAS000681,Lerato Mahlangu,University of Cape Town,Engineering,3,48.0,60.0,0,5,80,HIGH
NSFAS000682,Kagiso Mthethwa,North-West University,Law,2,75.0,75.0,0,1,0,LOW
NSFAS000683,Thabo Mabaso,University of Stellenbosch,Education,1,57.94,80.0,1,0,0,LOW
NSFAS000684,Sipho Ngcobo,University of Pretoria,Law,1,69.53,68.0,0,2,40,MEDIUM
NSFAS000685,Sipho Molefe,University of the Witwatersrand,Education,3,49.0,54.0,3,4,100,HIGH
NSFAS000686,Sipho Mabaso,University of the Witwatersrand,Law,4,75.0,76.0,0,2,0,LOW
NSFAS000687,Sibusiso Ngcobo,University of Johannesburg,Commerce,4,40.0,65.0,2,3,80,HIGH
NSFAS000688,Tshepo Ngcobo,University of Stellenbosch,Law,2,75.0,82.0,0,3,0,LOW
NSFAS000689,Nokuthula Mthethwa,University of Pretoria,Arts,2,40.0,30.0,2,4,80,HIGH
NSFAS000690,Zanele Mthethwa,University of the Free State,Law,3,40.0,45.0,4,1,100,HIGH
NSFAS000691,Sibusiso Mhlongo,North-West University,Arts,3,75.0,95.0,1,3,0,LOW
NSFAS000692,Sipho Mahlangu,University of the Free State,Commerce,3,40.0,37.0,4,3,100,HIGH
NSFAS000693,Nokuthula Zulu,University of the Witwatersrand,Science,1,40.0,35.0,2,5,80,HIGH
NSFAS000694,Phumzile Zulu,North-West University,Law,1,49.12,35.0,2,3,80,HIGH
NSFAS000695,Thabo Mabaso,University of the Witwatersrand,Arts,4,75.0,90.0,0,3,0,LOW
NSFAS000696,Phumzile Khumalo,University of Johannesburg,Science,3,41.81,21.0,4,4,100,HIGH
NSFAS000697,Thabo Mahlangu,University of the Witwatersrand,Arts,4,75.0,86.0,0,0,0,LOW
NSFAS000698,Sipho Zulu,University of the Witwatersrand,Commerce,3,30.0,45.0,1,5,80,HIGH
NSFAS000699,Phumzile Mthethwa,University of KwaZulu-Natal,Commerce,2,75.0,95.0,0,5,0,LOW
NSFAS000700,Andile Mhlongo,University of the Free State,Commerce,2,48.66,21.0,2,1,80,HIGH
NSFAS000701,Sipho Khumalo,North-West University,Arts,3,40.0,50.0,4,5,100,HIGH
NSFAS000702,Tshepo Mokoena,North-West University,Law,2,49.0,61.0,1,1,80,HIGH
NSFAS000703,Sipho Dlamini,North-West University,Science,3,75.0,88.0,0,5,0,LOW
NSFAS000704,Lindiwe Mhlongo,University of the Free State,Engineering,2,75.0,95.0,0,0,0,LOW
NSFAS000705,Nokuthula Zulu,University of Johannesburg,Arts,4,36.72,54.0,2,1,80,HIGH
NSFAS000706,Themba Khumalo,University of Johannesburg,Commerce,1,53.67,70.0,1,1,0,LOW
NSFAS000707,Lindiwe Mabaso,University of KwaZulu-Natal,Commerce,4,44.24,42.0,3,0,100,HIGH
NSFAS000708,Nomsa Mthethwa,North-West University,Law,4,40.0,51.0,2,3,80,HIGH
NSFAS000709,Andile Zulu,University of Johannesburg,Education,4,65.7,64.0,1,1,40,MEDIUM
NSFAS000710,Thabo Mahlangu,University of Johannesburg,Science,4,49.75,45.0,1,4,80,HIGH
NSFAS000711,Busisiwe Dlamini,University of Cape Town,Commerce,3,40.0,29.0,3,1,100,HIGH
NSFAS000712,Sibusiso Mthethwa,University of KwaZulu-Natal,Arts,4,49.0,47.0,3,3,100,HIGH
NSFAS000713,Tshepo Nkosi,University of Johannesburg,Arts,1,30.0,52.0,1,2,80,HIGH
NSFAS000714,Sibusiso Mthethwa,North-West University,Science,4,40.0,46.0,4,0,100,HIGH
NSFAS000715,Lindiwe Ngcobo,University of the Free State,Arts,4,66.25,58.0,1,5,40,MEDIUM
NSFAS000716,Phumzile Mhlongo,University of KwaZulu-Natal,Law,4,60.31,64.0,1,4,40,MEDIUM
NSFAS000717,Sipho Mokoena,University of the Free State,Commerce,3,75.0,75.0,0,4,0,LOW
NSFAS000718,Nomsa Mthembu,University of Johannesburg,Education,1,48.55,56.0,1,4,80,HIGH
NSFAS000719,Andile Dlamini,University of KwaZulu-Natal,Engineering,1,75.0,95.0,0,0,0,LOW
NSFAS000720,Themba Mokoena,University of Johannesburg,Science,3,62.21,63.0,0,2,40,MEDIUM
NSFAS000721,Busisiwe Mthembu,University of the Witwatersrand,Engineering,1,40.0,65.0,3,1,100,HIGH
NSFAS000722,Lerato Zulu,University of the Free State,Education,1,40.0,49.0,3,5,100,HIGH
NSFAS000723,Themba Mkhize,North-West University,Arts,3,75.0,94.0,0,5,0,LOW
NSFAS000724,Andile Zulu,University of the Witwatersrand,Commerce,1,43.77,24.0,4,0,100,HIGH
NSFAS000725,Mpho Ngcobo,University of the Witwatersrand,Engineering,4,87.94,94.0,0,5,0,LOW
NSFAS000726,Kagiso Mahlangu,University of KwaZulu-Natal,Education,2,75.0,95.0,0,3,0,LOW
NSFAS000727,Nokuthula Mthembu,University of Cape Town,Science,1,45.01,43.0,3,1,100,HIGH
NSFAS000728,Nokuthula Mthembu,University of the Free State,Commerce,2,40.0,34.0,1,5,80,HIGH
NSFAS000729,Lerato Dlamini,University of the Witwatersrand,Law,4,38.79,63.0,1,0,80,HIGH
NSFAS000730,Sipho Mabaso,University of Pretoria,Law,2,54.78,85.0,1,1,0,LOW
NSFAS000731,Andile Ngcobo,University of KwaZulu-Natal,Commerce,2,75.0,95.0,0,2,0,LOW
NSFAS000732,Nomsa Mhlongo,University of Pretoria,Education,1,49.23,57.0,3,4,100,HIGH
NSFAS000733,Kagiso Mokoena,University of Johannesburg,Arts,2,40.0,48.0,4,4,100,HIGH
NSFAS000734,Nomsa Mhlongo,University of the Free State,Education,1,43.73,50.0,4,5,100,HIGH
NSFAS000735,Lerato Khumalo,North-West University,Commerce,1,75.0,95.0,0,1,0,LOW
NSFAS000736,Phumzile Dlamini,University of Cape Town,Science,1,40.0,30.0,3,0,100,HIGH
NSFAS000737,Andile Zulu,University of Johannesburg,Commerce,3,40.0,20.0,1,0,80,HIGH
NSFAS000738,Busisiwe Mthembu,University of the Free State,Commerce,1,95.0,78.0,1,0,0,LOW
NSFAS000739,Tshepo Mhlongo,University of the Free State,Commerce,3,40.0,61.0,4,0,100,HIGH
NSFAS000740,Tshepo Mahlangu,University of Cape Town,Law,2,40.0,39.0,4,4,100,HIGH
NSFAS000741,Lindiwe Mabaso,University of Stellenbosch,Science,4,40.0,43.0,2,2,80,HIGH
NSFAS000742,Kagiso Dlamini,University of KwaZulu-Natal,Arts,4,30.0,30.0,3,4,100,HIGH
NSFAS000743,Nokuthula Mkhize,University of Stellenbosch,Science,2,32.29,48.0,4,0,100,HIGH
NSFAS000744,Kagiso Mokoena,University of the Free State,Education,4,75.0,88.0,0,5,0,LOW
NSFAS000745,Lindiwe Nkosi,University of KwaZulu-Natal,Engineering,3,30.0,29.0,1,2,80,HIGH
NSFAS000746,Sibusiso Mahlangu,University of Pretoria,Engineering,1,40.0,25.0,2,0,80,HIGH
NSFAS000747,Thabo Dlamini,North-West University,Education,2,44.94,44.0,1,3,80,HIGH
NSFAS000748,Nomsa Dlamini,North-West University,Law,2,59.01,66.0,0,5,40,MEDIUM
NSFAS000749,Tshepo Zulu,University of KwaZulu-Natal,Commerce,3,49.0,53.0,2,0,80,HIGH
NSFAS000750,Phumzile Mahlangu,University of the Free State,Commerce,2,40.0,55.0,1,5,80,HIGH
NSFAS000751,Thabo Mthembu,University of Stellenbosch,Engineering,3,44.48,61.0,2,5,80,HIGH
NSFAS000752,Mpho Khumalo,University of KwaZulu-Natal,Arts,2,66.65,56.0,2,2,40,MEDIUM
NSFAS000753,Nokuthula Dlamini,University of Stellenbosch,Science,2,73.82,88.0,0,0,0,LOW
NSFAS000754,Lindiwe Mokoena,University of the Witwatersrand,Education,1,30.0,30.0,1,5,80,HIGH
NSFAS000755,Sipho Dlamini,University of Pretoria,Engineering,2,75.0,75.0,1,4,0,LOW
NSFAS000756,Busisiwe Dlamini,University of the Witwatersrand,Commerce,3,40.0,52.0,4,5,100,HIGH
NSFAS000757,Busisiwe Ngcobo,University of Cape Town,Arts,4,40.0,65.0,4,1,100,HIGH
NSFAS000758,Andile Mokoena,University of Pretoria,Arts,1,40.0,51.0,4,3,100,HIGH
NSFAS000759,Busisiwe Ngcobo,University of Johannesburg,Education,2,40.0,62.0,2,5,80,HIGH
NSFAS000760,Nomsa Zulu,University of Cape Town,Science,1,40.0,44.0,1,4,80,HIGH
NSFAS000761,Zanele Mhlongo,University of the Witwatersrand,Science,2,40.0,52.0,3,5,100,HIGH
NSFAS000762,Tshepo Mokoena,University of KwaZulu-Natal,Law,2,70.01,94.0,1,3,0,LOW
NSFAS000763,Sipho Nkosi,University of KwaZulu-Natal,Arts,1,30.0,23.0,1,3,80,HIGH
NSFAS000764,Tshepo Mthethwa,University of Cape Town,Engineering,1,40.0,51.0,4,0,100,HIGH
NSFAS000765,Kagiso Mthembu,University of KwaZulu-Natal,Law,4,67.57,59.0,2,1,40,MEDIUM
NSFAS000766,Sipho Molefe,University of Johannesburg,Law,4,62.31,75.0,0,0,0,LOW
NSFAS000767,Busisiwe Dlamini,University of Cape Town,Education,4,54.86,67.0,0,2,40,MEDIUM
NSFAS000768,Kagiso Nkosi,University of Johannesburg,Law,2,30.0,55.0,2,5,80,HIGH
NSFAS000769,Mpho Nkosi,University of the Free State,Education,4,75.0,95.0,1,1,0,LOW
NSFAS000770,Sibusiso Dlamini,University of Johannesburg,Engineering,1,75.0,83.0,1,3,0,LOW
NSFAS000771,Lerato Mabaso,University of Johannesburg,Education,1,40.0,30.0,3,0,100,HIGH
NSFAS000772,Nokuthula Mthembu,University of Pretoria,Education,4,75.0,88.0,1,0,0,LOW
NSFAS000773,Nomsa Mabaso,University of the Witwatersrand,Engineering,2,40.0,39.0,4,1,100,HIGH
NSFAS000774,Nokuthula Mthethwa,University of the Witwatersrand,Science,2,75.0,95.0,1,0,0,LOW
NSFAS000775,Andile Mokoena,University of Pretoria,Science,4,40.0,46.0,1,3,80,HIGH
NSFAS000776,Tshepo Mthethwa,University of Johannesburg,Law,3,40.0,55.0,3,5,100,HIGH
NSFAS000777,Andile Mthethwa,University of Pretoria,Law,3,52.27,67.0,1,3,40,MEDIUM
NSFAS000778,Tshepo Nkosi,University of Pretoria,Science,2,40.0,52.0,1,2,80,HIGH
NSFAS000779,Sibusiso Molefe,University of Johannesburg,Law,2,30.0,57.0,3,3,100,HIGH
NSFAS000780,Kagiso Mkhize,University of the Witwatersrand,Commerce,4,75.0,85.0,0,3,0,LOW
NSFAS000781,Zanele Mthethwa,University of Stellenbosch,Law,4,40.0,35.0,3,1,100,HIGH
NSFAS000782,Thabo Mthembu,University of Pretoria,Science,1,56.66,72.0,1,1,0,LOW
NSFAS000783,Mpho Nkosi,University of Johannesburg,Science,2,30.0,57.0,1,2,80,HIGH
NSFAS000784,Phumzile Mabaso,North-West University,Engineering,3,66.11,69.0,0,5,40,MEDIUM
NSFAS000785,Lerato Dlamini,University of Cape Town,Education,4,70.99,79.0,0,2,0,LOW
NSFAS000786,Kagiso Zulu,University of Johannesburg,Engineering,2,49.0,60.0,1,3,80,HIGH
NSFAS000787,Lerato Mthembu,North-West University,Commerce,3,54.56,72.0,1,0,0,LOW
NSFAS000788,Kagiso Khumalo,North-West University,Science,1,40.0,42.0,1,5,80,HIGH
NSFAS000789,Nomsa Nkosi,University of KwaZulu-Natal,Arts,4,48.57,29.0,4,5,100,HIGH
NSFAS000790,Lerato Khumalo,University of the Free State,Education,3,75.0,75.0,1,2,0,LOW
NSFAS000791,Lindiwe Mhlongo,University of the Free State,Law,2,30.0,45.0,4,3,100,HIGH
NSFAS000792,Sipho Mabaso,University of KwaZulu-Natal,Arts,2,75.0,82.0,1,2,0,LOW
NSFAS000793,Nomsa Khumalo,University of Johannesburg,Law,3,56.53,59.0,4,0,60,HIGH
NSFAS000794,Sibusiso Khumalo,University of Johannesburg,Engineering,4,75.0,94.0,1,3,0,LOW
NSFAS000795,Lindiwe Molefe,University of Stellenbosch,Commerce,3,40.0,36.0,3,0,100,HIGH
NSFAS000796,Lerato Nkosi,University of Cape Town,Education,3,49.0,64.0,0,2,80,HIGH
NSFAS000797,Themba Mthembu,University of the Witwatersrand,Science,3,41.89,63.0,2,2,80,HIGH
NSFAS000798,Zanele Nkosi,University of Pretoria,Education,2,75.0,93.0,1,2,0,LOW
NSFAS000799,Sipho Mkhize,University of Johannesburg,Education,2,40.0,53.0,1,0,80,HIGH
NSFAS000800,Mpho Mahlangu,University of KwaZulu-Natal,Commerce,3,62.03,57.0,3,2,60,HIGH
NSFAS000801,Kagiso Ngcobo,University of Johannesburg,Law,1,75.0,93.0,1,3,0,LOW
NSFAS000802,Tshepo Mabaso,University of Cape Town,Arts,1,57.62,58.0,1,2,40,MEDIUM
NSFAS000803,Kagiso Mthembu,North-West University,Commerce,1,47.24,36.0,1,3,80,HIGH
NSFAS000804,Lerato Molefe,North-West University,Arts,1,50.7,76.0,0,0,0,LOW
NSFAS000805,Lerato Mabaso,University of Stellenbosch,Arts,1,40.0,30.0,3,5,100,HIGH
NSFAS000806,Phumzile Zulu,University of the Witwatersrand,Law,4,75.0,94.0,0,0,0,LOW
NSFAS000807,Andile Mkhize,University of Stellenbosch,Commerce,3,30.0,34.0,3,0,100,HIGH
NSFAS000808,Nokuthula Mahlangu,North-West University,Law,2,42.5,59.0,3,0,100,HIGH
NSFAS000809,Tshepo Mthethwa,University of KwaZulu-Natal,Arts,1,40.0,37.0,2,4,80,HIGH
NSFAS000810,Nomsa Mhlongo,University of the Free State,Science,3,49.0,27.0,2,0,80,HIGH
NSFAS000811,Nomsa Mhlongo,University of the Free State,Education,1,75.0,75.0,1,5,0,LOW
NSFAS000812,Zanele Mabaso,University of the Free State,Arts,2,40.0,54.0,1,2,80,HIGH
NSFAS000813,Zanele Nkosi,University of KwaZulu-Natal,Arts,3,75.0,83.0,1,2,0,LOW
NSFAS000814,Sipho Mthembu,University of KwaZulu-Natal,Commerce,3,40.0,37.0,1,4,80,HIGH
NSFAS000815,Sipho Mthembu,University of the Witwatersrand,Law,2,41.35,64.0,3,3,100,HIGH
NSFAS000816,Kagiso Mhlongo,University of Cape Town,Law,2,75.0,87.0,0,1,0,LOW
NSFAS000817,Kagiso Molefe,University of Pretoria,Education,2,46.05,54.0,2,1,80,HIGH
NSFAS000818,Busisiwe Nkosi,University of Pretoria,Education,4,40.0,35.0,1,4,80,HIGH
NSFAS000819,Kagiso Mhlongo,University of Pretoria,Science,1,64.29,60.0,1,2,40,MEDIUM
NSFAS000820,Mpho Mahlangu,University of Pretoria,Law,2,40.0,46.0,3,5,100,HIGH
NSFAS000821,Andile Mokoena,University of KwaZulu-Natal,Commerce,4,75.0,95.0,0,2,0,LOW
NSFAS000822,Themba Molefe,University of the Witwatersrand,Law,3,47.39,21.0,2,5,80,HIGH
NSFAS000823,Phumzile Molefe,University of KwaZulu-Natal,Arts,3,40.0,0.0,3,4,100,HIGH
NSFAS000824,Lerato Molefe,North-West University,Commerce,2,40.0,51.0,1,0,80,HIGH
NSFAS000825,Sipho Mkhize,University of Stellenbosch,Arts,3,40.88,48.0,3,5,100,HIGH
NSFAS000826,Andile Mhlongo,University of Stellenbosch,Arts,1,40.0,62.0,2,1,80,HIGH
NSFAS000827,Kagiso Mkhize,University of the Free State,Arts,4,48.08,50.0,3,3,100,HIGH
NSFAS000828,Nomsa Molefe,University of the Free State,Arts,1,30.0,45.0,2,3,80,HIGH
NSFAS000829,Kagiso Khumalo,University of Pretoria,Arts,4,30.0,41.0,2,5,80,HIGH
NSFAS000830,Lerato Mhlongo,University of KwaZulu-Natal,Education,4,40.0,43.0,4,2,100,HIGH
NSFAS000831,Sipho Khumalo,University of Johannesburg,Science,3,48.81,47.0,4,4,100,HIGH
NSFAS000832,Kagiso Khumalo,University of the Witwatersrand,Science,3,33.97,22.0,3,0,100,HIGH
NSFAS000833,Tshepo Zulu,University of the Witwatersrand,Commerce,2,53.24,84.0,0,5,0,LOW
NSFAS000834,Nomsa Nkosi,North-West University,Law,1,40.0,31.0,3,4,100,HIGH
NSFAS000835,Nokuthula Dlamini,University of the Free State,Education,1,40.0,52.0,2,1,80,HIGH
NSFAS000836,Phumzile Mabaso,University of KwaZulu-Natal,Arts,1,40.0,36.0,2,0,80,HIGH
NSFAS000837,Lindiwe Nkosi,University of the Witwatersrand,Arts,4,30.57,41.0,2,2,80,HIGH
NSFAS000838,Sipho Khumalo,University of the Witwatersrand,Education,2,40.0,37.0,2,0,80,HIGH
NSFAS000839,Nokuthula Ngcobo,University of Stellenbosch,Education,4,40.0,39.0,3,3,100,HIGH
NSFAS000840,Nomsa Mkhize,University of KwaZulu-Natal,Science,3,32.45,56.0,1,1,80,HIGH
NSFAS000841,Themba Zulu,University of the Free State,Commerce,1,75.0,95.0,1,5,0,LOW
NSFAS000842,Busisiwe Molefe,University of Johannesburg,Science,4,70.24,95.0,0,3,0,LOW
NSFAS000843,Phumzile Mthethwa,University of Stellenbosch,Arts,2,40.0,20.0,2,5,80,HIGH
NSFAS000844,Lerato Khumalo,University of Stellenbosch,Law,1,57.68,73.0,0,2,0,LOW
NSFAS000845,Phumzile Molefe,University of Johannesburg,Engineering,4,61.52,55.0,2,3,40,MEDIUM
NSFAS000846,Tshepo Mokoena,University of KwaZulu-Natal,Engineering,3,47.41,62.0,0,0,80,HIGH
NSFAS000847,Themba Mkhize,University of KwaZulu-Natal,Engineering,4,75.0,85.0,1,0,0,LOW
NSFAS000848,Andile Dlamini,University of Pretoria,Commerce,4,46.37,36.0,3,1,100,HIGH
NSFAS000849,Phumzile Dlamini,University of Pretoria,Law,3,71.07,78.0,0,0,0,LOW
NSFAS000850,Sipho Dlamini,University of Johannesburg,Arts,3,40.0,31.0,2,4,80,HIGH
NSFAS000851,Lindiwe Dlamini,University of Pretoria,Science,3,49.55,52.0,2,5,80,HIGH
NSFAS000852,Mpho Molefe,North-West University,Commerce,2,75.0,83.0,0,1,0,LOW
NSFAS000853,Zanele Dlamini,University of Pretoria,Engineering,1,40.0,31.0,3,1,100,HIGH
NSFAS000854,Thabo Mthembu,North-West University,Engineering,4,59.47,57.0,3,2,60,HIGH
NSFAS000855,Zanele Zulu,University of Pretoria,Commerce,2,48.23,40.0,2,3,80,HIGH
NSFAS000856,Busisiwe Mkhize,University of the Witwatersrand,Commerce,2,47.63,44.0,1,1,80,HIGH
NSFAS000857,Busisiwe Ngcobo,University of Pretoria,Law,4,58.58,78.0,0,1,0,LOW
NSFAS000858,Mpho Mahlangu,University of Cape Town,Engineering,1,40.0,58.0,1,4,80,HIGH
NSFAS000859,Nomsa Ngcobo,University of Cape Town,Education,1,56.88,61.0,1,2,40,MEDIUM
NSFAS000860,Lindiwe Mahlangu,University of the Free State,Education,1,75.0,95.0,0,3,0,LOW
NSFAS000861,Nomsa Ngcobo,University of Stellenbosch,Commerce,1,57.62,84.0,1,5,0,LOW
NSFAS000862,Sibusiso Nkosi,University of the Witwatersrand,Education,4,67.59,67.0,1,4,40,MEDIUM
NSFAS000863,Sipho Mhlongo,University of Cape Town,Commerce,4,40.0,54.0,4,0,100,HIGH
NSFAS000864,Lerato Nkosi,University of Stellenbosch,Law,4,57.09,59.0,2,1,40,MEDIUM
NSFAS000865,Mpho Mthethwa,University of the Witwatersrand,Arts,4,55.9,79.0,1,0,0,LOW
NSFAS000866,Sipho Mahlangu,University of Pretoria,Arts,3,75.0,95.0,0,0,0,LOW
NSFAS000867,Sipho Mahlangu,North-West University,Education,3,52.79,79.0,0,2,0,LOW
NSFAS000868,Zanele Mahlangu,North-West University,Science,1,40.0,51.0,2,4,80,HIGH
NSFAS000869,Themba Mkhize,University of the Free State,Law,2,75.0,95.0,1,4,0,LOW
NSFAS000870,Tshepo Molefe,North-West University,Education,2,58.93,55.0,4,0,60,HIGH
NSFAS000871,Phumzile Dlamini,University of Johannesburg,Commerce,2,56.32,64.0,1,4,40,MEDIUM
NSFAS000872,Lerato Dlamini,North-West University,Engineering,4,71.9,82.0,0,5,0,LOW
NSFAS000873,Sibusiso Molefe,University of Cape Town,Law,3,46.47,57.0,2,4,80,HIGH
NSFAS000874,Lerato Dlamini,University of Pretoria,Commerce,2,61.72,78.0,1,3,0,LOW
NSFAS000875,Andile Mabaso,University of KwaZulu-Natal,Science,3,40.0,37.0,4,5,100,HIGH
NSFAS000876,Busisiwe Mokoena,North-West University,Commerce,3,40.0,25.0,1,2,80,HIGH
NSFAS000877,Mpho Mkhize,North-West University,Engineering,4,75.0,95.0,0,0,0,LOW
NSFAS000878,Themba Mkhize,North-West University,Education,3,40.0,55.0,1,1,80,HIGH
NSFAS000879,Thabo Mkhize,North-West University,Law,4,44.61,52.0,1,5,80,HIGH
NSFAS000880,Sipho Zulu,University of the Free State,Commerce,3,42.0,35.0,1,0,80,HIGH
NSFAS000881,Nokuthula Molefe,University of Johannesburg,Law,2,40.0,49.0,3,0,100,HIGH
NSFAS000882,Zanele Nkosi,University of KwaZulu-Natal,Education,1,55.2,75.0,0,4,0,LOW
NSFAS000883,Mpho Molefe,University of Cape Town,Arts,4,55.53,57.0,4,1,60,HIGH
NSFAS000884,Kagiso Nkosi,University of KwaZulu-Natal,Engineering,1,43.86,39.0,2,4,80,HIGH
NSFAS000885,Nomsa Mkhize,University of the Free State,Arts,2,30.54,59.0,1,1,80,HIGH
NSFAS000886,Sipho Mabaso,University of Stellenbosch,Law,4,49.0,24.0,2,4,80,HIGH
NSFAS000887,Sipho Ngcobo,University of Johannesburg,Education,2,95.0,84.0,0,3,0,LOW
NSFAS000888,Andile Zulu,University of the Free State,Arts,3,54.87,79.0,0,2,0,LOW
NSFAS000889,Themba Mkhize,University of Pretoria,Education,1,49.62,55.0,2,4,80,HIGH
NSFAS000890,Tshepo Khumalo,North-West University,Law,4,49.0,47.0,1,3,80,HIGH
NSFAS000891,Sipho Khumalo,University of Johannesburg,Science,1,32.65,58.0,2,5,80,HIGH
NSFAS000892,Kagiso Mhlongo,University of the Witwatersrand,Law,4,59.2,73.0,0,1,0,LOW
NSFAS000893,Lerato Mthethwa,University of Johannesburg,Education,1,40.0,62.0,3,5,100,HIGH
NSFAS000894,Lindiwe Nkosi,University of Cape Town,Engineering,4,49.0,50.0,2,2,80,HIGH
NSFAS000895,Nokuthula Dlamini,University of Stellenbosch,Law,1,30.0,44.0,3,0,100,HIGH
NSFAS000896,Themba Mthembu,University of the Free State,Education,3,40.0,30.0,4,5,100,HIGH
NSFAS000897,Mpho Zulu,University of Stellenbosch,Law,3,40.0,22.0,4,2,100,HIGH
NSFAS000898,Nokuthula Mabaso,University of Pretoria,Education,4,40.0,37.0,2,4,80,HIGH
NSFAS000899,Mpho Mabaso,University of Cape Town,Education,3,41.36,65.0,2,5,80,HIGH
NSFAS000900,Kagiso Mthethwa,University of Pretoria,Science,1,43.88,51.0,3,4,100,HIGH
NSFAS000901,Sibusiso Dlamini,University of Stellenbosch,Education,2,73.21,76.0,1,0,0,LOW
NSFAS000902,Andile Mthethwa,University of the Witwatersrand,Arts,2,56.28,57.0,1,3,40,MEDIUM
NSFAS000903,Nomsa Mhlongo,University of the Free State,Science,2,43.97,0.0,2,0,80,HIGH
NSFAS000904,Zanele Molefe,University of KwaZulu-Natal,Science,3,63.57,81.0,1,3,0,LOW
NSFAS000905,Themba Mhlongo,University of Stellenbosch,Education,4,30.0,45.0,3,0,100,HIGH
NSFAS000906,Nomsa Mthembu,North-West University,Engineering,2,40.0,22.0,1,4,80,HIGH
NSFAS000907,Thabo Mahlangu,University of the Witwatersrand,Engineering,3,40.0,48.0,3,0,100,HIGH
NSFAS000908,Tshepo Ngcobo,University of Johannesburg,Engineering,1,75.0,86.0,1,1,0,LOW
NSFAS000909,Tshepo Mabaso,University of Johannesburg,Education,3,40.0,26.0,3,0,100,HIGH
NSFAS000910,Sipho Mabaso,University of Stellenbosch,Science,2,57.18,84.0,1,4,0,LOW
NSFAS000911,Phumzile Ngcobo,University of the Free State,Arts,2,40.0,23.0,4,2,100,HIGH
NSFAS000912,Nokuthula Mkhize,North-West University,Commerce,3,55.79,65.0,1,4,40,MEDIUM
NSFAS000913,Zanele Khumalo,University of Stellenbosch,Education,1,40.0,53.0,2,2,80,HIGH
NSFAS000914,Mpho Nkosi,University of KwaZulu-Natal,Commerce,2,41.76,32.0,1,0,80,HIGH
NSFAS000915,Sipho Khumalo,North-West University,Education,2,40.0,55.0,1,0,80,HIGH
NSFAS000916,Thabo Khumalo,University of Pretoria,Arts,1,75.0,75.0,0,3,0,LOW
NSFAS000917,Busisiwe Mokoena,University of Pretoria,Science,2,75.0,95.0,1,5,0,LOW
NSFAS000918,Mpho Zulu,North-West University,Engineering,1,40.0,53.0,2,2,80,HIGH
NSFAS000919,Andile Mabaso,University of the Witwatersrand,Engineering,1,59.6,82.0,1,5,0,LOW
NSFAS000920,Phumzile Zulu,University of the Witwatersrand,Commerce,3,45.98,40.0,4,4,100,HIGH
NSFAS000921,Lindiwe Mthethwa,University of the Free State,Education,1,40.0,42.0,3,3,100,HIGH
NSFAS000922,Kagiso Mokoena,University of the Free State,Engineering,2,75.0,95.0,1,4,0,LOW
NSFAS000923,Lindiwe Zulu,University of Cape Town,Law,1,40.0,29.0,2,3,80,HIGH
NSFAS000924,Mpho Mthethwa,University of Johannesburg,Science,1,46.72,36.0,2,3,80,HIGH
NSFAS000925,Nokuthula Mahlangu,University of Pretoria,Education,3,50.23,60.0,0,5,40,MEDIUM
NSFAS000926,Nomsa Ngcobo,North-West University,Education,2,75.0,95.0,0,1,0,LOW
NSFAS000927,Lerato Nkosi,University of the Witwatersrand,Science,2,74.01,90.0,0,1,0,LOW
NSFAS000928,Zanele Mahlangu,University of Cape Town,Education,1,58.52,59.0,4,0,60,HIGH
NSFAS000929,Zanele Mthembu,North-West University,Commerce,2,30.0,35.0,3,1,100,HIGH
NSFAS000930,Tshepo Mahlangu,North-West University,Commerce,4,55.09,65.0,1,0,40,MEDIUM
NSFAS000931,Sipho Mthethwa,University of Pretoria,Science,1,75.0,95.0,1,0,0,LOW
NSFAS000932,Zanele Mabaso,University of Stellenbosch,Education,1,37.87,58.0,2,2,80,HIGH
NSFAS000933,Sipho Mthethwa,University of the Witwatersrand,Arts,4,75.0,92.0,0,0,0,LOW
NSFAS000934,Phumzile Mhlongo,University of KwaZulu-Natal,Science,1,42.6,33.0,4,5,100,HIGH
NSFAS000935,Andile Ngcobo,University of the Free State,Arts,3,40.0,51.0,2,0,80,HIGH
NSFAS000936,Thabo Mthembu,North-West University,Commerce,4,40.0,29.0,1,3,80,HIGH
NSFAS000937,Nokuthula Mthethwa,University of Cape Town,Arts,4,62.93,62.0,0,0,40,MEDIUM
NSFAS000938,Thabo Mkhize,University of Johannesburg,Commerce,3,74.06,95.0,1,5,0,LOW
NSFAS000939,Lerato Mahlangu,University of Cape Town,Law,3,46.93,24.0,4,4,100,HIGH
NSFAS000940,Thabo Mahlangu,University of the Free State,Science,4,40.0,34.0,2,5,80,HIGH
NSFAS000941,Nokuthula Mahlangu,University of Johannesburg,Law,1,49.0,42.0,1,3,80,HIGH
NSFAS000942,Sibusiso Nkosi,University of Pretoria,Law,3,53.24,63.0,1,3,40,MEDIUM
NSFAS000943,Lerato Mkhize,University of Johannesburg,Education,2,40.0,27.0,1,0,80,HIGH
NSFAS000944,Kagiso Zulu,University of Johannesburg,Commerce,4,75.0,94.0,0,1,0,LOW
NSFAS000945,Andile Mkhize,North-West University,Arts,4,39.91,65.0,1,4,80,HIGH
NSFAS000946,Kagiso Dlamini,University of the Free State,Commerce,1,40.0,51.0,1,0,80,HIGH
NSFAS000947,Tshepo Mabaso,University of Pretoria,Commerce,4,48.06,36.0,4,1,100,HIGH
NSFAS000948,Sipho Dlamini,University of the Free State,Law,2,63.06,75.0,1,1,0,LOW
NSFAS000949,Themba Khumalo,University of KwaZulu-Natal,Commerce,2,56.95,63.0,1,4,40,MEDIUM
NSFAS000950,Lindiwe Mthembu,University of Johannesburg,Education,1,40.0,0.0,3,1,100,HIGH
NSFAS000951,Themba Khumalo,University of Pretoria,Arts,1,40.0,44.0,1,4,80,HIGH
NSFAS000952,Nokuthula Mhlongo,University of the Witwatersrand,Commerce,1,40.0,45.0,3,0,100,HIGH
NSFAS000953,Mpho Zulu,University of Stellenbosch,Commerce,2,51.26,77.0,1,3,0,LOW
NSFAS000954,Busisiwe Mthethwa,North-West University,Education,4,46.58,23.0,3,2,100,HIGH
NSFAS000955,Phumzile Mokoena,University of KwaZulu-Natal,Science,3,70.14,78.0,0,2,0,LOW
NSFAS000956,Lerato Mhlongo,University of Cape Town,Commerce,4,66.58,61.0,0,5,40,MEDIUM
NSFAS000957,Nomsa Nkosi,North-West University,Science,1,30.0,21.0,1,5,80,HIGH
NSFAS000958,Tshepo Mthethwa,North-West University,Science,2,40.0,59.0,2,2,80,HIGH
NSFAS000959,Sipho Mkhize,North-West University,Science,1,40.42,45.0,4,5,100,HIGH
NSFAS000960,Thabo Khumalo,University of the Free State,Commerce,2,53.81,78.0,1,4,0,LOW
NSFAS000961,Nokuthula Molefe,University of the Free State,Science,4,75.0,84.0,0,0,0,LOW
NSFAS000962,Themba Mokoena,North-West University,Law,2,40.0,58.0,3,1,100,HIGH
NSFAS000963,Busisiwe Molefe,North-West University,Engineering,2,60.95,77.0,1,0,0,LOW
NSFAS000964,Busisiwe Mahlangu,University of Cape Town,Education,4,40.0,27.0,4,5,100,HIGH
NSFAS000965,Sibusiso Mhlongo,University of Cape Town,Engineering,4,46.57,50.0,1,3,80,HIGH
NSFAS000966,Themba Mahlangu,North-West University,Law,4,33.64,43.0,2,0,80,HIGH
NSFAS000967,Busisiwe Zulu,University of Pretoria,Commerce,2,64.4,75.0,1,3,0,LOW
NSFAS000968,Thabo Khumalo,North-West University,Education,1,55.04,83.0,0,0,0,LOW
NSFAS000969,Lindiwe Mthembu,University of KwaZulu-Natal,Science,1,40.0,61.0,3,2,100,HIGH
NSFAS000970,Mpho Mokoena,University of Stellenbosch,Arts,2,30.0,29.0,3,2,100,HIGH
NSFAS000971,Lerato Ngcobo,University of the Witwatersrand,Education,1,46.99,34.0,4,2,100,HIGH
NSFAS000972,Sipho Zulu,University of Johannesburg,Law,2,53.68,62.0,0,4,40,MEDIUM
NSFAS000973,Sipho Ngcobo,University of Cape Town,Commerce,2,48.18,60.0,0,4,80,HIGH
NSFAS000974,Tshepo Mthethwa,University of KwaZulu-Natal,Engineering,2,75.0,92.0,0,1,0,LOW
NSFAS000975,Thabo Mahlangu,University of Pretoria,Science,3,75.0,90.0,1,5,0,LOW
NSFAS000976,Themba Mthembu,University of Cape Town,Arts,3,63.01,68.0,0,4,40,MEDIUM
NSFAS000977,Phumzile Nkosi,University of Johannesburg,Arts,2,40.0,44.0,3,2,100,HIGH
NSFAS000978,Nokuthula Mhlongo,North-West University,Science,1,40.0,0.0,3,1,100,HIGH
NSFAS000979,Lerato Mkhize,University of Johannesburg,Law,4,30.0,50.0,2,2,80,HIGH
NSFAS000980,Andile Mthembu,University of Cape Town,Science,2,62.72,71.0,1,3,0,LOW
NSFAS000981,Lerato Mthembu,University of Pretoria,Arts,4,75.0,83.0,1,1,0,LOW
NSFAS000982,Phumzile Mokoena,University of KwaZulu-Natal,Arts,2,75.0,77.0,1,5,0,LOW
NSFAS000983,Themba Mhlongo,University of Johannesburg,Commerce,2,88.54,84.0,1,2,0,LOW
NSFAS000984,Lindiwe Mokoena,University of the Witwatersrand,Engineering,2,58.93,77.0,0,2,0,LOW
NSFAS000985,Tshepo Zulu,North-West University,Law,4,44.06,20.0,4,0,100,HIGH
NSFAS000986,Sibusiso Nkosi,University of Pretoria,Commerce,4,40.0,37.0,3,1,100,HIGH
NSFAS000987,Nomsa Mokoena,University of Cape Town,Education,2,41.67,49.0,4,3,100,HIGH
NSFAS000988,Kagiso Mabaso,University of Johannesburg,Education,4,75.0,94.0,1,4,0,LOW
NSFAS000989,Themba Molefe,University of Cape Town,Law,3,49.0,49.0,4,2,100,HIGH
NSFAS000990,Thabo Nkosi,University of Pretoria,Engineering,3,75.0,95.0,0,1,0,LOW
NSFAS000991,Zanele Mkhize,University of the Witwatersrand,Science,2,49.2,23.0,4,1,100,HIGH
NSFAS000992,Kagiso Molefe,University of Cape Town,Law,4,61.51,70.0,1,4,0,LOW
NSFAS000993,Nokuthula Mkhize,University of the Free State,Science,3,40.0,41.0,2,4,80,HIGH
NSFAS000994,Zanele Molefe,University of Johannesburg,Engineering,1,66.4,69.0,0,2,40,MEDIUM
NSFAS000995,Sipho Mhlongo,University of Stellenbosch,Science,1,40.0,63.0,4,1,100,HIGH
NSFAS000996,Nokuthula Mkhize,University of the Witwatersrand,Engineering,3,30.0,48.0,2,3,80,HIGH
NSFAS000997,Lerato Zulu,University of Cape Town,Arts,3,92.09,78.0,1,4,0,LOW
NSFAS000998,Zanele Mokoena,University of Pretoria,Science,2,40.0,42.0,2,2,80,HIGH
NSFAS000999,Zanele Mthembu,University of Johannesburg,Education,2,58.02,75.0,0,2,0,LOW
NSFAS001000,Sibusiso Nkosi,University of the Free State,Commerce,1,40.0,49.0,2,5,80,HIGH
NSFAS001001,Mpho Nkosi,University of the Witwatersrand,Commerce,2,49.0,57.0,1,4,80,HIGH
NSFAS001002,Mpho Mabaso,University of the Witwatersrand,Arts,2,63.18,85.0,1,4,0,LOW
NSFAS001003,Nomsa Zulu,University of Johannesburg,Education,4,40.0,25.0,2,3,80,HIGH
NSFAS001004,Lindiwe Mahlangu,University of Johannesburg,Arts,1,30.0,42.0,2,2,80,HIGH
NSFAS001005,Nokuthula Dlamini,University of Johannesburg,Law,2,40.0,21.0,3,2,100,HIGH
NSFAS001006,Kagiso Ngcobo,University of Johannesburg,Commerce,1,75.0,93.0,0,3,0,LOW
NSFAS001007,Tshepo Mkhize,North-West University,Commerce,3,75.0,80.0,0,0,0,LOW
NSFAS001008,Busisiwe Molefe,University of Stellenbosch,Commerce,2,57.41,56.0,1,5,40,MEDIUM
NSFAS001009,Themba Mthembu,University of Pretoria,Arts,1,75.0,79.0,0,2,0,LOW
NSFAS001010,Busisiwe Nkosi,University of the Witwatersrand,Commerce,2,40.0,39.0,3,5,100,HIGH
NSFAS001011,Zanele Molefe,University of Johannesburg,Science,1,57.73,78.0,1,1,0,LOW
NSFAS001012,Sibusiso Mokoena,University of Johannesburg,Science,2,54.41,67.0,0,0,40,MEDIUM
NSFAS001013,Thabo Mthethwa,University of Johannesburg,Engineering,2,75.0,86.0,1,3,0,LOW
NSFAS001014,Sibusiso Mabaso,University of Cape Town,Education,3,49.0,32.0,3,4,100,HIGH
NSFAS001015,Zanele Mokoena,University of Cape Town,Engineering,3,75.0,84.0,0,3,0,LOW
NSFAS001016,Zanele Dlamini,University of KwaZulu-Natal,Engineering,1,69.29,71.0,1,4,0,LOW
NSFAS001017,Busisiwe Mthembu,University of Stellenbosch,Engineering,3,48.86,37.0,4,2,100,HIGH
NSFAS001018,Mpho Mhlongo,University of the Free State,Arts,3,75.0,95.0,1,1,0,LOW
NSFAS001019,Andile Mhlongo,University of the Witwatersrand,Science,1,30.0,34.0,1,5,80,HIGH
NSFAS001020,Andile Ngcobo,University of the Free State,Commerce,4,75.0,88.0,1,0,0,LOW
NSFAS001021,Sipho Dlamini,University of the Witwatersrand,Commerce,2,64.1,59.0,2,3,40,MEDIUM
NSFAS001022,Mpho Dlamini,University of the Witwatersrand,Law,2,40.0,51.0,4,0,100,HIGH
NSFAS001023,Thabo Mthembu,University of Cape Town,Commerce,3,40.0,47.0,4,3,100,HIGH
NSFAS001024,Thabo Khumalo,University of the Free State,Arts,1,45.72,40.0,2,4,80,HIGH
NSFAS001025,Mpho Mhlongo,North-West University,Science,2,65.65,77.0,0,3,0,LOW
NSFAS001026,Themba Mabaso,University of the Witwatersrand,Arts,4,49.0,37.0,1,3,80,HIGH
NSFAS001027,Lindiwe Mabaso,North-West University,Education,4,42.14,62.0,1,5,80,HIGH
NSFAS001028,Andile Nkosi,University of KwaZulu-Natal,Engineering,1,75.0,92.0,0,3,0,LOW
NSFAS001029,Nokuthula Mthembu,University of Pretoria,Law,1,75.0,95.0,1,2,0,LOW
NSFAS001030,Nokuthula Nkosi,University of Stellenbosch,Science,2,75.0,75.0,1,0,0,LOW
NSFAS001031,Nomsa Ngcobo,University of KwaZulu-Natal,Science,4,40.0,34.0,1,4,80,HIGH
NSFAS001032,Zanele Molefe,University of the Free State,Education,4,49.0,54.0,1,1,80,HIGH
NSFAS001033,Mpho Ngcobo,University of the Witwatersrand,Commerce,2,75.0,95.0,0,4,0,LOW
NSFAS001034,Lindiwe Mkhize,University of the Free State,Law,2,40.0,47.0,2,5,80,HIGH
NSFAS001035,Andile Mkhize,University of Pretoria,Science,2,40.0,26.0,1,0,80,HIGH
NSFAS001036,Sipho Mahlangu,University of the Free State,Education,2,63.77,69.0,1,5,40,MEDIUM
NSFAS001037,Sibusiso Mthethwa,University of Johannesburg,Commerce,4,75.0,85.0,1,2,0,LOW
NSFAS001038,Nomsa Molefe,University of Stellenbosch,Engineering,2,44.28,29.0,3,0,100,HIGH
NSFAS001039,Busisiwe Mabaso,University of Cape Town,Science,3,95.0,78.0,0,2,0,LOW
NSFAS001040,Nomsa Ngcobo,University of Pretoria,Education,4,48.27,63.0,0,4,80,HIGH
NSFAS001041,Nomsa Molefe,University of Cape Town,Law,3,40.0,53.0,4,3,100,HIGH
NSFAS001042,Thabo Mthembu,University of Cape Town,Commerce,2,40.0,60.0,3,3,100,HIGH
NSFAS001043,Andile Mabaso,University of KwaZulu-Natal,Law,1,60.79,73.0,0,5,0,LOW
NSFAS001044,Sipho Mthembu,University of Stellenbosch,Science,4,30.0,39.0,4,0,100,HIGH
NSFAS001045,Thabo Mkhize,University of KwaZulu-Natal,Education,2,49.0,43.0,4,4,100,HIGH
NSFAS001046,Tshepo Khumalo,University of the Free State,Arts,1,49.0,25.0,4,4,100,HIGH
NSFAS001047,Sipho Nkosi,University of the Free State,Education,3,40.0,45.0,3,4,100,HIGH
NSFAS001048,Phumzile Mahlangu,University of the Witwatersrand,Science,1,75.0,79.0,0,1,0,LOW
NSFAS001049,Tshepo Mthethwa,University of Stellenbosch,Commerce,4,35.71,21.0,1,3,80,HIGH
NSFAS001050,Lerato Mokoena,North-West University,Education,4,40.0,62.0,2,3,80,HIGH
NSFAS001051,Kagiso Molefe,University of Cape Town,Commerce,2,57.06,62.0,1,4,40,MEDIUM
NSFAS001052,Lerato Dlamini,North-West University,Arts,3,40.0,38.0,4,3,100,HIGH
NSFAS001053,Themba Nkosi,University of Pretoria,Commerce,4,47.01,44.0,4,1,100,HIGH
NSFAS001054,Nokuthula Khumalo,North-West University,Commerce,3,40.0,34.0,3,5,100,HIGH
NSFAS001055,Nokuthula Mhlongo,University of Pretoria,Law,1,75.0,79.0,0,5,0,LOW
NSFAS001056,Sibusiso Mkhize,North-West University,Law,4,56.14,70.0,0,2,0,LOW
NSFAS001057,Lerato Dlamini,University of the Witwatersrand,Law,2,40.0,22.0,1,5,80,HIGH
NSFAS001058,Lerato Khumalo,University of the Free State,Commerce,3,40.0,41.0,4,5,100,HIGH
NSFAS001059,Mpho Mokoena,University of the Free State,Education,1,47.43,26.0,3,2,100,HIGH
NSFAS001060,Zanele Mhlongo,North-West University,Science,3,40.0,65.0,1,2,80,HIGH
NSFAS001061,Andile Mthethwa,University of Stellenbosch,Commerce,1,64.26,66.0,0,1,40,MEDIUM
NSFAS001062,Zanele Ngcobo,University of Johannesburg,Arts,2,40.0,33.0,4,0,100,HIGH
NSFAS001063,Sipho Mthembu,University of Stellenbosch,Engineering,3,30.0,46.0,3,0,100,HIGH
NSFAS001064,Lindiwe Khumalo,University of KwaZulu-Natal,Arts,3,42.33,20.0,2,4,80,HIGH
NSFAS001065,Andile Nkosi,University of Cape Town,Commerce,1,44.4,63.0,2,5,80,HIGH
NSFAS001066,Themba Dlamini,University of Pretoria,Commerce,4,40.0,52.0,3,5,100,HIGH
NSFAS001067,Nokuthula Mahlangu,North-West University,Engineering,4,55.35,70.0,0,5,0,LOW
NSFAS001068,Tshepo Mahlangu,University of the Witwatersrand,Commerce,1,40.0,48.0,2,0,80,HIGH
NSFAS001069,Lindiwe Dlamini,University of Johannesburg,Arts,1,40.0,31.0,4,5,100,HIGH
NSFAS001070,Mpho Mokoena,University of Stellenbosch,Education,2,62.58,58.0,4,5,60,HIGH
NSFAS001071,Sipho Molefe,North-West University,Arts,4,75.0,80.0,1,1,0,LOW
NSFAS001072,Kagiso Mkhize,University of the Witwatersrand,Education,3,63.31,82.0,1,0,0,LOW
NSFAS001073,Nomsa Mkhize,University of Pretoria,Commerce,3,40.0,29.0,3,2,100,HIGH
NSFAS001074,Nomsa Mthethwa,University of the Witwatersrand,Science,2,40.0,21.0,2,3,80,HIGH
NSFAS001075,Lerato Nkosi,University of KwaZulu-Natal,Education,3,40.0,50.0,4,0,100,HIGH
NSFAS001076,Sibusiso Zulu,North-West University,Law,1,75.0,90.0,1,2,0,LOW
NSFAS001077,Sipho Zulu,University of Cape Town,Commerce,4,40.0,51.0,1,2,80,HIGH
NSFAS001078,Mpho Mthembu,North-West University,Science,2,59.02,85.0,1,0,0,LOW
NSFAS001079,Mpho Mthethwa,University of Johannesburg,Engineering,4,40.0,20.0,2,2,80,HIGH
NSFAS001080,Zanele Molefe,University of Cape Town,Education,1,48.83,32.0,3,2,100,HIGH
NSFAS001081,Themba Mahlangu,University of the Witwatersrand,Education,2,44.54,26.0,1,5,80,HIGH
NSFAS001082,Nomsa Mabaso,University of KwaZulu-Natal,Science,1,75.0,95.0,0,3,0,LOW
NSFAS001083,Busisiwe Mthembu,University of the Witwatersrand,Science,4,62.6,75.0,1,2,0,LOW
NSFAS001084,Themba Mokoena,University of KwaZulu-Natal,Science,2,72.78,85.0,0,3,0,LOW
NSFAS001085,Sipho Zulu,University of Pretoria,Law,2,95.0,87.0,1,1,0,LOW
NSFAS001086,Tshepo Mthembu,University of Johannesburg,Education,2,30.0,62.0,3,0,100,HIGH
NSFAS001087,Tshepo Mkhize,University of Stellenbosch,Education,1,53.05,64.0,1,0,40,MEDIUM
NSFAS001088,Phumzile Mthethwa,University of Stellenbosch,Arts,3,75.0,95.0,0,5,0,LOW
NSFAS001089,Lindiwe Mthembu,North-West University,Science,2,40.0,62.0,1,1,80,HIGH
NSFAS001090,Nokuthula Mthembu,University of Pretoria,Commerce,4,57.51,59.0,2,4,40,MEDIUM
NSFAS001091,Phumzile Molefe,University of Cape Town,Engineering,3,40.0,40.0,2,5,80,HIGH
NSFAS001092,Busisiwe Dlamini,University of the Witwatersrand,Education,1,54.04,78.0,1,3,0,LOW
NSFAS001093,Nokuthula Mkhize,University of Cape Town,Commerce,4,40.0,20.0,2,5,80,HIGH
NSFAS001094,Tshepo Mthembu,University of Stellenbosch,Law,1,40.0,40.0,4,0,100,HIGH
NSFAS001095,Mpho Zulu,North-West University,Commerce,1,61.58,70.0,1,1,0,LOW
NSFAS001096,Zanele Nkosi,University of the Witwatersrand,Engineering,1,40.0,38.0,3,2,100,HIGH
NSFAS001097,Zanele Mokoena,University of Cape Town,Law,4,74.12,95.0,1,1,0,LOW
NSFAS001098,Phumzile Mthembu,North-West University,Education,3,53.88,84.0,0,4,0,LOW
NSFAS001099,Themba Mthethwa,University of KwaZulu-Natal,Engineering,2,73.97,92.0,0,4,0,LOW
NSFAS001100,Busisiwe Nkosi,University of Cape Town,Arts,2,30.0,50.0,3,5,100,HIGH
NSFAS001101,Nokuthula Khumalo,North-West University,Science,3,60.75,71.0,1,2,0,LOW
NSFAS001102,Lindiwe Mokoena,University of Johannesburg,Commerce,4,75.0,89.0,1,2,0,LOW
NSFAS001103,Lindiwe Mthembu,University of the Witwatersrand,Education,2,92.48,85.0,1,5,0,LOW
NSFAS001104,Nokuthula Zulu,University of Johannesburg,Commerce,4,30.0,32.0,1,4,80,HIGH
NSFAS001105,Phumzile Nkosi,North-West University,Education,4,47.99,54.0,3,1,100,HIGH
NSFAS001106,Sibusiso Mahlangu,University of Stellenbosch,Commerce,3,75.0,95.0,0,2,0,LOW
NSFAS001107,Themba Nkosi,University of the Witwatersrand,Commerce,2,65.21,78.0,1,5,0,LOW
NSFAS001108,Lerato Zulu,University of Cape Town,Education,4,75.0,76.0,0,0,0,LOW
NSFAS001109,Andile Mhlongo,University of Johannesburg,Education,2,61.4,60.0,0,1,40,MEDIUM
NSFAS001110,Nokuthula Mhlongo,North-West University,Commerce,3,62.01,58.0,4,4,60,HIGH
NSFAS001111,Lindiwe Mkhize,University of Stellenbosch,Education,2,40.0,28.0,3,1,100,HIGH
NSFAS001112,Thabo Dlamini,University of Pretoria,Education,1,44.5,23.0,1,3,80,HIGH
NSFAS001113,Sibusiso Dlamini,University of Johannesburg,Education,1,64.91,70.0,1,1,0,LOW
NSFAS001114,Lindiwe Mabaso,University of KwaZulu-Natal,Law,4,65.47,60.0,1,4,40,MEDIUM
NSFAS001115,Sibusiso Mokoena,University of the Witwatersrand,Education,1,71.4,88.0,1,0,0,LOW
NSFAS001116,Busisiwe Khumalo,University of Cape Town,Law,2,49.81,29.0,1,2,80,HIGH
NSFAS001117,Kagiso Mkhize,University of Cape Town,Science,2,40.0,21.0,2,1,80,HIGH
NSFAS001118,Nokuthula Mthembu,University of Pretoria,Arts,1,40.0,0.0,3,2,100,HIGH
NSFAS001119,Tshepo Mokoena,North-West University,Education,1,40.0,54.0,2,0,80,HIGH
NSFAS001120,Andile Mabaso,University of Pretoria,Science,3,60.09,69.0,1,5,40,MEDIUM
NSFAS001121,Andile Mthembu,University of Cape Town,Law,4,75.0,77.0,1,3,0,LOW
NSFAS001122,Lindiwe Mabaso,University of Johannesburg,Education,3,75.0,83.0,1,4,0,LOW
NSFAS001123,Sipho Nkosi,University of Stellenbosch,Education,1,40.0,25.0,3,5,100,HIGH
NSFAS001124,Thabo Mahlangu,University of Johannesburg,Science,1,30.0,42.0,3,5,100,HIGH
NSFAS001125,Sibusiso Mahlangu,University of Johannesburg,Commerce,4,75.0,89.0,0,3,0,LOW
NSFAS001126,Busisiwe Mokoena,North-West University,Law,3,75.0,82.0,1,1,0,LOW
NSFAS001127,Sibusiso Mahlangu,University of the Witwatersrand,Science,1,75.0,85.0,0,0,0,LOW
NSFAS001128,Thabo Dlamini,North-West University,Law,3,40.0,36.0,1,3,80,HIGH
NSFAS001129,Nokuthula Khumalo,University of Pretoria,Education,4,40.0,57.0,2,1,80,HIGH
NSFAS001130,Sibusiso Mabaso,University of Stellenbosch,Engineering,4,49.61,60.0,1,5,80,HIGH
NSFAS001131,Busisiwe Ngcobo,University of Stellenbosch,Education,3,57.22,64.0,0,2,40,MEDIUM
NSFAS001132,Sipho Ngcobo,University of Cape Town,Law,3,76.19,95.0,0,2,0,LOW
NSFAS001133,Mpho Mkhize,University of Pretoria,Engineering,4,75.0,76.0,1,0,0,LOW
NSFAS001134,Lerato Dlamini,University of Cape Town,Engineering,1,75.0,95.0,0,4,0,LOW
NSFAS001135,Thabo Molefe,University of Johannesburg,Commerce,4,40.0,35.0,2,2,80,HIGH
NSFAS001136,Zanele Zulu,University of KwaZulu-Natal,Science,2,40.0,23.0,4,4,100,HIGH
NSFAS001137,Andile Mahlangu,University of Pretoria,Commerce,4,75.0,0.0,1,3,40,MEDIUM
NSFAS001138,Zanele Ngcobo,University of KwaZulu-Natal,Science,1,71.0,90.0,1,3,0,LOW
NSFAS001139,Sibusiso Mthethwa,University of Pretoria,Commerce,1,53.94,75.0,1,2,0,LOW
NSFAS001140,Lindiwe Mabaso,University of KwaZulu-Natal,Education,1,40.0,24.0,4,3,100,HIGH
NSFAS001141,Thabo Mahlangu,North-West University,Arts,4,75.0,0.0,0,4,40,MEDIUM
NSFAS001142,Nomsa Zulu,University of Cape Town,Engineering,1,75.0,80.0,1,2,0,LOW
NSFAS001143,Andile Zulu,University of the Witwatersrand,Education,2,40.0,64.0,1,0,80,HIGH
NSFAS001144,Phumzile Mokoena,University of Cape Town,Engineering,4,42.23,36.0,1,0,80,HIGH
NSFAS001145,Andile Mkhize,University of Johannesburg,Engineering,2,75.0,78.0,0,2,0,LOW
NSFAS001146,Lindiwe Mhlongo,University of Cape Town,Science,2,95.0,89.0,0,1,0,LOW
NSFAS001147,Zanele Nkosi,University of the Free State,Science,4,75.0,91.0,1,0,0,LOW
NSFAS001148,Kagiso Mahlangu,University of Johannesburg,Commerce,4,40.0,53.0,3,1,100,HIGH
NSFAS001149,Busisiwe Mhlongo,University of KwaZulu-Natal,Engineering,1,30.0,33.0,3,2,100,HIGH
NSFAS001150,Themba Ngcobo,North-West University,Law,2,61.32,68.0,1,2,40,MEDIUM
NSFAS001151,Sipho Mkhize,North-West University,Law,4,48.39,44.0,3,0,100,HIGH
NSFAS001152,Kagiso Mhlongo,University of KwaZulu-Natal,Law,2,75.0,86.0,1,2,0,LOW
NSFAS001153,Lerato Mthembu,North-West University,Science,3,67.68,68.0,0,2,40,MEDIUM
NSFAS001154,Busisiwe Khumalo,University of the Witwatersrand,Engineering,4,75.0,92.0,1,5,0,LOW
NSFAS001155,Phumzile Mabaso,University of Cape Town,Arts,1,40.0,53.0,3,3,100,HIGH
NSFAS001156,Themba Mthembu,University of the Free State,Law,1,40.0,0.0,2,4,80,HIGH
NSFAS001157,Thabo Mabaso,University of KwaZulu-Natal,Science,2,42.33,53.0,1,5,80,HIGH
NSFAS001158,Themba Mthethwa,University of the Free State,Engineering,4,44.56,28.0,2,4,80,HIGH
NSFAS001159,Mpho Mkhize,University of Cape Town,Science,1,40.0,56.0,1,5,80,HIGH
NSFAS001160,Sibusiso Mabaso,University of Pretoria,Science,1,40.0,63.0,3,2,100,HIGH
NSFAS001161,Lerato Ngcobo,University of Johannesburg,Engineering,4,47.98,43.0,2,3,80,HIGH
NSFAS001162,Thabo Mthethwa,University of the Witwatersrand,Science,2,74.35,76.0,1,5,0,LOW
NSFAS001163,Mpho Ngcobo,North-West University,Law,4,53.26,71.0,1,3,0,LOW
NSFAS001164,Mpho Ngcobo,University of KwaZulu-Natal,Engineering,1,57.03,63.0,1,0,40,MEDIUM
NSFAS001165,Tshepo Dlamini,University of Pretoria,Education,3,40.0,23.0,3,4,100,HIGH
NSFAS001166,Kagiso Molefe,University of Cape Town,Engineering,1,40.0,57.0,1,4,80,HIGH
NSFAS001167,Sipho Ngcobo,University of the Witwatersrand,Commerce,2,75.0,80.0,1,5,0,LOW
NSFAS001168,Sipho Mabaso,University of the Witwatersrand,Education,2,30.0,27.0,1,2,80,HIGH
NSFAS001169,Andile Mhlongo,University of Cape Town,Education,3,75.0,80.0,0,4,0,LOW
NSFAS001170,Sibusiso Mahlangu,University of the Witwatersrand,Law,3,70.04,95.0,1,1,0,LOW
NSFAS001171,Nomsa Mthembu,University of Pretoria,Commerce,1,75.0,80.0,1,0,0,LOW
NSFAS001172,Tshepo Nkosi,University of the Free State,Engineering,2,38.74,61.0,2,5,80,HIGH
NSFAS001173,Andile Khumalo,University of the Witwatersrand,Arts,3,60.4,58.0,3,2,60,HIGH
NSFAS001174,Tshepo Ngcobo,University of the Witwatersrand,Education,4,40.0,22.0,1,3,80,HIGH
NSFAS001175,Busisiwe Molefe,University of Cape Town,Law,4,45.05,42.0,1,3,80,HIGH
NSFAS001176,Sipho Mahlangu,University of Stellenbosch,Arts,1,40.0,38.0,1,4,80,HIGH
NSFAS001177,Phumzile Dlamini,University of Cape Town,Law,2,40.0,60.0,4,1,100,HIGH
NSFAS001178,Phumzile Mthembu,North-West University,Engineering,3,40.0,54.0,3,5,100,HIGH
NSFAS001179,Tshepo Mahlangu,University of the Witwatersrand,Education,4,75.0,84.0,1,0,0,LOW
NSFAS001180,Sipho Khumalo,University of Cape Town,Science,2,74.6,80.0,0,3,0,LOW
NSFAS001181,Lerato Khumalo,University of the Witwatersrand,Engineering,3,75.0,76.0,1,2,0,LOW
NSFAS001182,Themba Mokoena,University of KwaZulu-Natal,Law,2,69.37,64.0,1,5,40,MEDIUM
NSFAS001183,Thabo Mabaso,University of Cape Town,Engineering,3,62.81,0.0,1,3,40,MEDIUM
NSFAS001184,Thabo Khumalo,University of Johannesburg,Education,3,40.0,27.0,3,3,100,HIGH
NSFAS001185,Sipho Ngcobo,University of the Free State,Commerce,3,59.43,62.0,0,4,40,MEDIUM
NSFAS001186,Sipho Mthethwa,University of Stellenbosch,Engineering,2,40.0,54.0,4,0,100,HIGH
NSFAS001187,Sipho Molefe,University of KwaZulu-Natal,Arts,2,40.0,58.0,3,3,100,HIGH
NSFAS001188,Kagiso Mhlongo,University of Johannesburg,Law,2,40.0,56.0,1,1,80,HIGH
NSFAS001189,Zanele Mthembu,North-West University,Engineering,4,40.0,61.0,2,2,80,HIGH
NSFAS001190,Andile Ngcobo,University of Stellenbosch,Commerce,1,74.2,77.0,0,2,0,LOW
NSFAS001191,Lindiwe Molefe,University of the Free State,Law,1,75.0,75.0,0,4,0,LOW
NSFAS001192,Busisiwe Mabaso,University of the Witwatersrand,Engineering,3,55.81,81.0,0,0,0,LOW
NSFAS001193,Sipho Zulu,North-West University,Commerce,1,48.55,57.0,2,3,80,HIGH
NSFAS001194,Andile Mthembu,University of the Witwatersrand,Law,3,95.0,81.0,0,3,0,LOW
NSFAS001195,Sibusiso Khumalo,University of the Free State,Education,4,64.07,57.0,4,5,60,HIGH
NSFAS001196,Lindiwe Mokoena,University of KwaZulu-Natal,Education,3,75.0,94.0,0,3,0,LOW
NSFAS001197,Nokuthula Molefe,University of KwaZulu-Natal,Education,1,40.0,48.0,4,2,100,HIGH
NSFAS001198,Nokuthula Mkhize,University of Stellenbosch,Education,1,40.0,0.0,4,1,100,HIGH
NSFAS001199,Lindiwe Zulu,University of Stellenbosch,Law,4,68.78,85.0,0,4,0,LOW
NSFAS001200,Themba Mahlangu,University of Stellenbosch,Arts,3,75.0,85.0,1,4,0,LOW
NSFAS001201,Sibusiso Dlamini,University of Stellenbosch,Arts,2,44.5,22.0,4,3,100,HIGH
NSFAS001202,Sipho Mokoena,University of KwaZulu-Natal,Engineering,1,60.89,74.0,0,3,0,LOW
NSFAS001203,Thabo Zulu,University of the Witwatersrand,Engineering,3,64.27,77.0,1,2,0,LOW
NSFAS001204,Phumzile Mthethwa,University of Cape Town,Arts,4,40.0,48.0,3,5,100,HIGH
NSFAS001205,Sipho Mahlangu,University of Pretoria,Law,1,71.69,92.0,0,4,0,LOW
NSFAS001206,Lerato Mkhize,University of the Witwatersrand,Science,1,72.26,82.0,0,4,0,LOW
NSFAS001207,Lindiwe Molefe,University of Stellenbosch,Science,2,54.76,63.0,0,3,40,MEDIUM
NSFAS001208,Sipho Nkosi,University of the Free State,Commerce,3,54.47,73.0,1,3,0,LOW
NSFAS001209,Zanele Mhlongo,University of KwaZulu-Natal,Engineering,2,30.0,36.0,3,0,100,HIGH
NSFAS001210,Tshepo Mthembu,University of Stellenbosch,Commerce,4,75.0,81.0,1,5,0,LOW
NSFAS001211,Mpho Mthembu,University of Pretoria,Law,2,40.0,45.0,4,0,100,HIGH
NSFAS001212,Lerato Mkhize,University of Stellenbosch,Education,3,65.41,71.0,1,4,0,LOW
NSFAS001213,Themba Mthembu,University of KwaZulu-Natal,Arts,2,49.0,42.0,3,2,100,HIGH
NSFAS001214,Mpho Nkosi,University of Pretoria,Arts,2,75.0,86.0,1,5,0,LOW
NSFAS001215,Andile Mkhize,University of Cape Town,Science,1,75.0,83.0,1,4,0,LOW
NSFAS001216,Andile Ngcobo,University of Stellenbosch,Law,3,75.0,80.0,1,1,0,LOW
NSFAS001217,Kagiso Mokoena,University of Cape Town,Education,3,75.0,83.0,1,3,0,LOW
NSFAS001218,Andile Zulu,University of the Witwatersrand,Law,1,55.94,79.0,0,3,0,LOW
NSFAS001219,Busisiwe Khumalo,University of the Witwatersrand,Engineering,4,63.32,78.0,1,5,0,LOW
NSFAS001220,Andile Mahlangu,University of Pretoria,Engineering,1,75.0,87.0,1,4,0,LOW
NSFAS001221,Tshepo Molefe,University of Pretoria,Engineering,1,40.0,34.0,4,2,100,HIGH
NSFAS001222,Busisiwe Mthembu,University of KwaZulu-Natal,Arts,1,40.0,29.0,4,4,100,HIGH
NSFAS001223,Phumzile Khumalo,University of KwaZulu-Natal,Arts,2,30.0,61.0,4,2,100,HIGH
NSFAS001224,Zanele Nkosi,University of the Free State,Science,3,61.34,72.0,1,2,0,LOW
NSFAS001225,Nomsa Zulu,University of Pretoria,Arts,2,75.06,95.0,1,3,0,LOW
NSFAS001226,Phumzile Mkhize,North-West University,Law,3,72.79,94.0,1,3,0,LOW
NSFAS001227,Lerato Mahlangu,University of KwaZulu-Natal,Law,2,40.0,65.0,4,2,100,HIGH
NSFAS001228,Themba Mthembu,University of Pretoria,Engineering,2,75.0,0.0,0,2,40,MEDIUM
NSFAS001229,Sibusiso Mokoena,University of Cape Town,Arts,1,40.0,22.0,3,0,100,HIGH
NSFAS001230,Andile Mokoena,University of KwaZulu-Natal,Education,1,48.72,46.0,1,1,80,HIGH
NSFAS001231,Andile Nkosi,University of the Witwatersrand,Arts,4,31.53,47.0,3,3,100,HIGH
NSFAS001232,Andile Mthembu,University of the Witwatersrand,Engineering,1,40.0,39.0,2,2,80,HIGH
NSFAS001233,Tshepo Dlamini,University of Cape Town,Science,4,75.0,95.0,0,4,0,LOW
NSFAS001234,Sipho Mthethwa,University of the Free State,Arts,4,40.0,48.0,3,0,100,HIGH
NSFAS001235,Sipho Mabaso,University of Cape Town,Commerce,3,64.53,68.0,1,3,40,MEDIUM
NSFAS001236,Tshepo Molefe,North-West University,Arts,1,40.0,0.0,2,1,80,HIGH
NSFAS001237,Lindiwe Ngcobo,University of the Witwatersrand,Commerce,1,30.0,42.0,3,0,100,HIGH
NSFAS001238,Lerato Mthethwa,University of Cape Town,Law,1,40.0,28.0,2,1,80,HIGH
NSFAS001239,Sipho Mahlangu,University of Cape Town,Engineering,4,52.69,84.0,0,5,0,LOW
NSFAS001240,Lindiwe Zulu,University of Johannesburg,Law,3,40.0,47.0,1,1,80,HIGH
NSFAS001241,Mpho Mabaso,University of Johannesburg,Science,4,48.26,24.0,3,1,100,HIGH
NSFAS001242,Kagiso Mhlongo,University of Stellenbosch,Education,4,48.8,48.0,3,5,100,HIGH
NSFAS001243,Phumzile Nkosi,University of the Witwatersrand,Commerce,4,76.75,87.0,0,3,0,LOW
NSFAS001244,Mpho Mthembu,University of Stellenbosch,Science,1,61.73,59.0,3,0,60,HIGH
NSFAS001245,Andile Molefe,University of Pretoria,Engineering,1,40.0,52.0,1,5,80,HIGH
NSFAS001246,Phumzile Mokoena,University of KwaZulu-Natal,Education,2,40.0,53.0,1,5,80,HIGH
NSFAS001247,Sibusiso Nkosi,University of the Free State,Engineering,4,50.82,60.0,0,3,40,MEDIUM
NSFAS001248,Zanele Mabaso,North-West University,Education,4,67.51,74.0,1,0,0,LOW
NSFAS001249,Lerato Khumalo,University of Cape Town,Arts,3,70.93,95.0,0,4,0,LOW
NSFAS001250,Kagiso Mthembu,University of the Free State,Engineering,4,74.33,83.0,1,5,0,LOW
NSFAS001251,Nokuthula Zulu,University of KwaZulu-Natal,Law,1,95.0,95.0,0,4,0,LOW
NSFAS001252,Sibusiso Mahlangu,University of the Free State,Commerce,4,63.28,64.0,1,2,40,MEDIUM
NSFAS001253,Sibusiso Khumalo,North-West University,Arts,1,75.0,87.0,0,0,0,LOW
NSFAS001254,Thabo Khumalo,University of the Free State,Law,1,64.87,63.0,0,4,40,MEDIUM
NSFAS001255,Sibusiso Mahlangu,University of Cape Town,Science,1,41.01,28.0,4,1,100,HIGH
NSFAS001256,Busisiwe Mthembu,University of KwaZulu-Natal,Arts,2,61.28,65.0,1,5,40,MEDIUM
NSFAS001257,Andile Mahlangu,University of Johannesburg,Commerce,2,75.0,90.0,1,2,0,LOW
NSFAS001258,Phumzile Mokoena,University of Stellenbosch,Science,4,61.97,82.0,0,1,0,LOW
NSFAS001259,Mpho Ngcobo,University of Cape Town,Law,1,45.59,31.0,1,0,80,HIGH
NSFAS001260,Nomsa Khumalo,University of Johannesburg,Arts,2,68.75,76.0,1,2,0,LOW
NSFAS001261,Andile Ngcobo,University of the Free State,Engineering,4,61.77,79.0,1,0,0,LOW
NSFAS001262,Sipho Mthethwa,University of KwaZulu-Natal,Education,3,30.0,24.0,4,2,100,HIGH
NSFAS001263,Phumzile Dlamini,University of Johannesburg,Arts,4,42.07,40.0,4,2,100,HIGH
NSFAS001264,Nokuthula Mokoena,University of Pretoria,Education,3,49.0,63.0,1,3,80,HIGH
NSFAS001265,Kagiso Khumalo,University of Pretoria,Science,1,75.0,76.0,0,2,0,LOW
NSFAS001266,Nomsa Mhlongo,University of Cape Town,Education,4,40.0,30.0,1,5,80,HIGH
NSFAS001267,Thabo Zulu,University of the Witwatersrand,Commerce,3,40.0,22.0,3,4,100,HIGH
NSFAS001268,Busisiwe Zulu,University of Cape Town,Engineering,3,60.03,80.0,0,1,0,LOW
NSFAS001269,Lindiwe Dlamini,University of the Witwatersrand,Engineering,1,30.0,37.0,3,0,100,HIGH
NSFAS001270,Nokuthula Mkhize,University of the Free State,Science,3,40.0,39.0,4,5,100,HIGH
NSFAS001271,Busisiwe Mthethwa,University of Johannesburg,Commerce,1,75.0,77.0,0,0,0,LOW
NSFAS001272,Andile Molefe,University of the Witwatersrand,Commerce,3,40.0,62.0,2,0,80,HIGH
NSFAS001273,Kagiso Mkhize,University of the Free State,Commerce,2,75.0,83.0,1,3,0,LOW
NSFAS001274,Kagiso Ngcobo,University of the Free State,Education,2,40.0,26.0,4,5,100,HIGH
NSFAS001275,Andile Mhlongo,University of Pretoria,Education,3,52.69,77.0,1,5,0,LOW
NSFAS001276,Andile Khumalo,University of KwaZulu-Natal,Law,4,40.0,52.0,2,1,80,HIGH
NSFAS001277,Nomsa Mkhize,University of Cape Town,Arts,4,51.95,67.0,0,2,40,MEDIUM
NSFAS001278,Lerato Ngcobo,University of Cape Town,Commerce,4,75.0,95.0,0,3,0,LOW
NSFAS001279,Themba Ngcobo,University of KwaZulu-Natal,Commerce,2,30.0,43.0,3,5,100,HIGH
NSFAS001280,Lerato Ngcobo,University of the Witwatersrand,Engineering,2,40.0,61.0,3,1,100,HIGH
NSFAS001281,Andile Nkosi,North-West University,Commerce,2,73.5,90.0,1,5,0,LOW
NSFAS001282,Phumzile Mabaso,University of Cape Town,Science,2,44.54,62.0,2,3,80,HIGH
NSFAS001283,Sibusiso Khumalo,North-West University,Law,1,41.01,45.0,2,5,80,HIGH
NSFAS001284,Nomsa Mahlangu,University of Stellenbosch,Arts,2,70.79,89.0,0,0,0,LOW
NSFAS001285,Andile Mokoena,University of the Free State,Engineering,2,75.0,88.0,1,2,0,LOW
NSFAS001286,Lindiwe Zulu,North-West University,Engineering,1,46.74,26.0,2,0,80,HIGH
NSFAS001287,Kagiso Mthethwa,University of KwaZulu-Natal,Law,3,30.43,33.0,4,0,100,HIGH
NSFAS001288,Sipho Mokoena,University of Johannesburg,Education,2,46.35,51.0,1,2,80,HIGH
NSFAS001289,Andile Mthembu,University of Stellenbosch,Engineering,1,40.0,51.0,2,3,80,HIGH
NSFAS001290,Themba Nkosi,University of the Free State,Arts,3,75.0,80.0,1,3,0,LOW
NSFAS001291,Busisiwe Zulu,University of the Free State,Science,4,53.26,83.0,0,3,0,LOW
NSFAS001292,Mpho Mthethwa,University of KwaZulu-Natal,Law,1,60.25,70.0,1,5,0,LOW
NSFAS001293,Zanele Dlamini,University of KwaZulu-Natal,Law,1,45.77,33.0,3,4,100,HIGH
NSFAS001294,Busisiwe Mthembu,University of Pretoria,Education,1,57.25,60.0,0,5,40,MEDIUM
NSFAS001295,Themba Dlamini,University of the Witwatersrand,Law,3,40.0,37.0,1,1,80,HIGH
NSFAS001296,Lindiwe Mahlangu,University of the Witwatersrand,Science,4,75.0,84.0,0,2,0,LOW
NSFAS001297,Nokuthula Molefe,University of Stellenbosch,Law,3,43.08,45.0,4,4,100,HIGH
NSFAS001298,Nomsa Molefe,North-West University,Law,2,69.43,63.0,0,5,40,MEDIUM
NSFAS001299,Tshepo Mkhize,University of Cape Town,Engineering,2,75.0,85.0,1,0,0,LOW
NSFAS001300,Nomsa Dlamini,University of the Witwatersrand,Engineering,4,40.0,33.0,3,2,100,HIGH
NSFAS001301,Thabo Mhlongo,University of the Witwatersrand,Education,2,30.0,56.0,3,4,100,HIGH
NSFAS001302,Nokuthula Ngcobo,University of the Free State,Law,4,75.0,86.0,0,2,0,LOW
NSFAS001303,Busisiwe Mabaso,University of KwaZulu-Natal,Arts,2,65.41,63.0,1,0,40,MEDIUM
NSFAS001304,Andile Molefe,University of Pretoria,Arts,3,40.0,28.0,1,5,80,HIGH
NSFAS001305,Phumzile Nkosi,University of the Free State,Education,2,71.3,78.0,1,2,0,LOW
NSFAS001306,Nomsa Mahlangu,University of the Free State,Engineering,4,56.65,63.0,1,3,40,MEDIUM
NSFAS001307,Tshepo Zulu,University of Pretoria,Science,3,60.04,69.0,1,4,40,MEDIUM
NSFAS001308,Sibusiso Mhlongo,University of the Free State,Commerce,3,49.1,20.0,4,4,100,HIGH
NSFAS001309,Thabo Mhlongo,University of Stellenbosch,Education,1,48.11,30.0,4,3,100,HIGH
NSFAS001310,Nomsa Nkosi,University of KwaZulu-Natal,Science,4,40.0,21.0,2,2,80,HIGH
NSFAS001311,Mpho Mahlangu,University of KwaZulu-Natal,Arts,4,75.0,93.0,1,5,0,LOW
NSFAS001312,Lindiwe Nkosi,North-West University,Engineering,3,40.0,24.0,2,2,80,HIGH
NSFAS001313,Lerato Mahlangu,North-West University,Engineering,2,54.99,65.0,0,4,40,MEDIUM
NSFAS001314,Thabo Mabaso,University of Pretoria,Arts,2,69.81,57.0,4,3,60,HIGH
NSFAS001315,Lindiwe Mthethwa,University of Stellenbosch,Law,1,40.0,33.0,3,3,100,HIGH
NSFAS001316,Thabo Molefe,University of KwaZulu-Natal,Education,4,54.32,59.0,3,2,60,HIGH
NSFAS001317,Kagiso Mhlongo,University of Stellenbosch,Law,4,40.0,35.0,4,0,100,HIGH
NSFAS001318,Nomsa Mthembu,University of the Free State,Commerce,1,30.0,40.0,1,2,80,HIGH
NSFAS001319,Andile Mthembu,University of Pretoria,Arts,2,37.17,61.0,1,5,80,HIGH
NSFAS001320,Sibusiso Dlamini,University of Pretoria,Engineering,1,40.0,41.0,1,4,80,HIGH
NSFAS001321,Tshepo Dlamini,University of Stellenbosch,Engineering,4,75.0,85.0,1,5,0,LOW
NSFAS001322,Sipho Mhlongo,University of KwaZulu-Natal,Education,3,47.65,40.0,3,1,100,HIGH
NSFAS001323,Sipho Molefe,University of KwaZulu-Natal,Education,1,40.0,40.0,4,2,100,HIGH
NSFAS001324,Lerato Mhlongo,University of KwaZulu-Natal,Education,3,75.0,75.0,1,4,0,LOW
NSFAS001325,Zanele Khumalo,University of Johannesburg,Education,2,30.0,25.0,2,3,80,HIGH
NSFAS001326,Mpho Mthethwa,University of Johannesburg,Science,1,68.84,74.0,0,5,0,LOW
NSFAS001327,Zanele Nkosi,University of Johannesburg,Education,4,40.0,28.0,1,2,80,HIGH
NSFAS001328,Kagiso Mkhize,North-West University,Education,3,30.0,51.0,3,5,100,HIGH
NSFAS001329,Lindiwe Mhlongo,University of the Witwatersrand,Arts,2,40.0,37.0,2,0,80,HIGH
NSFAS001330,Lerato Molefe,University of the Free State,Science,3,71.47,95.0,0,4,0,LOW
NSFAS001331,Thabo Dlamini,University of Stellenbosch,Law,2,53.28,65.0,0,4,40,MEDIUM
NSFAS001332,Sipho Nkosi,North-West University,Commerce,3,40.0,59.0,2,4,80,HIGH
NSFAS001333,Andile Mabaso,University of Stellenbosch,Commerce,2,40.0,36.0,4,2,100,HIGH
NSFAS001334,Themba Dlamini,University of the Free State,Commerce,1,30.0,60.0,2,2,80,HIGH
NSFAS001335,Lerato Mthethwa,University of the Witwatersrand,Engineering,2,63.09,71.0,0,5,0,LOW
NSFAS001336,Nokuthula Zulu,University of the Free State,Engineering,1,40.0,56.0,1,1,80,HIGH
NSFAS001337,Thabo Ngcobo,University of the Free State,Commerce,1,54.23,69.0,0,1,40,MEDIUM
NSFAS001338,Lerato Mahlangu,University of Pretoria,Engineering,3,49.0,40.0,2,5,80,HIGH
NSFAS001339,Phumzile Mkhize,University of Cape Town,Education,1,68.41,56.0,3,5,60,HIGH
NSFAS001340,Tshepo Mahlangu,University of Johannesburg,Science,3,75.0,85.0,0,2,0,LOW
NSFAS001341,Themba Mthembu,University of Johannesburg,Law,3,40.0,57.0,2,2,80,HIGH
NSFAS001342,Lindiwe Mthembu,University of Stellenbosch,Engineering,1,40.0,26.0,1,5,80,HIGH
NSFAS001343,Nomsa Mhlongo,University of KwaZulu-Natal,Arts,2,46.15,47.0,3,5,100,HIGH
NSFAS001344,Nokuthula Mokoena,University of the Free State,Arts,4,30.0,63.0,2,3,80,HIGH
NSFAS001345,Kagiso Mokoena,University of KwaZulu-Natal,Arts,2,40.0,32.0,2,1,80,HIGH
NSFAS001346,Nokuthula Molefe,University of Cape Town,Commerce,4,40.0,45.0,1,3,80,HIGH
NSFAS001347,Sibusiso Khumalo,North-West University,Education,2,45.17,53.0,3,5,100,HIGH
NSFAS001348,Sibusiso Khumalo,University of Pretoria,Arts,1,75.0,87.0,0,2,0,LOW
NSFAS001349,Lerato Khumalo,North-West University,Commerce,3,40.0,63.0,3,3,100,HIGH
NSFAS001350,Kagiso Mokoena,University of Cape Town,Education,1,38.08,44.0,2,2,80,HIGH
NSFAS001351,Sibusiso Ngcobo,University of KwaZulu-Natal,Commerce,2,75.0,93.0,1,2,0,LOW
NSFAS001352,Busisiwe Mabaso,University of Stellenbosch,Arts,4,72.45,92.0,0,4,0,LOW
NSFAS001353,Lindiwe Mahlangu,University of Johannesburg,Education,3,52.04,58.0,4,0,60,HIGH
NSFAS001354,Busisiwe Ngcobo,University of KwaZulu-Natal,Engineering,2,40.0,65.0,4,1,100,HIGH
NSFAS001355,Kagiso Molefe,University of Pretoria,Arts,2,75.0,89.0,1,3,0,LOW
NSFAS001356,Tshepo Ngcobo,University of Pretoria,Education,3,48.57,27.0,1,1,80,HIGH
NSFAS001357,Andile Mthethwa,University of the Free State,Law,3,44.85,54.0,3,4,100,HIGH
NSFAS001358,Sibusiso Mhlongo,University of the Witwatersrand,Law,1,38.23,34.0,4,3,100,HIGH
NSFAS001359,Busisiwe Khumalo,North-West University,Science,4,40.0,25.0,4,0,100,HIGH
NSFAS001360,Busisiwe Molefe,University of the Witwatersrand,Commerce,2,45.82,54.0,1,5,80,HIGH
NSFAS001361,Sibusiso Mthethwa,University of the Witwatersrand,Commerce,2,42.22,50.0,2,5,80,HIGH
NSFAS001362,Sibusiso Mokoena,University of Pretoria,Education,3,40.0,41.0,3,3,100,HIGH
NSFAS001363,Themba Mthembu,University of the Free State,Education,2,40.0,59.0,1,1,80,HIGH
NSFAS001364,Nokuthula Mhlongo,University of the Free State,Arts,3,52.97,73.0,1,5,0,LOW
NSFAS001365,Mpho Mhlongo,University of the Free State,Science,1,61.68,72.0,1,4,0,LOW
NSFAS001366,Sibusiso Ngcobo,North-West University,Engineering,3,45.41,42.0,4,2,100,HIGH
NSFAS001367,Kagiso Zulu,University of KwaZulu-Natal,Education,1,40.0,64.0,4,0,100,HIGH
NSFAS001368,Busisiwe Mthembu,University of Johannesburg,Education,2,40.0,30.0,3,5,100,HIGH
NSFAS001369,Phumzile Mahlangu,University of KwaZulu-Natal,Engineering,2,40.0,46.0,2,3,80,HIGH
NSFAS001370,Themba Mkhize,North-West University,Science,2,30.0,23.0,3,0,100,HIGH
NSFAS001371,Phumzile Khumalo,University of Johannesburg,Commerce,4,57.6,78.0,0,1,0,LOW
NSFAS001372,Zanele Mhlongo,University of the Witwatersrand,Education,1,54.86,0.0,1,2,40,MEDIUM
NSFAS001373,Mpho Mkhize,University of the Witwatersrand,Engineering,1,75.0,83.0,0,0,0,LOW
NSFAS001374,Thabo Nkosi,University of Pretoria,Arts,2,88.92,88.0,1,4,0,LOW
NSFAS001375,Busisiwe Mahlangu,University of the Free State,Law,3,46.86,30.0,4,2,100,HIGH
NSFAS001376,Phumzile Mthethwa,University of the Witwatersrand,Education,1,40.0,55.0,3,4,100,HIGH
NSFAS001377,Thabo Khumalo,University of Cape Town,Education,2,61.11,55.0,3,0,60,HIGH
NSFAS001378,Nokuthula Mhlongo,University of Pretoria,Science,3,71.33,87.0,1,5,0,LOW
NSFAS001379,Phumzile Mokoena,University of Stellenbosch,Arts,1,55.43,55.0,4,2,60,HIGH
NSFAS001380,Thabo Mthethwa,North-West University,Science,1,49.0,29.0,1,4,80,HIGH
NSFAS001381,Kagiso Zulu,University of the Free State,Engineering,4,66.29,68.0,1,4,40,MEDIUM
NSFAS001382,Kagiso Khumalo,University of Cape Town,Science,3,52.19,55.0,3,1,60,HIGH
NSFAS001383,Sipho Molefe,North-West University,Commerce,1,59.82,68.0,0,3,40,MEDIUM
NSFAS001384,Andile Nkosi,University of Cape Town,Education,3,54.58,61.0,0,3,40,MEDIUM
NSFAS001385,Phumzile Molefe,University of the Free State,Arts,4,30.0,48.0,2,4,80,HIGH
NSFAS001386,Sipho Khumalo,University of Johannesburg,Law,4,48.27,26.0,3,3,100,HIGH
NSFAS001387,Themba Zulu,North-West University,Law,4,30.0,23.0,1,4,80,HIGH
NSFAS001388,Kagiso Mthembu,University of the Witwatersrand,Education,4,50.6,60.0,0,5,40,MEDIUM
NSFAS001389,Zanele Nkosi,North-West University,Law,3,46.83,48.0,1,1,80,HIGH
NSFAS001390,Phumzile Mthembu,University of the Free State,Engineering,2,40.9,64.0,4,3,100,HIGH
NSFAS001391,Busisiwe Nkosi,University of KwaZulu-Natal,Commerce,2,40.0,54.0,2,3,80,HIGH
NSFAS001392,Thabo Mkhize,University of Cape Town,Education,3,44.29,0.0,2,4,80,HIGH
NSFAS001393,Themba Khumalo,University of Stellenbosch,Law,3,30.0,50.0,4,4,100,HIGH
NSFAS001394,Lerato Ngcobo,University of Cape Town,Education,2,74.58,83.0,0,3,0,LOW
NSFAS001395,Zanele Mokoena,University of KwaZulu-Natal,Arts,2,77.18,0.0,1,5,40,MEDIUM
NSFAS001396,Nokuthula Zulu,University of Johannesburg,Commerce,1,65.88,77.0,1,0,0,LOW
NSFAS001397,Sipho Zulu,University of the Witwatersrand,Science,1,45.9,22.0,3,5,100,HIGH
NSFAS001398,Zanele Zulu,University of Stellenbosch,Engineering,2,40.0,20.0,2,1,80,HIGH
NSFAS001399,Busisiwe Zulu,University of Cape Town,Science,4,46.84,37.0,1,1,80,HIGH
NSFAS001400,Andile Mahlangu,University of Johannesburg,Arts,3,75.0,90.0,1,4,0,LOW
NSFAS001401,Sipho Zulu,University of KwaZulu-Natal,Engineering,3,50.34,70.0,1,5,0,LOW
NSFAS001402,Busisiwe Zulu,University of the Free State,Law,2,40.62,56.0,2,2,80,HIGH
NSFAS001403,Nomsa Ngcobo,University of Pretoria,Education,3,30.0,53.0,1,4,80,HIGH
NSFAS001404,Tshepo Ngcobo,University of Stellenbosch,Commerce,3,30.0,29.0,2,1,80,HIGH
NSFAS001405,Sibusiso Mthethwa,University of the Witwatersrand,Engineering,4,44.88,63.0,3,1,100,HIGH
NSFAS001406,Kagiso Mthembu,University of the Witwatersrand,Commerce,3,70.22,89.0,1,1,0,LOW
NSFAS001407,Nomsa Mokoena,University of Johannesburg,Science,2,75.0,89.0,1,5,0,LOW
NSFAS001408,Kagiso Mthembu,North-West University,Arts,3,75.0,90.0,0,0,0,LOW
NSFAS001409,Lindiwe Molefe,University of Johannesburg,Science,4,47.82,41.0,3,2,100,HIGH
NSFAS001410,Andile Nkosi,University of Cape Town,Science,4,63.27,67.0,1,4,40,MEDIUM
NSFAS001411,Sibusiso Mahlangu,University of KwaZulu-Natal,Law,3,40.0,54.0,2,2,80,HIGH
NSFAS001412,Nokuthula Nkosi,University of the Free State,Commerce,1,40.0,38.0,2,1,80,HIGH
NSFAS001413,Zanele Nkosi,University of the Witwatersrand,Education,4,30.0,59.0,3,1,100,HIGH
NSFAS001414,Nomsa Zulu,University of KwaZulu-Natal,Arts,2,61.91,79.0,1,5,0,LOW
NSFAS001415,Nomsa Mabaso,University of KwaZulu-Natal,Engineering,4,50.56,85.0,0,2,0,LOW
NSFAS001416,Tshepo Mkhize,North-West University,Commerce,2,75.0,95.0,0,3,0,LOW
NSFAS001417,Tshepo Mahlangu,University of Johannesburg,Engineering,3,40.0,42.0,1,1,80,HIGH
NSFAS001418,Nokuthula Molefe,University of the Witwatersrand,Law,4,40.0,62.0,2,5,80,HIGH
NSFAS001419,Sibusiso Dlamini,University of the Witwatersrand,Engineering,1,75.0,95.0,1,2,0,LOW
NSFAS001420,Thabo Mhlongo,University of Pretoria,Engineering,1,40.0,63.0,1,4,80,HIGH
NSFAS001421,Themba Molefe,University of the Free State,Commerce,4,47.03,43.0,4,5,100,HIGH
NSFAS001422,Thabo Mthembu,University of Cape Town,Commerce,2,52.46,72.0,0,4,0,LOW
NSFAS001423,Tshepo Mahlangu,University of Stellenbosch,Education,4,62.35,73.0,1,2,0,LOW
NSFAS001424,Andile Mkhize,University of Johannesburg,Education,2,40.0,21.0,1,3,80,HIGH
NSFAS001425,Sipho Mthembu,University of Stellenbosch,Science,4,40.0,56.0,4,0,100,HIGH
NSFAS001426,Phumzile Mahlangu,University of Johannesburg,Arts,1,50.03,66.0,1,3,40,MEDIUM
NSFAS001427,Nomsa Mokoena,University of Stellenbosch,Law,4,33.16,47.0,2,5,80,HIGH
NSFAS001428,Lerato Mthembu,University of Johannesburg,Commerce,1,75.0,95.0,0,1,0,LOW
NSFAS001429,Tshepo Mokoena,University of Johannesburg,Education,4,40.0,47.0,3,5,100,HIGH
NSFAS001430,Phumzile Mabaso,University of KwaZulu-Natal,Law,4,49.0,58.0,1,0,80,HIGH
NSFAS001431,Lerato Mhlongo,University of Johannesburg,Science,1,40.0,44.0,1,5,80,HIGH
NSFAS001432,Busisiwe Dlamini,University of Stellenbosch,Arts,2,30.0,33.0,4,2,100,HIGH
NSFAS001433,Zanele Mabaso,University of Pretoria,Engineering,4,72.58,95.0,0,1,0,LOW
NSFAS001434,Phumzile Zulu,University of KwaZulu-Natal,Commerce,3,40.0,20.0,1,3,80,HIGH
NSFAS001435,Lindiwe Khumalo,North-West University,Commerce,2,61.9,73.0,1,2,0,LOW
NSFAS001436,Lindiwe Dlamini,University of Stellenbosch,Law,2,60.89,60.0,1,0,40,MEDIUM
NSFAS001437,Andile Khumalo,University of the Free State,Arts,3,40.71,47.0,3,1,100,HIGH
NSFAS001438,Zanele Mthembu,University of Pretoria,Law,3,51.39,64.0,0,0,40,MEDIUM
NSFAS001439,Tshepo Mthembu,University of Cape Town,Arts,3,75.0,94.0,1,0,0,LOW
NSFAS001440,Sibusiso Zulu,University of Pretoria,Commerce,2,40.0,28.0,2,2,80,HIGH
NSFAS001441,Nokuthula Dlamini,University of Johannesburg,Commerce,2,40.0,48.0,2,5,80,HIGH
NSFAS001442,Kagiso Mkhize,University of the Witwatersrand,Law,1,75.0,95.0,1,0,0,LOW
NSFAS001443,Busisiwe Mahlangu,University of KwaZulu-Natal,Law,3,34.07,22.0,1,0,80,HIGH
NSFAS001444,Kagiso Dlamini,University of Cape Town,Education,1,40.0,31.0,4,3,100,HIGH
NSFAS001445,Busisiwe Mthembu,University of Johannesburg,Engineering,3,48.54,38.0,2,3,80,HIGH
NSFAS001446,Tshepo Nkosi,North-West University,Education,2,46.79,40.0,3,0,100,HIGH
NSFAS001447,Zanele Ngcobo,University of KwaZulu-Natal,Education,3,75.0,95.0,1,1,0,LOW
NSFAS001448,Nomsa Mthembu,University of the Witwatersrand,Arts,4,90.51,78.0,0,0,0,LOW
NSFAS001449,Thabo Molefe,University of Johannesburg,Law,2,63.3,58.0,4,5,60,HIGH
NSFAS001450,Sibusiso Khumalo,North-West University,Commerce,4,40.0,24.0,4,2,100,HIGH
NSFAS001451,Lindiwe Mthethwa,University of Stellenbosch,Law,4,30.0,52.0,3,0,100,HIGH
NSFAS001452,Lerato Mkhize,North-West University,Arts,2,77.05,95.0,1,1,0,LOW
NSFAS001453,Busisiwe Ngcobo,University of Cape Town,Arts,1,40.0,31.0,1,1,80,HIGH
NSFAS001454,Zanele Mthethwa,University of Stellenbosch,Engineering,1,55.86,74.0,0,5,0,LOW
NSFAS001455,Tshepo Mabaso,University of Stellenbosch,Education,4,43.21,55.0,3,0,100,HIGH
NSFAS001456,Zanele Mthembu,University of KwaZulu-Natal,Commerce,2,53.9,62.0,1,2,40,MEDIUM
NSFAS001457,Zanele Molefe,University of Johannesburg,Science,2,95.0,95.0,0,5,0,LOW
NSFAS001458,Thabo Khumalo,University of Johannesburg,Law,4,40.0,65.0,1,1,80,HIGH
NSFAS001459,Nomsa Mahlangu,University of Cape Town,Science,1,30.0,50.0,4,0,100,HIGH
NSFAS001460,Sipho Mabaso,University of Pretoria,Science,4,40.0,63.0,1,4,80,HIGH
NSFAS001461,Mpho Mhlongo,University of the Witwatersrand,Education,2,72.08,90.0,0,5,0,LOW
NSFAS001462,Andile Zulu,University of Pretoria,Arts,1,40.0,40.0,4,1,100,HIGH
NSFAS001463,Lindiwe Nkosi,University of Johannesburg,Commerce,4,34.23,43.0,2,1,80,HIGH
NSFAS001464,Nokuthula Molefe,North-West University,Arts,1,40.0,49.0,1,0,80,HIGH
NSFAS001465,Nokuthula Mkhize,University of Stellenbosch,Law,3,40.0,45.0,1,5,80,HIGH
NSFAS001466,Tshepo Mhlongo,University of KwaZulu-Natal,Arts,3,71.22,86.0,0,4,0,LOW
NSFAS001467,Zanele Khumalo,University of KwaZulu-Natal,Commerce,1,30.0,54.0,1,0,80,HIGH
NSFAS001468,Nomsa Mahlangu,University of Johannesburg,Arts,2,67.41,78.0,1,2,0,LOW
NSFAS001469,Tshepo Mahlangu,University of Pretoria,Science,1,40.0,50.0,3,3,100,HIGH
NSFAS001470,Nomsa Mahlangu,University of the Witwatersrand,Engineering,2,40.0,44.0,4,5,100,HIGH
NSFAS001471,Kagiso Ngcobo,University of Stellenbosch,Education,2,54.64,82.0,0,1,0,LOW
NSFAS001472,Busisiwe Dlamini,University of Stellenbosch,Law,4,75.0,95.0,0,1,0,LOW
NSFAS001473,Sibusiso Mkhize,University of Stellenbosch,Science,1,75.0,95.0,0,3,0,LOW
NSFAS001474,Kagiso Mhlongo,North-West University,Law,3,40.0,25.0,3,1,100,HIGH
NSFAS001475,Zanele Mthembu,University of the Free State,Engineering,2,48.47,59.0,1,5,80,HIGH
NSFAS001476,Kagiso Mabaso,University of Stellenbosch,Engineering,4,40.0,22.0,2,2,80,HIGH
NSFAS001477,Nomsa Nkosi,University of the Free State,Engineering,2,40.0,20.0,2,2,80,HIGH
NSFAS001478,Lindiwe Dlamini,University of Stellenbosch,Education,1,40.0,38.0,2,2,80,HIGH
NSFAS001479,Sibusiso Mahlangu,University of the Witwatersrand,Education,3,30.0,59.0,3,4,100,HIGH
NSFAS001480,Nokuthula Mahlangu,University of Johannesburg,Arts,4,40.0,24.0,4,3,100,HIGH
NSFAS001481,Phumzile Zulu,University of Pretoria,Law,2,45.33,40.0,1,2,80,HIGH
NSFAS001482,Zanele Mhlongo,University of Johannesburg,Education,2,40.0,30.0,4,5,100,HIGH
NSFAS001483,Mpho Mthembu,University of the Free State,Arts,2,75.0,84.0,0,1,0,LOW
NSFAS001484,Zanele Dlamini,North-West University,Arts,3,74.89,89.0,1,1,0,LOW
NSFAS001485,Lindiwe Mhlongo,University of Stellenbosch,Engineering,1,40.0,46.0,3,2,100,HIGH
NSFAS001486,Mpho Ngcobo,University of Cape Town,Commerce,4,42.64,62.0,4,4,100,HIGH
NSFAS001487,Kagiso Mabaso,University of the Witwatersrand,Arts,2,77.78,95.0,0,2,0,LOW
NSFAS001488,Sipho Khumalo,University of Johannesburg,Commerce,1,40.0,55.0,3,4,100,HIGH
NSFAS001489,Lerato Mokoena,University of Johannesburg,Engineering,2,40.0,21.0,4,4,100,HIGH
NSFAS001490,Zanele Mabaso,North-West University,Arts,3,40.0,56.0,1,0,80,HIGH
NSFAS001491,Sipho Zulu,University of the Free State,Engineering,4,42.58,35.0,4,3,100,HIGH
NSFAS001492,Sibusiso Nkosi,University of the Free State,Arts,2,51.84,61.0,0,2,40,MEDIUM
NSFAS001493,Mpho Mhlongo,University of Johannesburg,Commerce,3,59.66,67.0,1,3,40,MEDIUM
NSFAS001494,Sipho Mhlongo,University of Johannesburg,Science,1,75.0,95.0,1,4,0,LOW
NSFAS001495,Sibusiso Mthethwa,University of Stellenbosch,Arts,4,40.0,38.0,2,5,80,HIGH
NSFAS001496,Zanele Mhlongo,North-West University,Commerce,4,60.53,66.0,1,0,40,MEDIUM
NSFAS001497,Sibusiso Ngcobo,University of Pretoria,Law,4,75.0,90.0,1,0,0,LOW
NSFAS001498,Thabo Mhlongo,University of Johannesburg,Engineering,3,40.0,0.0,2,4,80,HIGH
NSFAS001499,Themba Mabaso,University of Stellenbosch,Arts,3,41.76,34.0,2,4,80,HIGH
NSFAS001500,Busisiwe Zulu,University of the Free State,Law,4,75.0,82.0,1,5,0,LOW
NSFAS001501,Nokuthula Mthembu,University of Cape Town,Education,1,55.29,66.0,1,4,40,MEDIUM
NSFAS001502,Thabo Mabaso,University of the Witwatersrand,Law,3,40.0,23.0,3,3,100,HIGH
NSFAS001503,Phumzile Mthembu,University of KwaZulu-Natal,Engineering,2,55.95,81.0,1,1,0,LOW
NSFAS001504,Zanele Khumalo,University of the Witwatersrand,Science,4,30.0,60.0,2,1,80,HIGH
NSFAS001505,Busisiwe Mhlongo,University of Stellenbosch,Arts,3,75.0,95.0,0,0,0,LOW
NSFAS001506,Themba Mhlongo,University of Cape Town,Law,3,75.0,90.0,0,3,0,LOW
NSFAS001507,Sibusiso Mahlangu,University of the Free State,Engineering,1,75.0,95.0,1,1,0,LOW
NSFAS001508,Phumzile Khumalo,North-West University,Commerce,1,75.0,94.0,0,1,0,LOW
NSFAS001509,Sipho Mkhize,University of Cape Town,Science,3,40.0,31.0,1,0,80,HIGH
NSFAS001510,Themba Nkosi,North-West University,Commerce,3,30.0,49.0,1,0,80,HIGH
NSFAS001511,Nokuthula Mkhize,University of Pretoria,Arts,1,48.21,61.0,0,2,80,HIGH
NSFAS001512,Zanele Khumalo,University of Johannesburg,Engineering,4,75.0,77.0,1,2,0,LOW
NSFAS001513,Nomsa Nkosi,University of Pretoria,Commerce,4,71.57,95.0,1,0,0,LOW
NSFAS001514,Andile Ngcobo,University of Stellenbosch,Science,4,40.0,22.0,1,4,80,HIGH
NSFAS001515,Andile Ngcobo,University of Cape Town,Arts,2,75.0,95.0,0,5,0,LOW
NSFAS001516,Themba Zulu,North-West University,Engineering,1,80.67,95.0,0,1,0,LOW
NSFAS001517,Sibusiso Mthethwa,University of Pretoria,Commerce,2,57.09,66.0,0,5,40,MEDIUM
NSFAS001518,Zanele Mthethwa,University of the Free State,Law,4,76.67,81.0,0,2,0,LOW
NSFAS001519,Zanele Dlamini,University of Stellenbosch,Arts,1,30.0,34.0,3,0,100,HIGH
NSFAS001520,Andile Ngcobo,University of Cape Town,Education,3,43.33,25.0,3,4,100,HIGH
NSFAS001521,Tshepo Mhlongo,University of KwaZulu-Natal,Engineering,2,51.12,79.0,0,0,0,LOW
NSFAS001522,Phumzile Nkosi,North-West University,Commerce,2,53.12,58.0,2,0,40,MEDIUM
NSFAS001523,Nomsa Nkosi,North-West University,Arts,4,30.47,37.0,3,4,100,HIGH
NSFAS001524,Zanele Ngcobo,University of Pretoria,Education,3,75.0,83.0,0,1,0,LOW
NSFAS001525,Thabo Ngcobo,University of Pretoria,Commerce,1,30.0,48.0,3,3,100,HIGH
NSFAS001526,Thabo Mhlongo,University of Stellenbosch,Education,2,40.0,21.0,3,3,100,HIGH
NSFAS001527,Sibusiso Ngcobo,North-West University,Engineering,4,71.75,95.0,1,2,0,LOW
NSFAS001528,Thabo Mkhize,University of the Free State,Engineering,4,72.89,80.0,1,4,0,LOW
NSFAS001529,Nomsa Mkhize,University of Stellenbosch,Arts,3,50.54,63.0,0,2,40,MEDIUM
NSFAS001530,Zanele Molefe,University of Johannesburg,Science,3,40.0,58.0,3,1,100,HIGH
NSFAS001531,Themba Mthembu,University of the Witwatersrand,Science,2,30.0,50.0,3,5,100,HIGH
NSFAS001532,Busisiwe Dlamini,University of Pretoria,Commerce,4,40.0,28.0,3,5,100,HIGH
NSFAS001533,Thabo Mthethwa,University of the Free State,Science,4,52.91,67.0,1,1,40,MEDIUM
NSFAS001534,Sibusiso Khumalo,University of the Free State,Commerce,4,75.0,95.0,0,2,0,LOW
NSFAS001535,Busisiwe Mkhize,University of Cape Town,Science,3,64.28,65.0,0,1,40,MEDIUM
NSFAS001536,Andile Mabaso,University of the Free State,Engineering,3,48.54,20.0,2,0,80,HIGH
NSFAS001537,Lerato Khumalo,University of the Witwatersrand,Engineering,4,40.0,52.0,4,3,100,HIGH
NSFAS001538,Nomsa Mabaso,University of Pretoria,Law,1,40.0,34.0,3,3,100,HIGH
NSFAS001539,Nokuthula Mokoena,University of Pretoria,Commerce,1,34.85,22.0,4,3,100,HIGH
NSFAS001540,Thabo Mokoena,University of Pretoria,Law,4,40.0,0.0,4,4,100,HIGH
NSFAS001541,Lerato Mahlangu,University of the Witwatersrand,Science,1,40.0,62.0,1,4,80,HIGH
NSFAS001542,Phumzile Mahlangu,University of Stellenbosch,Science,3,30.0,49.0,3,3,100,HIGH
NSFAS001543,Nomsa Mahlangu,University of Cape Town,Engineering,4,40.0,47.0,1,5,80,HIGH
NSFAS001544,Themba Zulu,North-West University,Science,4,30.0,41.0,1,0,80,HIGH
NSFAS001545,Kagiso Mhlongo,North-West University,Arts,2,40.0,64.0,4,4,100,HIGH
NSFAS001546,Themba Mhlongo,University of Johannesburg,Science,3,40.0,64.0,3,2,100,HIGH
NSFAS001547,Lerato Mahlangu,University of the Witwatersrand,Arts,1,75.0,95.0,0,5,0,LOW
NSFAS001548,Themba Khumalo,University of Johannesburg,Arts,1,75.0,79.0,1,1,0,LOW
NSFAS001549,Themba Ngcobo,University of Cape Town,Education,1,44.38,59.0,3,4,100,HIGH
NSFAS001550,Nomsa Ngcobo,University of Stellenbosch,Law,1,64.77,77.0,0,3,0,LOW
NSFAS001551,Zanele Mhlongo,University of Cape Town,Arts,3,40.0,61.0,1,4,80,HIGH
NSFAS001552,Lindiwe Nkosi,University of Johannesburg,Arts,2,40.0,51.0,2,5,80,HIGH
NSFAS001553,Andile Dlamini,University of Pretoria,Engineering,1,75.0,87.0,0,0,0,LOW
NSFAS001554,Mpho Zulu,University of KwaZulu-Natal,Law,1,75.0,78.0,0,2,0,LOW
NSFAS001555,Lerato Khumalo,University of Pretoria,Science,3,44.19,62.0,1,0,80,HIGH
NSFAS001556,Busisiwe Mthethwa,University of KwaZulu-Natal,Law,4,75.0,95.0,0,3,0,LOW
NSFAS001557,Lerato Molefe,University of Stellenbosch,Education,2,52.46,70.0,1,4,0,LOW
NSFAS001558,Andile Mahlangu,University of Stellenbosch,Engineering,3,49.0,29.0,4,5,100,HIGH
NSFAS001559,Lerato Zulu,University of Pretoria,Law,1,60.84,57.0,3,4,60,HIGH
NSFAS001560,Zanele Dlamini,University of the Witwatersrand,Education,2,95.0,75.0,1,0,0,LOW
NSFAS001561,Kagiso Mthethwa,University of the Witwatersrand,Law,4,49.0,55.0,1,4,80,HIGH
NSFAS001562,Lindiwe Mhlongo,North-West University,Engineering,4,40.0,49.0,4,2,100,HIGH
NSFAS001563,Nomsa Mabaso,University of Stellenbosch,Arts,2,30.0,31.0,1,4,80,HIGH
NSFAS001564,Sipho Mabaso,University of Pretoria,Commerce,2,82.29,92.0,0,5,0,LOW
NSFAS001565,Themba Mahlangu,North-West University,Commerce,4,40.0,54.0,4,5,100,HIGH
NSFAS001566,Andile Ngcobo,University of Pretoria,Commerce,3,40.0,24.0,2,2,80,HIGH
NSFAS001567,Busisiwe Mabaso,University of KwaZulu-Natal,Law,3,41.11,59.0,4,4,100,HIGH
NSFAS001568,Sibusiso Mokoena,University of KwaZulu-Natal,Engineering,3,30.0,36.0,3,5,100,HIGH
NSFAS001569,Phumzile Mthembu,University of Johannesburg,Law,2,61.73,76.0,1,1,0,LOW
NSFAS001570,Nomsa Zulu,University of the Free State,Law,1,40.0,46.0,1,0,80,HIGH
NSFAS001571,Kagiso Ngcobo,North-West University,Commerce,1,40.0,65.0,2,3,80,HIGH
NSFAS001572,Tshepo Khumalo,University of the Witwatersrand,Education,4,91.01,79.0,1,1,0,LOW
NSFAS001573,Nokuthula Khumalo,University of Johannesburg,Education,1,30.0,44.0,3,0,100,HIGH
NSFAS001574,Mpho Mabaso,University of Johannesburg,Education,3,72.91,77.0,1,3,0,LOW
NSFAS001575,Lindiwe Dlamini,University of Stellenbosch,Law,2,75.0,83.0,0,3,0,LOW
NSFAS001576,Thabo Khumalo,University of Stellenbosch,Science,3,40.0,42.0,3,0,100,HIGH
NSFAS001577,Themba Dlamini,University of Stellenbosch,Engineering,1,30.0,56.0,4,4,100,HIGH
NSFAS001578,Nokuthula Dlamini,University of Pretoria,Education,4,40.0,33.0,3,5,100,HIGH
NSFAS001579,Zanele Mthembu,University of Stellenbosch,Engineering,1,40.0,37.0,3,1,100,HIGH
NSFAS001580,Lindiwe Zulu,University of Johannesburg,Education,3,75.0,94.0,1,0,0,LOW
NSFAS001581,Lerato Mthethwa,University of Cape Town,Law,2,75.0,95.0,0,5,0,LOW
NSFAS001582,Nomsa Ngcobo,University of Pretoria,Science,3,75.0,95.0,0,2,0,LOW
NSFAS001583,Busisiwe Mabaso,University of Cape Town,Engineering,4,53.05,72.0,0,4,0,LOW
NSFAS001584,Busisiwe Molefe,North-West University,Arts,3,30.0,60.0,3,4,100,HIGH
NSFAS001585,Thabo Dlamini,University of KwaZulu-Natal,Science,3,75.0,83.0,0,2,0,LOW
NSFAS001586,Themba Mhlongo,University of KwaZulu-Natal,Engineering,2,75.0,81.0,1,0,0,LOW
NSFAS001587,Kagiso Mthembu,University of Stellenbosch,Arts,1,75.0,82.0,0,1,0,LOW
NSFAS001588,Sibusiso Khumalo,University of Stellenbosch,Law,2,75.0,77.0,1,5,0,LOW
NSFAS001589,Themba Mkhize,University of the Free State,Arts,3,55.94,67.0,0,4,40,MEDIUM
NSFAS001590,Andile Nkosi,University of the Witwatersrand,Arts,1,75.0,85.0,1,3,0,LOW
NSFAS001591,Themba Mahlangu,University of Pretoria,Engineering,2,42.7,43.0,4,2,100,HIGH
NSFAS001592,Zanele Mahlangu,University of Pretoria,Law,1,75.0,95.0,0,4,0,LOW
NSFAS001593,Sipho Mokoena,University of Cape Town,Arts,4,40.0,65.0,4,2,100,HIGH
NSFAS001594,Zanele Mabaso,University of Cape Town,Education,4,40.0,50.0,2,5,80,HIGH
NSFAS001595,Sipho Zulu,University of Cape Town,Science,2,40.0,61.0,2,0,80,HIGH
NSFAS001596,Themba Zulu,University of the Witwatersrand,Science,2,40.2,40.0,1,3,80,HIGH
NSFAS001597,Lerato Dlamini,University of KwaZulu-Natal,Law,4,49.0,55.0,3,4,100,HIGH
NSFAS001598,Tshepo Mokoena,University of Pretoria,Education,2,30.9,47.0,3,2,100,HIGH
NSFAS001599,Busisiwe Mhlongo,University of the Witwatersrand,Science,2,75.0,93.0,1,4,0,LOW
NSFAS001600,Phumzile Mthembu,University of the Free State,Education,1,75.01,95.0,1,0,0,LOW
NSFAS001601,Lindiwe Nkosi,University of the Free State,Commerce,3,95.0,85.0,0,4,0,LOW
NSFAS001602,Zanele Khumalo,North-West University,Education,1,75.0,95.0,1,2,0,LOW
NSFAS001603,Sipho Molefe,North-West University,Law,3,40.0,33.0,3,5,100,HIGH
NSFAS001604,Kagiso Mokoena,North-West University,Engineering,1,46.42,35.0,3,2,100,HIGH
NSFAS001605,Nomsa Mthethwa,University of the Witwatersrand,Arts,2,79.42,95.0,1,0,0,LOW
NSFAS001606,Tshepo Mabaso,University of KwaZulu-Natal,Education,4,75.0,93.0,0,1,0,LOW
NSFAS001607,Themba Mahlangu,University of Cape Town,Engineering,3,95.0,89.0,1,2,0,LOW
NSFAS001608,Sibusiso Mkhize,North-West University,Education,1,40.0,49.0,4,3,100,HIGH
NSFAS001609,Lerato Dlamini,North-West University,Science,2,75.0,90.0,0,5,0,LOW
NSFAS001610,Phumzile Mabaso,University of the Free State,Engineering,1,65.76,63.0,0,4,40,MEDIUM
NSFAS001611,Thabo Mthembu,University of the Free State,Law,2,44.06,50.0,1,5,80,HIGH
NSFAS001612,Phumzile Khumalo,University of Pretoria,Education,1,75.0,75.0,1,2,0,LOW
NSFAS001613,Sibusiso Mthembu,University of Stellenbosch,Commerce,4,65.86,72.0,1,4,0,LOW
NSFAS001614,Lerato Mthembu,North-West University,Arts,4,40.0,28.0,1,4,80,HIGH
NSFAS001615,Sipho Zulu,University of Cape Town,Science,3,40.0,31.0,3,2,100,HIGH
NSFAS001616,Busisiwe Nkosi,University of Stellenbosch,Education,3,52.46,65.0,0,4,40,MEDIUM
NSFAS001617,Mpho Khumalo,University of the Free State,Law,2,70.27,89.0,0,2,0,LOW
NSFAS001618,Lindiwe Mthethwa,University of the Free State,Law,2,30.0,34.0,3,2,100,HIGH
NSFAS001619,Kagiso Dlamini,University of Pretoria,Commerce,1,64.29,0.0,3,1,60,HIGH
NSFAS001620,Tshepo Zulu,University of the Free State,Engineering,2,40.0,65.0,4,2,100,HIGH
NSFAS001621,Busisiwe Molefe,University of KwaZulu-Natal,Law,1,40.0,51.0,3,0,100,HIGH
NSFAS001622,Themba Mkhize,University of Stellenbosch,Law,1,47.42,55.0,3,1,100,HIGH
NSFAS001623,Themba Khumalo,North-West University,Commerce,1,68.58,64.0,0,5,40,MEDIUM
NSFAS001624,Tshepo Mabaso,University of Cape Town,Science,3,40.0,50.0,1,2,80,HIGH
NSFAS001625,Nomsa Mahlangu,University of KwaZulu-Natal,Science,1,40.0,20.0,4,4,100,HIGH
NSFAS001626,Thabo Nkosi,North-West University,Arts,2,30.0,58.0,2,1,80,HIGH
NSFAS001627,Nokuthula Khumalo,University of Johannesburg,Engineering,3,61.97,80.0,1,0,0,LOW
NSFAS001628,Zanele Ngcobo,University of KwaZulu-Natal,Engineering,3,40.0,48.0,2,1,80,HIGH
NSFAS001629,Thabo Ngcobo,University of Stellenbosch,Law,2,75.0,79.0,1,1,0,LOW
NSFAS001630,Thabo Mhlongo,University of Johannesburg,Engineering,3,40.0,48.0,3,0,100,HIGH
NSFAS001631,Nokuthula Nkosi,North-West University,Commerce,2,75.0,76.0,1,2,0,LOW
NSFAS001632,Kagiso Mthembu,North-West University,Arts,2,30.0,63.0,3,3,100,HIGH
NSFAS001633,Sibusiso Nkosi,University of Pretoria,Law,2,30.0,44.0,1,1,80,HIGH
NSFAS001634,Mpho Mkhize,North-West University,Law,1,40.0,49.0,4,4,100,HIGH
NSFAS001635,Lindiwe Khumalo,North-West University,Education,4,75.0,89.0,1,3,0,LOW
NSFAS001636,Lerato Dlamini,University of Johannesburg,Commerce,2,40.0,56.0,4,4,100,HIGH
NSFAS001637,Thabo Mabaso,University of the Witwatersrand,Engineering,2,50.21,68.0,0,5,40,MEDIUM
NSFAS001638,Sipho Ngcobo,University of the Witwatersrand,Engineering,3,45.24,54.0,2,3,80,HIGH
NSFAS001639,Phumzile Mabaso,University of the Free State,Engineering,3,40.0,50.0,3,5,100,HIGH
NSFAS001640,Phumzile Zulu,University of Pretoria,Education,1,40.0,21.0,1,3,80,HIGH
NSFAS001641,Lerato Mahlangu,University of the Witwatersrand,Engineering,4,55.08,72.0,1,5,0,LOW
NSFAS001642,Nomsa Mahlangu,University of the Free State,Law,4,75.0,95.0,0,3,0,LOW
NSFAS001643,Thabo Khumalo,North-West University,Science,3,68.19,62.0,1,4,40,MEDIUM
NSFAS001644,Nokuthula Dlamini,University of Cape Town,Science,4,73.61,85.0,0,3,0,LOW
NSFAS001645,Themba Mthembu,University of the Witwatersrand,Education,4,69.93,0.0,0,4,40,MEDIUM
NSFAS001646,Andile Molefe,University of Johannesburg,Law,1,49.0,39.0,1,1,80,HIGH
NSFAS001647,Andile Mabaso,University of Johannesburg,Engineering,1,54.14,58.0,1,3,40,MEDIUM
NSFAS001648,Phumzile Zulu,University of the Free State,Arts,2,30.0,48.0,4,2,100,HIGH
NSFAS001649,Lerato Dlamini,University of KwaZulu-Natal,Engineering,3,70.15,81.0,0,3,0,LOW
NSFAS001650,Kagiso Mokoena,University of KwaZulu-Natal,Law,4,69.63,56.0,4,3,60,HIGH
NSFAS001651,Nomsa Mthembu,University of Pretoria,Education,3,75.0,75.0,1,5,0,LOW
NSFAS001652,Zanele Mhlongo,University of Cape Town,Law,4,44.47,27.0,4,5,100,HIGH
NSFAS001653,Sibusiso Mabaso,University of Pretoria,Education,2,40.0,55.0,4,4,100,HIGH
NSFAS001654,Lerato Mthethwa,University of the Witwatersrand,Law,4,30.0,29.0,2,0,80,HIGH
NSFAS001655,Themba Ngcobo,University of Johannesburg,Science,2,58.65,63.0,1,2,40,MEDIUM
NSFAS001656,Nokuthula Mthethwa,University of the Free State,Engineering,3,60.84,74.0,1,3,0,LOW
NSFAS001657,Phumzile Mthethwa,University of Cape Town,Science,4,57.17,61.0,1,0,40,MEDIUM
NSFAS001658,Andile Khumalo,University of the Free State,Law,3,75.0,90.0,0,5,0,LOW
NSFAS001659,Themba Mkhize,University of Johannesburg,Law,3,75.0,76.0,0,0,0,LOW
NSFAS001660,Thabo Mthembu,University of KwaZulu-Natal,Arts,3,75.0,87.0,0,3,0,LOW
NSFAS001661,Nomsa Mahlangu,University of the Free State,Commerce,2,40.0,50.0,1,5,80,HIGH
NSFAS001662,Themba Mkhize,University of the Free State,Commerce,2,30.0,28.0,4,5,100,HIGH
NSFAS001663,Lerato Ngcobo,University of Johannesburg,Law,3,75.0,80.0,0,3,0,LOW
NSFAS001664,Thabo Mokoena,University of Stellenbosch,Education,3,73.15,95.0,1,4,0,LOW
NSFAS001665,Phumzile Mhlongo,University of Stellenbosch,Engineering,1,59.52,85.0,1,3,0,LOW
NSFAS001666,Nomsa Nkosi,North-West University,Law,3,40.0,49.0,1,4,80,HIGH
NSFAS001667,Andile Mkhize,University of the Free State,Law,3,40.0,37.0,2,5,80,HIGH
NSFAS001668,Nokuthula Mahlangu,University of the Witwatersrand,Science,4,40.0,62.0,1,5,80,HIGH
NSFAS001669,Nokuthula Mkhize,University of the Free State,Education,3,75.0,87.0,1,2,0,LOW
NSFAS001670,Lerato Molefe,University of Stellenbosch,Engineering,3,95.0,75.0,1,1,0,LOW
NSFAS001671,Mpho Dlamini,University of Stellenbosch,Education,2,54.24,60.0,1,2,40,MEDIUM
NSFAS001672,Lerato Mabaso,University of Cape Town,Commerce,4,40.0,31.0,3,0,100,HIGH
NSFAS001673,Nokuthula Dlamini,University of Johannesburg,Arts,2,62.9,67.0,0,0,40,MEDIUM
NSFAS001674,Nomsa Khumalo,University of Stellenbosch,Education,4,56.13,70.0,1,2,0,LOW
NSFAS001675,Zanele Zulu,University of the Witwatersrand,Commerce,3,43.04,41.0,1,3,80,HIGH
NSFAS001676,Busisiwe Dlamini,University of Johannesburg,Science,1,56.63,62.0,1,1,40,MEDIUM
NSFAS001677,Kagiso Molefe,University of the Free State,Engineering,4,40.0,21.0,3,3,100,HIGH
NSFAS001678,Zanele Zulu,University of the Free State,Commerce,1,75.0,92.0,1,4,0,LOW
NSFAS001679,Thabo Mhlongo,University of Johannesburg,Science,1,64.47,60.0,1,5,40,MEDIUM
NSFAS001680,Lerato Molefe,University of the Witwatersrand,Education,4,39.62,29.0,2,0,80,HIGH
NSFAS001681,Sipho Mthethwa,University of Cape Town,Engineering,4,40.0,64.0,2,3,80,HIGH
NSFAS001682,Andile Nkosi,University of the Free State,Arts,3,40.0,48.0,2,5,80,HIGH
NSFAS001683,Kagiso Mthembu,University of Cape Town,Arts,2,49.98,28.0,2,4,80,HIGH
NSFAS001684,Kagiso Mhlongo,University of Johannesburg,Education,3,75.0,92.0,1,2,0,LOW
NSFAS001685,Tshepo Nkosi,University of the Witwatersrand,Arts,4,75.0,94.0,1,0,0,LOW
NSFAS001686,Nomsa Mabaso,University of the Free State,Law,2,42.22,56.0,2,5,80,HIGH
NSFAS001687,Themba Mahlangu,North-West University,Science,3,40.0,47.0,3,2,100,HIGH
NSFAS001688,Lerato Nkosi,University of KwaZulu-Natal,Engineering,1,71.88,95.0,1,0,0,LOW
NSFAS001689,Tshepo Mkhize,University of Johannesburg,Engineering,3,41.47,55.0,4,1,100,HIGH
NSFAS001690,Zanele Mhlongo,University of Johannesburg,Commerce,3,45.05,28.0,4,2,100,HIGH
NSFAS001691,Sipho Khumalo,University of Stellenbosch,Science,3,46.12,63.0,1,1,80,HIGH
NSFAS001692,Busisiwe Mthethwa,University of KwaZulu-Natal,Engineering,3,53.73,82.0,1,1,0,LOW
NSFAS001693,Thabo Ngcobo,University of Johannesburg,Engineering,4,71.06,84.0,0,0,0,LOW
NSFAS001694,Sipho Mahlangu,University of KwaZulu-Natal,Arts,3,75.0,92.0,1,5,0,LOW
NSFAS001695,Zanele Khumalo,University of the Witwatersrand,Science,2,47.43,24.0,2,3,80,HIGH
NSFAS001696,Andile Mthembu,University of Pretoria,Engineering,1,40.0,45.0,3,1,100,HIGH
NSFAS001697,Thabo Mthembu,University of Stellenbosch,Commerce,3,50.53,64.0,1,0,40,MEDIUM
NSFAS001698,Lerato Ngcobo,University of Pretoria,Arts,1,42.0,21.0,2,3,80,HIGH
NSFAS001699,Sibusiso Mkhize,University of KwaZulu-Natal,Education,1,68.85,55.0,4,4,60,HIGH
NSFAS001700,Lindiwe Mhlongo,University of the Free State,Commerce,4,40.0,28.0,1,4,80,HIGH
NSFAS001701,Zanele Khumalo,University of Cape Town,Engineering,3,75.0,91.0,0,0,0,LOW
NSFAS001702,Nokuthula Mokoena,University of Stellenbosch,Science,4,40.0,65.0,1,2,80,HIGH
NSFAS001703,Lerato Mthembu,North-West University,Arts,3,68.18,75.0,0,1,0,LOW
NSFAS001704,Sipho Khumalo,North-West University,Law,3,30.0,61.0,2,5,80,HIGH
NSFAS001705,Sibusiso Mthethwa,University of Johannesburg,Education,2,64.94,80.0,1,0,0,LOW
NSFAS001706,Nomsa Nkosi,University of Stellenbosch,Law,2,51.92,74.0,0,4,0,LOW
NSFAS001707,Zanele Mabaso,North-West University,Arts,3,65.58,69.0,1,5,40,MEDIUM
NSFAS001708,Themba Ngcobo,University of Stellenbosch,Arts,3,75.0,75.0,1,3,0,LOW
NSFAS001709,Thabo Dlamini,University of Stellenbosch,Engineering,4,59.58,61.0,0,4,40,MEDIUM
NSFAS001710,Zanele Mthembu,University of the Free State,Arts,1,42.85,65.0,3,0,100,HIGH
NSFAS001711,Tshepo Mokoena,University of the Free State,Engineering,3,40.0,41.0,4,1,100,HIGH
NSFAS001712,Busisiwe Ngcobo,North-West University,Science,4,40.0,50.0,2,4,80,HIGH
NSFAS001713,Busisiwe Nkosi,University of KwaZulu-Natal,Education,2,86.51,88.0,0,2,0,LOW
NSFAS001714,Phumzile Dlamini,University of Stellenbosch,Arts,3,40.0,36.0,4,4,100,HIGH
NSFAS001715,Nokuthula Molefe,University of Johannesburg,Science,4,55.65,59.0,4,5,60,HIGH
NSFAS001716,Busisiwe Nkosi,University of the Witwatersrand,Law,3,40.0,45.0,2,0,80,HIGH
NSFAS001717,Busisiwe Mahlangu,University of Pretoria,Science,3,75.0,86.0,1,5,0,LOW
NSFAS001718,Zanele Ngcobo,University of the Witwatersrand,Engineering,3,40.0,53.0,3,4,100,HIGH
NSFAS001719,Andile Khumalo,North-West University,Science,3,56.04,84.0,0,5,0,LOW
NSFAS001720,Kagiso Molefe,University of Pretoria,Commerce,2,75.0,84.0,1,5,0,LOW
NSFAS001721,Kagiso Khumalo,University of Pretoria,Science,2,58.5,66.0,1,3,40,MEDIUM
NSFAS001722,Nomsa Mthethwa,University of KwaZulu-Natal,Arts,1,40.0,34.0,4,4,100,HIGH
NSFAS001723,Sipho Mabaso,University of the Free State,Commerce,4,75.0,86.0,1,4,0,LOW
NSFAS001724,Kagiso Nkosi,University of Pretoria,Education,4,47.8,30.0,1,0,80,HIGH
NSFAS001725,Phumzile Molefe,University of KwaZulu-Natal,Education,2,30.0,64.0,2,0,80,HIGH
NSFAS001726,Nomsa Mkhize,University of Stellenbosch,Law,2,34.84,23.0,2,1,80,HIGH
NSFAS001727,Thabo Mthembu,University of Cape Town,Law,4,53.7,60.0,0,2,40,MEDIUM
NSFAS001728,Lindiwe Zulu,North-West University,Arts,3,43.81,62.0,1,1,80,HIGH
NSFAS001729,Sibusiso Mahlangu,North-West University,Commerce,3,64.36,70.0,1,2,0,LOW
NSFAS001730,Tshepo Mthethwa,University of the Free State,Law,3,49.0,43.0,4,5,100,HIGH
NSFAS001731,Themba Ngcobo,University of Pretoria,Arts,1,40.0,31.0,2,0,80,HIGH
NSFAS001732,Lindiwe Mthethwa,University of the Free State,Science,2,40.0,42.0,4,4,100,HIGH
NSFAS001733,Kagiso Mthethwa,University of Johannesburg,Education,1,75.0,81.0,1,5,0,LOW
NSFAS001734,Phumzile Ngcobo,University of Johannesburg,Law,4,75.0,92.0,0,2,0,LOW
NSFAS001735,Mpho Nkosi,University of Pretoria,Engineering,2,43.01,35.0,4,5,100,HIGH
NSFAS001736,Lindiwe Ngcobo,University of Cape Town,Arts,2,40.0,56.0,1,5,80,HIGH
NSFAS001737,Mpho Mkhize,University of the Witwatersrand,Arts,3,68.97,59.0,4,0,60,HIGH
NSFAS001738,Thabo Mahlangu,University of the Free State,Commerce,3,71.66,93.0,0,3,0,LOW
NSFAS001739,Sibusiso Mahlangu,University of KwaZulu-Natal,Science,4,51.45,61.0,1,4,40,MEDIUM
NSFAS001740,Mpho Mokoena,University of Cape Town,Law,3,48.35,59.0,4,1,100,HIGH
NSFAS001741,Lindiwe Dlamini,University of Cape Town,Engineering,4,40.0,47.0,2,0,80,HIGH
NSFAS001742,Sipho Molefe,University of Cape Town,Commerce,1,40.0,20.0,1,3,80,HIGH
NSFAS001743,Kagiso Mokoena,North-West University,Science,2,57.72,80.0,1,2,0,LOW
NSFAS001744,Lerato Dlamini,University of Pretoria,Arts,1,41.56,20.0,4,0,100,HIGH
NSFAS001745,Nomsa Mkhize,University of Cape Town,Education,1,71.8,85.0,1,5,0,LOW
NSFAS001746,Nomsa Mokoena,University of the Witwatersrand,Education,1,56.66,79.0,1,4,0,LOW
NSFAS001747,Lerato Nkosi,University of Cape Town,Law,3,75.0,95.0,0,4,0,LOW
NSFAS001748,Zanele Khumalo,University of the Free State,Arts,1,40.72,45.0,1,0,80,HIGH
NSFAS001749,Lindiwe Mokoena,University of Johannesburg,Law,1,46.79,22.0,2,4,80,HIGH
NSFAS001750,Phumzile Khumalo,University of Cape Town,Law,2,46.74,27.0,4,2,100,HIGH
NSFAS001751,Mpho Zulu,University of Pretoria,Arts,2,30.0,28.0,1,0,80,HIGH
NSFAS001752,Busisiwe Mokoena,University of the Free State,Arts,3,53.34,62.0,1,3,40,MEDIUM
NSFAS001753,Thabo Zulu,University of Johannesburg,Engineering,2,38.34,44.0,1,3,80,HIGH
NSFAS001754,Andile Mthethwa,University of KwaZulu-Natal,Science,3,45.13,33.0,3,1,100,HIGH
NSFAS001755,Nokuthula Nkosi,University of Stellenbosch,Science,4,40.0,49.0,4,1,100,HIGH
NSFAS001756,Nokuthula Mokoena,University of the Free State,Arts,1,40.0,29.0,4,2,100,HIGH
NSFAS001757,Tshepo Mthembu,North-West University,Law,1,47.09,45.0,4,5,100,HIGH
NSFAS001758,Mpho Ngcobo,University of Cape Town,Law,2,40.0,30.0,1,1,80,HIGH
NSFAS001759,Andile Khumalo,University of Cape Town,Science,1,72.85,84.0,1,4,0,LOW
NSFAS001760,Sibusiso Molefe,University of Pretoria,Education,1,67.45,63.0,1,0,40,MEDIUM
NSFAS001761,Zanele Khumalo,University of Cape Town,Engineering,1,40.0,49.0,4,3,100,HIGH
NSFAS001762,Nokuthula Mahlangu,University of Pretoria,Commerce,3,40.0,25.0,3,0,100,HIGH
NSFAS001763,Thabo Zulu,University of the Witwatersrand,Arts,1,40.0,33.0,4,1,100,HIGH
NSFAS001764,Nomsa Khumalo,University of Stellenbosch,Arts,4,30.0,42.0,3,5,100,HIGH
NSFAS001765,Sibusiso Molefe,North-West University,Education,2,57.34,85.0,0,3,0,LOW
NSFAS001766,Zanele Mkhize,University of Stellenbosch,Arts,3,75.0,95.0,1,0,0,LOW
NSFAS001767,Lindiwe Khumalo,University of Cape Town,Commerce,4,66.45,70.0,1,0,0,LOW
NSFAS001768,Nomsa Mthembu,University of Cape Town,Science,2,70.41,81.0,0,5,0,LOW
NSFAS001769,Nomsa Mokoena,North-West University,Arts,2,40.0,59.0,2,3,80,HIGH
NSFAS001770,Thabo Nkosi,University of the Witwatersrand,Science,4,46.12,39.0,4,3,100,HIGH
NSFAS001771,Lerato Mthethwa,University of Johannesburg,Engineering,4,75.0,90.0,0,5,0,LOW
NSFAS001772,Nokuthula Mhlongo,University of the Free State,Education,2,82.61,88.0,1,3,0,LOW
NSFAS001773,Lindiwe Khumalo,North-West University,Commerce,4,42.91,61.0,3,3,100,HIGH
NSFAS001774,Themba Dlamini,University of Johannesburg,Science,1,56.88,82.0,0,4,0,LOW
NSFAS001775,Tshepo Ngcobo,University of KwaZulu-Natal,Commerce,1,75.0,94.0,1,5,0,LOW
NSFAS001776,Andile Zulu,University of Pretoria,Education,3,40.0,57.0,1,4,80,HIGH
NSFAS001777,Kagiso Mahlangu,University of the Free State,Science,2,75.0,88.0,1,4,0,LOW
NSFAS001778,Nomsa Mkhize,University of Pretoria,Arts,1,40.0,48.0,4,5,100,HIGH
NSFAS001779,Sibusiso Khumalo,University of Pretoria,Engineering,4,75.0,83.0,1,1,0,LOW
NSFAS001780,Nokuthula Nkosi,North-West University,Education,2,67.45,85.0,0,2,0,LOW
NSFAS001781,Kagiso Mthethwa,North-West University,Law,3,61.22,76.0,1,5,0,LOW
NSFAS001782,Lerato Dlamini,University of KwaZulu-Natal,Science,4,40.0,43.0,2,5,80,HIGH
NSFAS001783,Tshepo Mkhize,University of the Free State,Commerce,2,49.0,42.0,1,2,80,HIGH
NSFAS001784,Phumzile Mhlongo,University of KwaZulu-Natal,Law,1,40.0,0.0,1,0,80,HIGH
NSFAS001785,Zanele Mkhize,University of the Witwatersrand,Science,1,49.0,55.0,3,2,100,HIGH
NSFAS001786,Busisiwe Mhlongo,University of Stellenbosch,Arts,3,78.19,91.0,1,2,0,LOW
NSFAS001787,Kagiso Zulu,University of Johannesburg,Science,2,72.24,95.0,0,2,0,LOW
NSFAS001788,Lerato Dlamini,University of the Witwatersrand,Education,1,64.98,57.0,4,1,60,HIGH
NSFAS001789,Themba Mokoena,University of the Witwatersrand,Engineering,4,62.41,58.0,3,4,60,HIGH
NSFAS001790,Sipho Ngcobo,University of the Free State,Engineering,4,75.0,90.0,0,1,0,LOW
NSFAS001791,Busisiwe Dlamini,University of the Witwatersrand,Science,3,40.0,62.0,2,4,80,HIGH
NSFAS001792,Phumzile Zulu,University of the Witwatersrand,Education,1,75.0,80.0,0,5,0,LOW
NSFAS001793,Zanele Khumalo,University of Cape Town,Law,2,40.0,26.0,4,2,100,HIGH
NSFAS001794,Mpho Khumalo,University of Cape Town,Engineering,2,40.0,54.0,2,5,80,HIGH
NSFAS001795,Sipho Mkhize,University of Stellenbosch,Arts,4,75.0,95.0,0,0,0,LOW
NSFAS001796,Lindiwe Mthembu,University of the Witwatersrand,Engineering,1,70.63,80.0,1,0,0,LOW
NSFAS001797,Sipho Zulu,University of Cape Town,Commerce,4,40.0,28.0,2,3,80,HIGH
NSFAS001798,Andile Mkhize,University of Johannesburg,Education,2,30.0,50.0,2,3,80,HIGH
NSFAS001799,Lindiwe Mhlongo,University of the Witwatersrand,Science,2,40.0,26.0,4,2,100,HIGH
NSFAS001800,Sibusiso Molefe,University of Pretoria,Education,1,40.0,39.0,4,3,100,HIGH
NSFAS001801,Lerato Dlamini,University of the Witwatersrand,Law,4,46.26,35.0,4,4,100,HIGH
NSFAS001802,Sibusiso Mthembu,North-West University,Science,4,50.74,66.0,0,2,40,MEDIUM
NSFAS001803,Andile Mthethwa,University of Stellenbosch,Engineering,4,40.0,34.0,2,1,80,HIGH
NSFAS001804,Themba Zulu,University of Cape Town,Commerce,1,66.41,75.0,1,3,0,LOW
NSFAS001805,Nokuthula Khumalo,University of Stellenbosch,Commerce,2,94.68,95.0,0,0,0,LOW
NSFAS001806,Tshepo Molefe,University of the Witwatersrand,Arts,3,42.65,41.0,2,2,80,HIGH
NSFAS001807,Kagiso Dlamini,University of Stellenbosch,Education,2,40.0,26.0,4,1,100,HIGH
NSFAS001808,Nokuthula Mabaso,University of Stellenbosch,Engineering,2,75.0,90.0,0,0,0,LOW
NSFAS001809,Lindiwe Nkosi,University of Cape Town,Law,1,48.78,53.0,4,5,100,HIGH
NSFAS001810,Kagiso Ngcobo,University of Stellenbosch,Commerce,3,30.0,63.0,4,0,100,HIGH
NSFAS001811,Themba Nkosi,University of the Witwatersrand,Education,3,40.0,49.0,1,3,80,HIGH
NSFAS001812,Lindiwe Zulu,University of Stellenbosch,Commerce,1,75.0,95.0,1,3,0,LOW
NSFAS001813,Lerato Ngcobo,University of the Free State,Law,2,75.0,78.0,1,1,0,LOW
NSFAS001814,Themba Mthethwa,University of Cape Town,Arts,4,63.45,77.0,0,0,0,LOW
NSFAS001815,Tshepo Dlamini,University of Pretoria,Education,4,40.0,40.0,3,1,100,HIGH
NSFAS001816,Kagiso Mthethwa,University of Stellenbosch,Arts,3,42.1,23.0,1,4,80,HIGH
NSFAS001817,Andile Mthethwa,University of Johannesburg,Engineering,1,63.38,71.0,0,1,0,LOW
NSFAS001818,Themba Zulu,University of KwaZulu-Natal,Arts,4,75.0,92.0,0,3,0,LOW
NSFAS001819,Nokuthula Khumalo,University of the Witwatersrand,Engineering,3,45.64,26.0,4,4,100,HIGH
NSFAS001820,Zanele Mabaso,University of the Witwatersrand,Commerce,4,40.0,37.0,4,4,100,HIGH
NSFAS001821,Mpho Mokoena,University of the Witwatersrand,Education,2,48.88,58.0,2,5,80,HIGH
NSFAS001822,Thabo Mhlongo,University of Pretoria,Education,2,40.0,46.0,1,5,80,HIGH
NSFAS001823,Themba Mkhize,University of the Free State,Commerce,2,56.63,85.0,1,4,0,LOW
NSFAS001824,Nomsa Mahlangu,University of the Free State,Engineering,1,43.02,30.0,3,1,100,HIGH
NSFAS001825,Nomsa Mahlangu,University of the Witwatersrand,Engineering,2,30.64,46.0,4,3,100,HIGH
NSFAS001826,Nokuthula Mthethwa,North-West University,Law,4,75.0,90.0,0,4,0,LOW
NSFAS001827,Busisiwe Mhlongo,University of Pretoria,Engineering,2,63.02,76.0,1,1,0,LOW
NSFAS001828,Sipho Nkosi,University of Stellenbosch,Commerce,4,49.0,21.0,1,1,80,HIGH
NSFAS001829,Phumzile Molefe,University of the Free State,Education,2,42.35,23.0,4,2,100,HIGH
NSFAS001830,Thabo Dlamini,University of Cape Town,Commerce,4,30.0,24.0,3,3,100,HIGH
NSFAS001831,Mpho Mokoena,University of the Free State,Law,3,74.67,76.0,0,4,0,LOW
NSFAS001832,Zanele Nkosi,University of KwaZulu-Natal,Commerce,3,49.56,41.0,4,3,100,HIGH
NSFAS001833,Thabo Zulu,University of Pretoria,Arts,3,62.16,83.0,1,5,0,LOW
NSFAS001834,Zanele Mokoena,University of Cape Town,Law,1,75.0,79.0,1,5,0,LOW
NSFAS001835,Busisiwe Mthembu,North-West University,Engineering,1,40.0,36.0,4,0,100,HIGH
NSFAS001836,Mpho Mabaso,North-West University,Science,2,54.73,69.0,1,3,40,MEDIUM
NSFAS001837,Zanele Mokoena,North-West University,Law,2,40.0,28.0,1,2,80,HIGH
NSFAS001838,Kagiso Mkhize,University of the Witwatersrand,Law,2,44.12,0.0,3,1,100,HIGH
NSFAS001839,Sipho Mthembu,University of the Free State,Commerce,2,40.0,45.0,1,0,80,HIGH
NSFAS001840,Kagiso Mokoena,University of Pretoria,Education,4,75.0,75.0,1,3,0,LOW
NSFAS001841,Thabo Zulu,University of Johannesburg,Education,4,63.95,83.0,1,0,0,LOW
NSFAS001842,Phumzile Zulu,University of Cape Town,Science,4,40.0,32.0,2,1,80,HIGH
NSFAS001843,Lerato Khumalo,University of Cape Town,Education,4,53.67,75.0,1,4,0,LOW
NSFAS001844,Nokuthula Mahlangu,University of Stellenbosch,Commerce,2,75.0,78.0,0,5,0,LOW
NSFAS001845,Nomsa Khumalo,University of Stellenbosch,Engineering,2,52.29,57.0,3,4,60,HIGH
NSFAS001846,Themba Mabaso,University of the Witwatersrand,Law,3,56.69,74.0,0,1,0,LOW
NSFAS001847,Andile Mahlangu,University of Cape Town,Law,4,69.96,73.0,1,2,0,LOW
NSFAS001848,Phumzile Mhlongo,University of KwaZulu-Natal,Law,2,30.0,41.0,4,2,100,HIGH
NSFAS001849,Andile Mahlangu,University of Johannesburg,Science,2,54.34,60.0,1,3,40,MEDIUM
NSFAS001850,Lerato Zulu,University of KwaZulu-Natal,Arts,1,64.0,80.0,0,5,0,LOW
NSFAS001851,Sipho Nkosi,North-West University,Engineering,1,40.0,34.0,1,0,80,HIGH
NSFAS001852,Zanele Dlamini,University of Pretoria,Science,2,63.65,83.0,0,0,0,LOW
NSFAS001853,Phumzile Mhlongo,University of Johannesburg,Science,2,75.0,95.0,0,3,0,LOW
NSFAS001854,Mpho Molefe,University of the Witwatersrand,Commerce,3,30.0,44.0,2,1,80,HIGH
NSFAS001855,Kagiso Mhlongo,North-West University,Commerce,1,40.0,64.0,2,2,80,HIGH
NSFAS001856,Phumzile Mthembu,University of Cape Town,Law,2,75.0,76.0,1,3,0,LOW
NSFAS001857,Sibusiso Mhlongo,North-West University,Commerce,1,75.0,84.0,0,4,0,LOW
NSFAS001858,Themba Dlamini,University of Johannesburg,Education,1,75.0,81.0,0,2,0,LOW
NSFAS001859,Kagiso Mthembu,University of Stellenbosch,Education,1,30.0,42.0,3,2,100,HIGH
NSFAS001860,Themba Mthethwa,University of the Witwatersrand,Science,1,56.69,85.0,0,5,0,LOW
NSFAS001861,Nomsa Nkosi,University of Johannesburg,Engineering,2,74.67,77.0,0,4,0,LOW
NSFAS001862,Lerato Mhlongo,University of KwaZulu-Natal,Education,4,40.0,42.0,1,3,80,HIGH
NSFAS001863,Sipho Zulu,University of Cape Town,Education,2,52.87,75.0,1,2,0,LOW
NSFAS001864,Kagiso Nkosi,University of Stellenbosch,Engineering,4,40.0,0.0,2,4,80,HIGH
NSFAS001865,Sibusiso Molefe,North-West University,Law,3,67.32,65.0,0,1,40,MEDIUM
NSFAS001866,Zanele Mthethwa,University of the Witwatersrand,Commerce,3,40.0,37.0,4,2,100,HIGH
NSFAS001867,Nomsa Mthethwa,University of KwaZulu-Natal,Science,1,40.0,43.0,4,4,100,HIGH
NSFAS001868,Andile Molefe,University of Cape Town,Commerce,1,40.0,54.0,1,4,80,HIGH
NSFAS001869,Themba Mokoena,University of Johannesburg,Law,1,46.92,59.0,3,2,100,HIGH
NSFAS001870,Mpho Mthethwa,University of Stellenbosch,Law,2,63.23,60.0,0,1,40,MEDIUM
NSFAS001871,Zanele Ngcobo,University of the Free State,Arts,1,68.53,59.0,1,1,40,MEDIUM
NSFAS001872,Tshepo Mthembu,University of the Free State,Arts,1,40.0,0.0,1,2,80,HIGH
NSFAS001873,Tshepo Zulu,University of Johannesburg,Law,2,48.44,35.0,2,1,80,HIGH
NSFAS001874,Phumzile Zulu,University of the Witwatersrand,Education,1,40.0,59.0,3,3,100,HIGH
NSFAS001875,Zanele Mthembu,University of Johannesburg,Engineering,3,50.68,72.0,0,1,0,LOW
NSFAS001876,Sibusiso Mabaso,University of KwaZulu-Natal,Law,2,75.0,89.0,0,2,0,LOW
NSFAS001877,Sipho Mokoena,University of Pretoria,Arts,4,42.0,38.0,2,1,80,HIGH
NSFAS001878,Sipho Mthembu,University of Johannesburg,Commerce,3,40.0,42.0,3,2,100,HIGH
NSFAS001879,Sibusiso Mkhize,North-West University,Engineering,3,42.74,35.0,3,0,100,HIGH
NSFAS001880,Thabo Mthethwa,University of the Free State,Science,2,40.0,36.0,2,3,80,HIGH
NSFAS001881,Sibusiso Mahlangu,University of the Witwatersrand,Science,4,48.1,25.0,2,0,80,HIGH
NSFAS001882,Tshepo Mahlangu,University of Pretoria,Law,1,40.0,53.0,4,3,100,HIGH
NSFAS001883,Themba Mhlongo,University of the Free State,Education,4,47.17,52.0,4,2,100,HIGH
NSFAS001884,Zanele Mkhize,University of Pretoria,Engineering,2,75.0,84.0,0,5,0,LOW
NSFAS001885,Zanele Mhlongo,North-West University,Arts,1,49.0,36.0,3,3,100,HIGH
NSFAS001886,Thabo Dlamini,University of Pretoria,Commerce,2,75.0,86.0,1,4,0,LOW
NSFAS001887,Nokuthula Dlamini,University of Johannesburg,Education,2,30.85,51.0,4,0,100,HIGH
NSFAS001888,Lerato Mabaso,University of the Free State,Science,4,40.0,28.0,4,5,100,HIGH
NSFAS001889,Thabo Mhlongo,University of Stellenbosch,Science,4,57.9,77.0,1,1,0,LOW
NSFAS001890,Sipho Mthethwa,University of Stellenbosch,Science,1,40.0,42.0,2,5,80,HIGH
NSFAS001891,Busisiwe Mahlangu,University of the Free State,Arts,4,40.15,29.0,3,4,100,HIGH
NSFAS001892,Zanele Mabaso,North-West University,Engineering,2,40.0,27.0,3,4,100,HIGH
NSFAS001893,Busisiwe Dlamini,University of Cape Town,Science,3,41.74,63.0,4,4,100,HIGH
NSFAS001894,Andile Mabaso,University of Pretoria,Law,2,68.3,69.0,1,2,40,MEDIUM
NSFAS001895,Sibusiso Mahlangu,University of Johannesburg,Law,4,40.0,27.0,3,1,100,HIGH
NSFAS001896,Mpho Nkosi,University of Pretoria,Engineering,4,40.0,22.0,1,2,80,HIGH
NSFAS001897,Kagiso Mhlongo,University of Cape Town,Education,3,47.45,56.0,3,1,100,HIGH
NSFAS001898,Andile Mokoena,University of the Free State,Science,4,40.0,50.0,2,0,80,HIGH
NSFAS001899,Sipho Mhlongo,University of Cape Town,Commerce,1,40.0,20.0,3,1,100,HIGH
NSFAS001900,Nomsa Khumalo,University of the Witwatersrand,Commerce,1,40.0,54.0,2,0,80,HIGH
NSFAS001901,Zanele Molefe,North-West University,Law,1,58.88,76.0,0,5,0,LOW
NSFAS001902,Andile Mhlongo,University of Stellenbosch,Engineering,1,51.88,73.0,0,3,0,LOW
NSFAS001903,Zanele Ngcobo,University of KwaZulu-Natal,Education,3,67.36,65.0,1,5,40,MEDIUM
NSFAS001904,Lindiwe Nkosi,University of Pretoria,Science,1,53.14,68.0,0,1,40,MEDIUM
NSFAS001905,Themba Mthembu,University of the Witwatersrand,Law,1,43.33,44.0,4,3,100,HIGH
NSFAS001906,Mpho Dlamini,University of Johannesburg,Commerce,1,44.98,42.0,2,4,80,HIGH
NSFAS001907,Sipho Mabaso,University of KwaZulu-Natal,Education,3,40.0,22.0,1,4,80,HIGH
NSFAS001908,Nokuthula Mabaso,University of the Witwatersrand,Science,1,44.83,56.0,2,3,80,HIGH
NSFAS001909,Nokuthula Nkosi,University of Cape Town,Commerce,4,49.0,42.0,1,2,80,HIGH
NSFAS001910,Lerato Mokoena,University of Stellenbosch,Science,1,75.0,95.0,1,4,0,LOW
NSFAS001911,Tshepo Mabaso,University of Stellenbosch,Arts,2,40.0,60.0,3,3,100,HIGH
NSFAS001912,Andile Khumalo,North-West University,Commerce,4,40.0,0.0,4,1,100,HIGH
NSFAS001913,Nomsa Mahlangu,University of the Witwatersrand,Arts,2,30.0,49.0,1,1,80,HIGH
NSFAS001914,Phumzile Zulu,University of Johannesburg,Education,1,51.48,80.0,0,2,0,LOW
NSFAS001915,Mpho Molefe,North-West University,Law,1,46.53,27.0,3,4,100,HIGH
NSFAS001916,Tshepo Mabaso,University of Pretoria,Law,2,75.0,95.0,1,0,0,LOW
NSFAS001917,Thabo Zulu,University of the Free State,Science,2,51.64,60.0,0,1,40,MEDIUM
NSFAS001918,Themba Dlamini,University of Cape Town,Law,3,40.0,33.0,1,4,80,HIGH
NSFAS001919,Thabo Mahlangu,University of the Witwatersrand,Engineering,4,49.0,22.0,4,1,100,HIGH
NSFAS001920,Sibusiso Zulu,University of Stellenbosch,Engineering,2,43.05,35.0,3,4,100,HIGH
NSFAS001921,Mpho Mthembu,North-West University,Engineering,3,67.33,70.0,0,1,0,LOW
NSFAS001922,Nomsa Mthembu,University of Stellenbosch,Commerce,4,40.0,39.0,1,5,80,HIGH
NSFAS001923,Lindiwe Zulu,University of Pretoria,Law,3,40.0,31.0,2,5,80,HIGH
NSFAS001924,Lerato Mahlangu,North-West University,Law,2,40.0,21.0,2,1,80,HIGH
NSFAS001925,Nomsa Mokoena,University of KwaZulu-Natal,Education,4,49.0,39.0,2,5,80,HIGH
NSFAS001926,Kagiso Mthembu,University of the Free State,Science,2,47.38,58.0,3,5,100,HIGH
NSFAS001927,Kagiso Mkhize,University of Pretoria,Education,2,62.65,63.0,1,4,40,MEDIUM
NSFAS001928,Themba Mkhize,University of Stellenbosch,Engineering,2,40.0,47.0,2,5,80,HIGH
NSFAS001929,Thabo Zulu,University of the Free State,Commerce,2,40.0,31.0,3,2,100,HIGH
NSFAS001930,Mpho Zulu,University of the Witwatersrand,Commerce,1,75.0,92.0,0,0,0,LOW
NSFAS001931,Lerato Ngcobo,University of Pretoria,Commerce,4,40.0,21.0,3,4,100,HIGH
NSFAS001932,Sipho Mkhize,University of the Free State,Engineering,2,89.91,89.0,1,0,0,LOW
NSFAS001933,Nomsa Ngcobo,University of the Witwatersrand,Commerce,1,51.24,68.0,1,5,40,MEDIUM
NSFAS001934,Lerato Khumalo,University of Cape Town,Law,2,74.81,90.0,1,5,0,LOW
NSFAS001935,Busisiwe Molefe,University of the Witwatersrand,Arts,1,35.61,50.0,3,2,100,HIGH
NSFAS001936,Busisiwe Mkhize,University of the Free State,Engineering,1,41.8,56.0,4,0,100,HIGH
NSFAS001937,Phumzile Ngcobo,University of Stellenbosch,Commerce,1,40.0,38.0,1,1,80,HIGH
NSFAS001938,Tshepo Zulu,University of Pretoria,Law,4,32.09,43.0,1,4,80,HIGH
NSFAS001939,Lindiwe Mabaso,University of Pretoria,Commerce,2,47.3,25.0,3,1,100,HIGH
NSFAS001940,Sipho Mthethwa,University of KwaZulu-Natal,Engineering,3,40.0,27.0,2,0,80,HIGH
NSFAS001941,Mpho Molefe,University of Cape Town,Commerce,2,44.29,53.0,4,3,100,HIGH
NSFAS001942,Zanele Dlamini,University of the Free State,Arts,3,49.0,61.0,1,0,80,HIGH
NSFAS001943,Sipho Molefe,University of the Witwatersrand,Law,3,40.0,40.0,3,1,100,HIGH
NSFAS001944,Lindiwe Mkhize,University of Cape Town,Science,2,40.0,30.0,4,3,100,HIGH
NSFAS001945,Andile Nkosi,University of Stellenbosch,Engineering,4,49.9,49.0,3,0,100,HIGH
NSFAS001946,Zanele Mthembu,North-West University,Engineering,4,30.0,44.0,2,5,80,HIGH
NSFAS001947,Andile Mokoena,University of Johannesburg,Commerce,3,51.17,70.0,0,0,0,LOW
NSFAS001948,Mpho Dlamini,University of KwaZulu-Natal,Arts,4,40.0,30.0,2,2,80,HIGH
NSFAS001949,Phumzile Mkhize,North-West University,Engineering,2,49.09,24.0,1,1,80,HIGH
NSFAS001950,Lindiwe Mthethwa,University of Pretoria,Arts,2,40.0,30.0,2,0,80,HIGH
NSFAS001951,Zanele Ngcobo,University of Johannesburg,Commerce,3,66.88,63.0,1,1,40,MEDIUM
NSFAS001952,Kagiso Zulu,North-West University,Education,1,67.66,65.0,1,5,40,MEDIUM
NSFAS001953,Sipho Mkhize,University of Stellenbosch,Engineering,1,61.28,79.0,0,3,0,LOW
NSFAS001954,Nomsa Zulu,University of KwaZulu-Natal,Science,4,75.0,95.0,0,0,0,LOW
NSFAS001955,Nokuthula Mokoena,University of Pretoria,Education,1,62.83,83.0,0,1,0,LOW
NSFAS001956,Zanele Mabaso,University of Pretoria,Education,2,75.0,79.0,1,3,0,LOW
NSFAS001957,Phumzile Mhlongo,University of the Witwatersrand,Science,4,34.89,25.0,2,5,80,HIGH
NSFAS001958,Lerato Mhlongo,University of Stellenbosch,Law,2,75.0,83.0,1,3,0,LOW
NSFAS001959,Mpho Dlamini,University of the Free State,Arts,1,30.0,36.0,4,1,100,HIGH
NSFAS001960,Tshepo Ngcobo,University of Stellenbosch,Arts,4,44.43,59.0,2,2,80,HIGH
NSFAS001961,Busisiwe Mabaso,University of Pretoria,Science,2,48.63,30.0,2,4,80,HIGH
NSFAS001962,Themba Mabaso,University of Stellenbosch,Arts,3,75.0,88.0,0,2,0,LOW
NSFAS001963,Lerato Molefe,University of Johannesburg,Science,3,44.03,23.0,1,4,80,HIGH
NSFAS001964,Nokuthula Dlamini,University of KwaZulu-Natal,Arts,3,75.0,89.0,0,1,0,LOW
NSFAS001965,Themba Dlamini,University of the Witwatersrand,Science,2,30.0,32.0,1,0,80,HIGH
NSFAS001966,Andile Nkosi,University of Pretoria,Law,2,68.5,69.0,1,3,40,MEDIUM
NSFAS001967,Sibusiso Mhlongo,University of the Free State,Arts,2,40.0,46.0,3,5,100,HIGH
NSFAS001968,Tshepo Mthembu,North-West University,Commerce,3,40.0,35.0,3,4,100,HIGH
NSFAS001969,Nokuthula Dlamini,University of Cape Town,Engineering,4,58.39,74.0,1,1,0,LOW
NSFAS001970,Sipho Khumalo,North-West University,Commerce,2,75.0,83.0,1,5,0,LOW
NSFAS001971,Busisiwe Nkosi,University of Johannesburg,Education,2,54.23,69.0,1,0,40,MEDIUM
NSFAS001972,Lindiwe Mthembu,University of Johannesburg,Engineering,2,40.0,41.0,3,5,100,HIGH
NSFAS001973,Sibusiso Mabaso,North-West University,Science,2,40.0,39.0,2,3,80,HIGH
NSFAS001974,Sipho Mabaso,University of Stellenbosch,Engineering,1,49.62,37.0,2,0,80,HIGH
NSFAS001975,Busisiwe Mkhize,University of Stellenbosch,Science,1,73.31,93.0,1,5,0,LOW
NSFAS001976,Nomsa Mhlongo,University of Stellenbosch,Education,4,40.0,55.0,3,4,100,HIGH
NSFAS001977,Nomsa Zulu,University of the Free State,Engineering,1,40.0,32.0,1,0,80,HIGH
NSFAS001978,Lerato Molefe,University of the Free State,Arts,3,72.76,88.0,0,1,0,LOW
NSFAS001979,Phumzile Mahlangu,University of KwaZulu-Natal,Engineering,1,40.0,28.0,2,1,80,HIGH
NSFAS001980,Themba Mhlongo,University of the Free State,Education,3,45.58,56.0,4,0,100,HIGH
NSFAS001981,Kagiso Mthembu,University of KwaZulu-Natal,Education,3,60.38,58.0,3,1,60,HIGH
NSFAS001982,Nokuthula Mahlangu,University of Johannesburg,Engineering,3,75.0,85.0,1,5,0,LOW
NSFAS001983,Thabo Mthethwa,University of the Free State,Law,4,73.95,90.0,1,5,0,LOW
NSFAS001984,Lindiwe Nkosi,North-West University,Engineering,1,75.0,80.0,0,4,0,LOW
NSFAS001985,Lerato Khumalo,University of Pretoria,Commerce,4,53.11,58.0,3,4,60,HIGH
NSFAS001986,Sibusiso Khumalo,University of Cape Town,Law,1,30.0,27.0,4,4,100,HIGH
NSFAS001987,Lerato Mthembu,University of Cape Town,Arts,3,40.0,64.0,1,4,80,HIGH
NSFAS001988,Sibusiso Zulu,University of Pretoria,Engineering,3,40.0,63.0,4,4,100,HIGH
NSFAS001989,Phumzile Mokoena,North-West University,Commerce,1,75.0,78.0,1,2,0,LOW
NSFAS001990,Sibusiso Mthethwa,University of Johannesburg,Science,1,75.0,95.0,1,4,0,LOW
NSFAS001991,Andile Mhlongo,University of Pretoria,Arts,1,69.09,83.0,1,1,0,LOW
NSFAS001992,Lindiwe Mthembu,University of KwaZulu-Natal,Engineering,4,75.0,75.0,1,1,0,LOW
NSFAS001993,Thabo Molefe,University of Pretoria,Science,3,57.14,61.0,1,3,40,MEDIUM
NSFAS001994,Busisiwe Molefe,University of the Witwatersrand,Law,1,87.65,86.0,1,5,0,LOW
NSFAS001995,Sipho Mahlangu,University of Cape Town,Education,4,40.0,29.0,3,2,100,HIGH
NSFAS001996,Phumzile Mahlangu,North-West University,Engineering,2,40.0,54.0,2,5,80,HIGH
NSFAS001997,Sibusiso Mthembu,University of the Witwatersrand,Arts,4,93.56,87.0,0,5,0,LOW
NSFAS001998,Kagiso Mhlongo,University of Cape Town,Science,2,75.0,77.0,1,4,0,LOW
NSFAS001999,Nokuthula Molefe,University of Johannesburg,Science,4,40.0,21.0,4,4,100,HIGH
NSFAS002000,Busisiwe Mkhize,North-West University,Law,2,43.73,52.0,2,0,80,HIGH
NSFAS002001,Phumzile Mkhize,University of the Free State,Education,4,75.0,79.0,1,0,0,LOW
NSFAS002002,Kagiso Mthembu,University of KwaZulu-Natal,Education,4,67.26,67.0,0,2,40,MEDIUM
NSFAS002003,Andile Mthethwa,University of Johannesburg,Engineering,2,65.22,80.0,1,3,0,LOW
NSFAS002004,Kagiso Mthembu,North-West University,Commerce,2,40.0,45.0,4,2,100,HIGH
NSFAS002005,Lindiwe Mabaso,North-West University,Engineering,2,42.28,61.0,2,0,80,HIGH
NSFAS002006,Busisiwe Ngcobo,North-West University,Science,4,59.41,55.0,3,2,60,HIGH
NSFAS002007,Sipho Nkosi,University of Cape Town,Arts,3,40.0,52.0,3,4,100,HIGH
NSFAS002008,Sipho Mahlangu,University of KwaZulu-Natal,Commerce,2,40.0,62.0,1,5,80,HIGH
NSFAS002009,Lindiwe Zulu,University of the Witwatersrand,Education,2,40.0,33.0,1,5,80,HIGH
NSFAS002010,Thabo Mokoena,University of Stellenbosch,Engineering,3,59.78,83.0,1,2,0,LOW
NSFAS002011,Lerato Mahlangu,University of the Witwatersrand,Education,3,41.28,60.0,3,0,100,HIGH
NSFAS002012,Kagiso Mabaso,North-West University,Arts,3,75.0,90.0,1,4,0,LOW
NSFAS002013,Busisiwe Mkhize,University of Stellenbosch,Science,4,73.0,93.0,1,4,0,LOW
NSFAS002014,Sibusiso Zulu,North-West University,Arts,2,36.34,40.0,1,1,80,HIGH
NSFAS002015,Andile Mthethwa,University of Pretoria,Commerce,2,75.0,84.0,0,1,0,LOW
NSFAS002016,Andile Zulu,University of Cape Town,Arts,4,84.01,77.0,1,5,0,LOW
NSFAS002017,Phumzile Molefe,North-West University,Commerce,2,75.0,95.0,1,1,0,LOW
NSFAS002018,Lindiwe Mthethwa,University of the Witwatersrand,Commerce,3,49.0,61.0,1,1,80,HIGH
NSFAS002019,Phumzile Mthethwa,University of Johannesburg,Science,2,40.0,51.0,4,5,100,HIGH
NSFAS002020,Kagiso Zulu,University of Stellenbosch,Arts,3,56.45,69.0,0,1,40,MEDIUM
NSFAS002021,Mpho Mthethwa,University of Stellenbosch,Science,4,69.36,81.0,0,3,0,LOW
NSFAS002022,Kagiso Mkhize,University of the Free State,Law,3,55.46,78.0,0,3,0,LOW
NSFAS002023,Nokuthula Mthembu,University of the Witwatersrand,Education,1,40.0,64.0,2,5,80,HIGH
NSFAS002024,Kagiso Mahlangu,University of the Witwatersrand,Engineering,4,41.54,27.0,2,3,80,HIGH
NSFAS002025,Kagiso Mabaso,University of KwaZulu-Natal,Law,4,40.0,43.0,2,3,80,HIGH
NSFAS002026,Nokuthula Molefe,University of Stellenbosch,Commerce,2,54.31,59.0,3,2,60,HIGH
NSFAS002027,Sipho Zulu,University of KwaZulu-Natal,Law,4,42.01,26.0,1,2,80,HIGH
NSFAS002028,Busisiwe Zulu,University of Pretoria,Education,3,66.76,85.0,1,1,0,LOW
NSFAS002029,Kagiso Khumalo,University of the Free State,Education,4,40.0,32.0,2,1,80,HIGH
NSFAS002030,Kagiso Mthembu,University of Johannesburg,Arts,3,40.0,58.0,2,5,80,HIGH
NSFAS002031,Mpho Mabaso,University of the Witwatersrand,Education,4,41.89,57.0,4,4,100,HIGH
NSFAS002032,Phumzile Mhlongo,University of the Witwatersrand,Engineering,1,40.0,46.0,4,0,100,HIGH
NSFAS002033,Busisiwe Mthembu,University of Pretoria,Science,3,40.0,21.0,4,0,100,HIGH
NSFAS002034,Andile Nkosi,University of the Witwatersrand,Education,3,40.0,22.0,3,2,100,HIGH
NSFAS002035,Tshepo Nkosi,University of the Free State,Education,1,75.0,81.0,1,2,0,LOW
NSFAS002036,Kagiso Mthembu,University of Pretoria,Science,4,48.71,43.0,4,4,100,HIGH
NSFAS002037,Kagiso Mhlongo,University of the Witwatersrand,Arts,3,40.0,55.0,3,2,100,HIGH
NSFAS002038,Thabo Mthethwa,University of KwaZulu-Natal,Arts,2,75.0,80.0,0,0,0,LOW
NSFAS002039,Zanele Mhlongo,University of Pretoria,Arts,2,45.15,24.0,4,1,100,HIGH
NSFAS002040,Kagiso Zulu,University of the Witwatersrand,Commerce,1,40.0,20.0,2,3,80,HIGH
NSFAS002041,Tshepo Nkosi,University of Stellenbosch,Law,3,74.75,94.0,0,5,0,LOW
NSFAS002042,Nomsa Mabaso,University of Pretoria,Engineering,1,57.04,63.0,1,0,40,MEDIUM
NSFAS002043,Tshepo Ngcobo,North-West University,Arts,3,75.0,86.0,1,0,0,LOW
NSFAS002044,Tshepo Mokoena,University of KwaZulu-Natal,Science,2,75.0,85.0,1,3,0,LOW
NSFAS002045,Sipho Nkosi,University of Pretoria,Commerce,4,40.0,56.0,3,2,100,HIGH
NSFAS002046,Thabo Mthembu,University of the Witwatersrand,Law,2,30.0,28.0,3,1,100,HIGH
NSFAS002047,Lindiwe Mhlongo,University of Pretoria,Engineering,2,40.0,47.0,4,5,100,HIGH
NSFAS002048,Lindiwe Mthembu,North-West University,Commerce,2,40.0,21.0,2,5,80,HIGH
NSFAS002049,Lindiwe Mkhize,North-West University,Engineering,2,40.0,34.0,1,2,80,HIGH
NSFAS002050,Tshepo Mkhize,University of Pretoria,Law,4,40.0,34.0,2,3,80,HIGH
NSFAS002051,Mpho Zulu,University of Cape Town,Commerce,2,95.0,75.0,1,2,0,LOW
NSFAS002052,Nomsa Mthethwa,University of Pretoria,Education,2,75.0,82.0,1,2,0,LOW
NSFAS002053,Thabo Khumalo,University of KwaZulu-Natal,Science,2,40.0,34.0,1,5,80,HIGH
NSFAS002054,Phumzile Mthethwa,University of the Free State,Engineering,2,40.0,29.0,3,1,100,HIGH
NSFAS002055,Lindiwe Zulu,University of Stellenbosch,Arts,1,40.0,35.0,3,5,100,HIGH
NSFAS002056,Phumzile Nkosi,University of Johannesburg,Education,3,45.57,49.0,4,5,100,HIGH
NSFAS002057,Andile Nkosi,University of Pretoria,Arts,2,40.0,48.0,3,5,100,HIGH
NSFAS002058,Busisiwe Zulu,University of Johannesburg,Arts,4,40.37,63.0,4,0,100,HIGH
NSFAS002059,Nokuthula Mthethwa,University of Stellenbosch,Commerce,1,75.0,92.0,1,3,0,LOW
NSFAS002060,Zanele Ngcobo,University of KwaZulu-Natal,Education,4,43.25,38.0,3,3,100,HIGH
NSFAS002061,Andile Mokoena,University of Johannesburg,Arts,3,40.0,49.0,4,1,100,HIGH
NSFAS002062,Nokuthula Ngcobo,University of the Free State,Education,4,40.0,49.0,4,2,100,HIGH
NSFAS002063,Nomsa Dlamini,University of Stellenbosch,Arts,3,41.75,22.0,2,4,80,HIGH
NSFAS002064,Busisiwe Khumalo,University of Cape Town,Law,2,95.0,79.0,1,2,0,LOW
NSFAS002065,Zanele Mthethwa,University of Johannesburg,Science,3,30.0,28.0,1,1,80,HIGH
NSFAS002066,Busisiwe Molefe,University of the Witwatersrand,Arts,3,40.0,40.0,2,3,80,HIGH
NSFAS002067,Nomsa Dlamini,University of the Free State,Science,2,59.74,55.0,4,0,60,HIGH
NSFAS002068,Lerato Mthethwa,University of Stellenbosch,Engineering,2,75.0,85.0,0,2,0,LOW
NSFAS002069,Lindiwe Dlamini,University of Johannesburg,Education,2,40.0,62.0,4,3,100,HIGH
NSFAS002070,Lindiwe Ngcobo,University of the Free State,Education,1,75.0,83.0,1,0,0,LOW
NSFAS002071,Sipho Mabaso,University of the Witwatersrand,Engineering,3,75.0,87.0,1,3,0,LOW
NSFAS002072,Zanele Mkhize,University of KwaZulu-Natal,Engineering,2,46.49,55.0,1,5,80,HIGH
NSFAS002073,Nomsa Ngcobo,University of Cape Town,Law,3,45.03,62.0,1,4,80,HIGH
NSFAS002074,Nokuthula Mabaso,University of KwaZulu-Natal,Education,2,40.0,57.0,2,0,80,HIGH
NSFAS002075,Mpho Ngcobo,University of Pretoria,Commerce,1,30.0,44.0,3,4,100,HIGH
NSFAS002076,Lindiwe Khumalo,University of KwaZulu-Natal,Education,4,85.15,79.0,0,1,0,LOW
NSFAS002077,Nomsa Mokoena,University of KwaZulu-Natal,Engineering,1,40.0,50.0,2,4,80,HIGH
NSFAS002078,Busisiwe Mahlangu,University of Cape Town,Science,2,30.0,60.0,3,0,100,HIGH
NSFAS002079,Kagiso Mkhize,University of KwaZulu-Natal,Engineering,2,49.0,25.0,2,5,80,HIGH
NSFAS002080,Andile Ngcobo,University of Pretoria,Science,1,75.0,95.0,0,3,0,LOW
NSFAS002081,Mpho Mthembu,University of the Witwatersrand,Commerce,1,40.89,51.0,4,3,100,HIGH
NSFAS002082,Kagiso Mhlongo,University of Johannesburg,Commerce,2,75.0,95.0,1,0,0,LOW
NSFAS002083,Phumzile Mhlongo,University of Pretoria,Science,1,75.0,94.0,0,3,0,LOW
NSFAS002084,Mpho Mokoena,University of Cape Town,Law,1,61.53,66.0,1,2,40,MEDIUM
NSFAS002085,Andile Mahlangu,University of Cape Town,Engineering,1,40.0,33.0,2,3,80,HIGH
NSFAS002086,Sipho Dlamini,University of Pretoria,Law,1,30.0,52.0,4,0,100,HIGH
NSFAS002087,Themba Mthembu,University of Cape Town,Engineering,3,75.0,85.0,1,3,0,LOW
NSFAS002088,Themba Mthethwa,University of the Witwatersrand,Engineering,4,40.0,30.0,1,5,80,HIGH
NSFAS002089,Mpho Khumalo,University of the Free State,Science,1,60.91,84.0,1,1,0,LOW
NSFAS002090,Themba Mahlangu,University of the Free State,Science,2,40.0,32.0,3,4,100,HIGH
NSFAS002091,Zanele Molefe,University of Stellenbosch,Law,4,30.0,47.0,3,4,100,HIGH
NSFAS002092,Tshepo Zulu,University of KwaZulu-Natal,Commerce,4,75.0,95.0,1,0,0,LOW
NSFAS002093,Sipho Mthethwa,University of KwaZulu-Natal,Education,1,49.0,53.0,4,3,100,HIGH
NSFAS002094,Mpho Mkhize,University of the Witwatersrand,Education,3,45.29,59.0,3,3,100,HIGH
NSFAS002095,Sipho Molefe,University of Stellenbosch,Education,2,60.9,57.0,3,2,60,HIGH
NSFAS002096,Zanele Nkosi,University of Johannesburg,Education,4,40.0,52.0,1,3,80,HIGH
NSFAS002097,Lerato Dlamini,University of Johannesburg,Commerce,4,40.0,0.0,3,0,100,HIGH
NSFAS002098,Sibusiso Mahlangu,University of Johannesburg,Law,4,40.0,48.0,1,2,80,HIGH
NSFAS002099,Sipho Khumalo,North-West University,Arts,1,40.0,51.0,4,4,100,HIGH
NSFAS002100,Phumzile Molefe,University of the Witwatersrand,Law,1,64.21,57.0,1,4,40,MEDIUM
NSFAS002101,Nomsa Mkhize,University of the Free State,Law,1,30.0,40.0,2,2,80,HIGH
NSFAS002102,Phumzile Khumalo,North-West University,Education,1,49.0,22.0,4,3,100,HIGH
NSFAS002103,Andile Mthethwa,University of Cape Town,Engineering,1,44.57,31.0,1,5,80,HIGH
NSFAS002104,Sipho Mokoena,University of Johannesburg,Commerce,2,43.0,46.0,2,4,80,HIGH
NSFAS002105,Mpho Mabaso,University of Cape Town,Arts,3,66.31,70.0,1,4,0,LOW
NSFAS002106,Mpho Mthethwa,University of Cape Town,Education,2,59.64,72.0,1,2,0,LOW
NSFAS002107,Nokuthula Mhlongo,University of the Witwatersrand,Commerce,4,40.0,60.0,1,4,80,HIGH
NSFAS002108,Sibusiso Zulu,North-West University,Science,2,40.0,56.0,1,4,80,HIGH
NSFAS002109,Nokuthula Mkhize,University of KwaZulu-Natal,Science,4,40.0,64.0,1,3,80,HIGH
NSFAS002110,Lindiwe Dlamini,University of Cape Town,Science,4,75.0,78.0,0,2,0,LOW
NSFAS002111,Tshepo Nkosi,University of Cape Town,Education,2,30.0,33.0,1,3,80,HIGH
NSFAS002112,Phumzile Mkhize,University of the Witwatersrand,Engineering,1,75.0,91.0,1,1,0,LOW
NSFAS002113,Zanele Khumalo,North-West University,Engineering,2,51.5,81.0,1,2,0,LOW
NSFAS002114,Tshepo Zulu,University of the Free State,Commerce,1,95.0,75.0,0,2,0,LOW
NSFAS002115,Sibusiso Zulu,University of the Witwatersrand,Arts,1,75.0,89.0,1,5,0,LOW
NSFAS002116,Busisiwe Mokoena,University of Johannesburg,Law,2,40.0,50.0,1,4,80,HIGH
NSFAS002117,Sipho Khumalo,University of Johannesburg,Law,4,40.74,23.0,4,3,100,HIGH
NSFAS002118,Tshepo Mthembu,University of Pretoria,Arts,4,47.19,49.0,2,5,80,HIGH
NSFAS002119,Tshepo Mhlongo,North-West University,Law,4,44.98,26.0,1,3,80,HIGH
NSFAS002120,Mpho Mthethwa,University of Stellenbosch,Commerce,1,51.79,64.0,0,1,40,MEDIUM
NSFAS002121,Kagiso Mkhize,University of Stellenbosch,Law,1,95.0,80.0,1,4,0,LOW
NSFAS002122,Thabo Mahlangu,North-West University,Arts,4,68.15,68.0,0,0,40,MEDIUM
NSFAS002123,Lindiwe Nkosi,University of Johannesburg,Law,3,30.0,46.0,3,3,100,HIGH
NSFAS002124,Thabo Dlamini,University of the Witwatersrand,Law,4,30.0,50.0,2,0,80,HIGH
NSFAS002125,Thabo Mhlongo,University of the Witwatersrand,Science,1,40.0,24.0,4,2,100,HIGH
NSFAS002126,Nokuthula Zulu,University of Stellenbosch,Commerce,1,69.92,65.0,1,4,40,MEDIUM
NSFAS002127,Sipho Mokoena,University of KwaZulu-Natal,Science,4,40.0,38.0,2,1,80,HIGH
NSFAS002128,Busisiwe Molefe,University of Stellenbosch,Law,2,40.0,27.0,2,4,80,HIGH
NSFAS002129,Phumzile Mabaso,University of KwaZulu-Natal,Science,1,40.0,57.0,1,5,80,HIGH
NSFAS002130,Mpho Dlamini,University of the Free State,Engineering,3,75.0,87.0,0,2,0,LOW
NSFAS002131,Zanele Mabaso,University of KwaZulu-Natal,Commerce,1,41.53,37.0,3,1,100,HIGH
NSFAS002132,Busisiwe Molefe,University of Cape Town,Law,3,60.05,81.0,1,1,0,LOW
NSFAS002133,Phumzile Mabaso,University of Johannesburg,Engineering,1,69.92,65.0,0,3,40,MEDIUM
NSFAS002134,Tshepo Mahlangu,University of Cape Town,Commerce,1,46.25,41.0,3,0,100,HIGH
NSFAS002135,Zanele Mhlongo,University of Stellenbosch,Science,2,40.0,58.0,3,2,100,HIGH
NSFAS002136,Nokuthula Molefe,University of Cape Town,Science,3,40.0,65.0,4,2,100,HIGH
NSFAS002137,Themba Nkosi,North-West University,Engineering,4,75.0,83.0,1,0,0,LOW
NSFAS002138,Lerato Mkhize,University of the Witwatersrand,Commerce,3,65.6,80.0,0,0,0,LOW
NSFAS002139,Sipho Khumalo,University of Stellenbosch,Law,4,36.69,62.0,3,2,100,HIGH
NSFAS002140,Zanele Mthembu,University of Cape Town,Education,2,40.15,24.0,1,0,80,HIGH
NSFAS002141,Nokuthula Molefe,University of Cape Town,Arts,2,67.21,79.0,1,1,0,LOW
NSFAS002142,Tshepo Ngcobo,University of the Witwatersrand,Engineering,4,30.0,34.0,1,2,80,HIGH
NSFAS002143,Lindiwe Molefe,University of Cape Town,Engineering,2,40.0,44.0,1,2,80,HIGH
NSFAS002144,Mpho Mthembu,University of KwaZulu-Natal,Education,2,40.0,23.0,4,3,100,HIGH
NSFAS002145,Themba Ngcobo,University of Johannesburg,Law,1,54.81,79.0,1,0,0,LOW
NSFAS002146,Sipho Mkhize,University of Johannesburg,Commerce,3,30.0,25.0,2,0,80,HIGH
NSFAS002147,Andile Mthembu,University of the Witwatersrand,Engineering,2,40.0,31.0,1,4,80,HIGH
NSFAS002148,Lerato Mahlangu,University of the Witwatersrand,Science,2,30.0,51.0,4,2,100,HIGH
NSFAS002149,Thabo Mokoena,University of Johannesburg,Engineering,3,43.31,28.0,4,4,100,HIGH
NSFAS002150,Nokuthula Mokoena,University of KwaZulu-Natal,Arts,1,40.0,53.0,4,5,100,HIGH
NSFAS002151,Themba Ngcobo,University of the Free State,Arts,1,58.83,80.0,0,2,0,LOW
NSFAS002152,Lindiwe Dlamini,University of Stellenbosch,Science,3,41.03,62.0,1,1,80,HIGH
NSFAS002153,Nomsa Zulu,University of KwaZulu-Natal,Arts,4,49.0,56.0,1,2,80,HIGH
NSFAS002154,Sipho Dlamini,University of the Witwatersrand,Law,4,46.97,65.0,0,5,80,HIGH
NSFAS002155,Lindiwe Ngcobo,University of Cape Town,Arts,2,62.37,71.0,1,2,0,LOW
NSFAS002156,Busisiwe Mokoena,University of the Free State,Commerce,1,60.11,68.0,1,0,40,MEDIUM
NSFAS002157,Phumzile Zulu,University of Stellenbosch,Engineering,1,30.0,39.0,3,4,100,HIGH
NSFAS002158,Zanele Mthethwa,University of Pretoria,Commerce,2,75.0,95.0,0,1,0,LOW
NSFAS002159,Themba Mthethwa,University of Stellenbosch,Education,3,75.0,93.0,0,5,0,LOW
NSFAS002160,Thabo Mthembu,University of Pretoria,Science,3,41.62,55.0,1,3,80,HIGH
NSFAS002161,Nomsa Zulu,University of the Free State,Law,4,40.33,30.0,1,2,80,HIGH
NSFAS002162,Zanele Dlamini,North-West University,Engineering,2,75.0,92.0,1,0,0,LOW
NSFAS002163,Lerato Ngcobo,University of Pretoria,Education,4,95.0,81.0,0,0,0,LOW
NSFAS002164,Thabo Molefe,University of Cape Town,Arts,3,40.0,36.0,3,3,100,HIGH
NSFAS002165,Tshepo Molefe,University of Johannesburg,Science,4,75.0,89.0,0,5,0,LOW
NSFAS002166,Lindiwe Mahlangu,University of Cape Town,Science,2,67.18,60.0,1,0,40,MEDIUM
NSFAS002167,Phumzile Nkosi,University of Pretoria,Science,2,60.26,77.0,0,4,0,LOW
NSFAS002168,Busisiwe Dlamini,North-West University,Arts,4,40.0,41.0,1,2,80,HIGH
NSFAS002169,Thabo Dlamini,North-West University,Education,1,40.0,0.0,1,4,80,HIGH
NSFAS002170,Themba Molefe,University of Pretoria,Science,2,48.04,31.0,4,2,100,HIGH
NSFAS002171,Thabo Ngcobo,University of the Witwatersrand,Law,3,75.0,95.0,0,4,0,LOW
NSFAS002172,Nokuthula Zulu,North-West University,Commerce,3,49.0,32.0,3,0,100,HIGH
NSFAS002173,Phumzile Nkosi,University of KwaZulu-Natal,Science,1,40.0,27.0,4,4,100,HIGH
NSFAS002174,Zanele Ngcobo,North-West University,Science,4,54.12,80.0,1,3,0,LOW
NSFAS002175,Thabo Mahlangu,University of Cape Town,Commerce,4,47.18,21.0,2,4,80,HIGH
NSFAS002176,Nomsa Dlamini,University of KwaZulu-Natal,Commerce,4,58.12,80.0,1,1,0,LOW
NSFAS002177,Andile Mthethwa,University of Johannesburg,Education,2,46.53,26.0,2,1,80,HIGH
NSFAS002178,Thabo Zulu,North-West University,Law,4,55.94,78.0,1,2,0,LOW
NSFAS002179,Mpho Molefe,University of Johannesburg,Science,3,49.0,58.0,1,4,80,HIGH
NSFAS002180,Lindiwe Molefe,University of Stellenbosch,Engineering,4,80.48,95.0,0,2,0,LOW
NSFAS002181,Busisiwe Mhlongo,North-West University,Engineering,1,40.0,63.0,3,1,100,HIGH
NSFAS002182,Busisiwe Dlamini,North-West University,Commerce,3,68.49,72.0,0,1,0,LOW
NSFAS002183,Sibusiso Zulu,University of the Free State,Engineering,4,53.7,70.0,0,4,0,LOW
NSFAS002184,Themba Nkosi,University of KwaZulu-Natal,Engineering,4,67.14,77.0,1,4,0,LOW
NSFAS002185,Tshepo Mabaso,University of KwaZulu-Natal,Commerce,3,40.0,45.0,3,0,100,HIGH
NSFAS002186,Andile Ngcobo,North-West University,Engineering,3,42.92,20.0,2,1,80,HIGH
NSFAS002187,Thabo Dlamini,North-West University,Commerce,2,48.16,49.0,4,3,100,HIGH
NSFAS002188,Zanele Mabaso,University of Johannesburg,Arts,3,74.17,83.0,1,2,0,LOW
NSFAS002189,Themba Dlamini,University of Pretoria,Science,4,40.0,40.0,2,5,80,HIGH
NSFAS002190,Tshepo Mkhize,North-West University,Law,1,75.0,81.0,1,4,0,LOW
NSFAS002191,Thabo Molefe,University of Johannesburg,Law,2,75.0,86.0,0,5,0,LOW
NSFAS002192,Tshepo Mhlongo,University of Johannesburg,Education,2,55.75,85.0,1,2,0,LOW
NSFAS002193,Tshepo Molefe,University of Pretoria,Law,2,30.0,29.0,3,0,100,HIGH
NSFAS002194,Lerato Dlamini,University of Stellenbosch,Commerce,3,75.0,80.0,0,4,0,LOW
NSFAS002195,Busisiwe Mabaso,University of Johannesburg,Science,2,49.0,47.0,1,4,80,HIGH
NSFAS002196,Lerato Mahlangu,North-West University,Science,1,49.64,20.0,2,3,80,HIGH
NSFAS002197,Zanele Nkosi,University of Johannesburg,Engineering,4,59.89,68.0,1,5,40,MEDIUM
NSFAS002198,Andile Mabaso,University of the Free State,Science,1,75.0,85.0,0,2,0,LOW
NSFAS002199,Busisiwe Nkosi,University of Johannesburg,Science,4,36.18,51.0,3,5,100,HIGH
NSFAS002200,Sipho Zulu,University of KwaZulu-Natal,Arts,3,75.0,81.0,0,2,0,LOW
NSFAS002201,Nomsa Khumalo,University of Cape Town,Commerce,3,61.62,76.0,1,5,0,LOW
NSFAS002202,Sipho Dlamini,North-West University,Engineering,2,75.0,95.0,0,3,0,LOW
NSFAS002203,Mpho Mahlangu,University of the Free State,Education,2,40.0,59.0,1,4,80,HIGH
NSFAS002204,Nomsa Nkosi,University of Johannesburg,Education,3,67.38,82.0,1,4,0,LOW
NSFAS002205,Thabo Mhlongo,University of Pretoria,Law,4,44.23,56.0,2,4,80,HIGH
NSFAS002206,Sibusiso Mhlongo,University of the Free State,Commerce,4,40.0,44.0,3,0,100,HIGH
NSFAS002207,Kagiso Mahlangu,University of KwaZulu-Natal,Engineering,3,30.0,32.0,4,5,100,HIGH
NSFAS002208,Busisiwe Mokoena,University of the Free State,Engineering,1,75.0,86.0,0,4,0,LOW
NSFAS002209,Nokuthula Khumalo,North-West University,Education,1,40.0,60.0,4,0,100,HIGH
NSFAS002210,Mpho Mthethwa,University of the Witwatersrand,Law,4,70.57,95.0,0,0,0,LOW
NSFAS002211,Themba Khumalo,University of the Free State,Science,1,69.4,78.0,0,4,0,LOW
NSFAS002212,Nokuthula Zulu,North-West University,Education,1,75.0,94.0,1,2,0,LOW
NSFAS002213,Zanele Molefe,University of the Free State,Education,3,50.86,57.0,2,3,40,MEDIUM
NSFAS002214,Kagiso Zulu,North-West University,Engineering,2,30.0,64.0,4,2,100,HIGH
NSFAS002215,Zanele Mhlongo,University of Stellenbosch,Arts,3,40.0,64.0,3,3,100,HIGH
NSFAS002216,Thabo Mahlangu,University of Cape Town,Arts,2,48.45,59.0,4,2,100,HIGH
NSFAS002217,Zanele Dlamini,University of KwaZulu-Natal,Law,4,30.0,33.0,2,2,80,HIGH
NSFAS002218,Kagiso Zulu,University of the Witwatersrand,Engineering,1,40.0,61.0,3,0,100,HIGH
NSFAS002219,Sipho Mhlongo,University of the Free State,Education,1,67.39,60.0,0,0,40,MEDIUM
NSFAS002220,Sibusiso Molefe,University of Cape Town,Commerce,2,42.43,46.0,2,1,80,HIGH
NSFAS002221,Phumzile Khumalo,University of the Witwatersrand,Commerce,3,48.78,51.0,1,4,80,HIGH
NSFAS002222,Busisiwe Mokoena,University of the Witwatersrand,Arts,3,40.0,48.0,4,2,100,HIGH
NSFAS002223,Sibusiso Nkosi,University of the Witwatersrand,Education,1,40.0,31.0,2,2,80,HIGH
NSFAS002224,Thabo Molefe,North-West University,Arts,2,40.0,54.0,2,5,80,HIGH
NSFAS002225,Kagiso Mkhize,University of Pretoria,Science,4,75.0,92.0,1,5,0,LOW
NSFAS002226,Themba Mabaso,University of Cape Town,Engineering,4,47.6,43.0,4,5,100,HIGH
NSFAS002227,Nokuthula Molefe,University of Cape Town,Science,4,40.0,38.0,2,4,80,HIGH
NSFAS002228,Nokuthula Mthethwa,University of the Witwatersrand,Arts,1,30.0,53.0,4,1,100,HIGH
NSFAS002229,Tshepo Khumalo,University of KwaZulu-Natal,Engineering,2,40.0,26.0,4,5,100,HIGH
NSFAS002230,Themba Mahlangu,University of Cape Town,Law,1,75.0,95.0,1,4,0,LOW
NSFAS002231,Busisiwe Mkhize,University of Pretoria,Engineering,3,63.74,57.0,1,5,40,MEDIUM
NSFAS002232,Busisiwe Mabaso,University of Johannesburg,Commerce,1,30.0,35.0,1,2,80,HIGH
NSFAS002233,Nomsa Mhlongo,University of the Free State,Law,4,40.0,37.0,3,3,100,HIGH
NSFAS002234,Sipho Nkosi,North-West University,Science,2,75.0,76.0,0,3,0,LOW
NSFAS002235,Thabo Mabaso,University of Cape Town,Commerce,2,75.0,87.0,0,2,0,LOW
NSFAS002236,Lerato Dlamini,University of Cape Town,Science,1,40.0,35.0,4,4,100,HIGH
NSFAS002237,Mpho Dlamini,University of Johannesburg,Commerce,2,30.0,57.0,3,2,100,HIGH
NSFAS002238,Sipho Ngcobo,University of Stellenbosch,Science,3,40.0,40.0,3,2,100,HIGH
NSFAS002239,Nomsa Mahlangu,University of the Free State,Arts,4,40.0,60.0,2,5,80,HIGH
NSFAS002240,Lindiwe Mahlangu,University of the Witwatersrand,Arts,2,46.13,58.0,2,3,80,HIGH
NSFAS002241,Sipho Zulu,North-West University,Commerce,2,64.85,67.0,0,3,40,MEDIUM
NSFAS002242,Kagiso Mhlongo,University of the Free State,Education,3,40.0,23.0,3,3,100,HIGH
NSFAS002243,Busisiwe Mthembu,University of KwaZulu-Natal,Science,3,40.0,23.0,1,5,80,HIGH
NSFAS002244,Sibusiso Mthethwa,University of Johannesburg,Arts,3,64.11,60.0,0,4,40,MEDIUM
NSFAS002245,Zanele Mahlangu,University of the Free State,Law,3,40.0,30.0,1,4,80,HIGH
NSFAS002246,Sibusiso Mthethwa,University of Johannesburg,Engineering,3,73.3,95.0,0,2,0,LOW
NSFAS002247,Kagiso Mhlongo,University of Stellenbosch,Law,3,61.56,64.0,1,5,40,MEDIUM
NSFAS002248,Phumzile Mthethwa,North-West University,Arts,4,40.0,36.0,1,2,80,HIGH
NSFAS002249,Kagiso Molefe,University of KwaZulu-Natal,Engineering,2,40.0,33.0,2,3,80,HIGH
NSFAS002250,Lindiwe Mthethwa,North-West University,Arts,1,40.0,42.0,1,2,80,HIGH
NSFAS002251,Sibusiso Mahlangu,University of the Free State,Law,4,38.55,40.0,2,4,80,HIGH
NSFAS002252,Sipho Mthethwa,North-West University,Science,3,40.0,40.0,2,4,80,HIGH
NSFAS002253,Mpho Mthethwa,North-West University,Arts,1,30.0,21.0,1,4,80,HIGH
NSFAS002254,Kagiso Nkosi,University of Stellenbosch,Engineering,3,40.0,31.0,2,5,80,HIGH
NSFAS002255,Tshepo Ngcobo,University of the Free State,Commerce,3,61.26,77.0,0,3,0,LOW
NSFAS002256,Sibusiso Mkhize,University of Pretoria,Engineering,3,42.52,35.0,4,5,100,HIGH
NSFAS002257,Tshepo Mthethwa,University of Stellenbosch,Arts,4,73.57,78.0,0,4,0,LOW
NSFAS002258,Themba Mkhize,University of KwaZulu-Natal,Arts,3,75.0,93.0,0,5,0,LOW
NSFAS002259,Zanele Ngcobo,University of the Free State,Arts,2,50.73,66.0,0,4,40,MEDIUM
NSFAS002260,Themba Mhlongo,University of Cape Town,Commerce,1,40.56,34.0,1,1,80,HIGH
NSFAS002261,Lindiwe Mhlongo,University of Johannesburg,Education,4,45.36,44.0,1,1,80,HIGH
NSFAS002262,Nokuthula Zulu,University of the Witwatersrand,Engineering,2,50.24,78.0,0,0,0,LOW
NSFAS002263,Busisiwe Ngcobo,University of Cape Town,Commerce,2,61.6,72.0,1,2,0,LOW
NSFAS002264,Phumzile Nkosi,University of Johannesburg,Science,2,40.0,62.0,3,5,100,HIGH
NSFAS002265,Lerato Nkosi,University of KwaZulu-Natal,Engineering,3,54.63,63.0,1,2,40,MEDIUM
NSFAS002266,Sipho Mthethwa,University of Johannesburg,Arts,3,56.53,61.0,1,2,40,MEDIUM
NSFAS002267,Nokuthula Khumalo,University of the Witwatersrand,Arts,4,40.0,34.0,3,0,100,HIGH
NSFAS002268,Themba Ngcobo,University of KwaZulu-Natal,Commerce,2,70.11,87.0,0,4,0,LOW
NSFAS002269,Phumzile Nkosi,University of Pretoria,Science,4,75.0,81.0,1,5,0,LOW
NSFAS002270,Thabo Mahlangu,University of KwaZulu-Natal,Science,3,75.0,79.0,1,3,0,LOW
NSFAS002271,Tshepo Mabaso,University of KwaZulu-Natal,Commerce,4,43.96,55.0,4,0,100,HIGH
NSFAS002272,Sibusiso Mhlongo,North-West University,Education,4,54.8,0.0,1,0,40,MEDIUM
NSFAS002273,Phumzile Mabaso,University of Stellenbosch,Arts,3,75.0,84.0,1,3,0,LOW
NSFAS002274,Mpho Mthembu,University of the Free State,Law,4,40.0,23.0,4,5,100,HIGH
NSFAS002275,Zanele Molefe,University of KwaZulu-Natal,Commerce,2,40.0,38.0,4,1,100,HIGH
NSFAS002276,Phumzile Zulu,North-West University,Science,4,64.35,72.0,0,1,0,LOW
NSFAS002277,Nokuthula Khumalo,University of Johannesburg,Law,1,49.0,46.0,3,4,100,HIGH
NSFAS002278,Themba Mokoena,University of KwaZulu-Natal,Law,1,62.82,75.0,1,5,0,LOW
NSFAS002279,Tshepo Zulu,University of the Free State,Law,2,30.0,33.0,2,4,80,HIGH
NSFAS002280,Nomsa Ngcobo,University of the Witwatersrand,Arts,3,42.56,35.0,2,4,80,HIGH
NSFAS002281,Kagiso Khumalo,University of the Witwatersrand,Engineering,4,61.81,76.0,1,5,0,LOW
NSFAS002282,Thabo Mthethwa,University of Stellenbosch,Commerce,3,40.0,32.0,1,2,80,HIGH
NSFAS002283,Mpho Khumalo,North-West University,Engineering,1,47.69,20.0,1,3,80,HIGH
NSFAS002284,Kagiso Mahlangu,University of the Free State,Science,3,40.0,0.0,3,5,100,HIGH
NSFAS002285,Tshepo Mkhize,University of the Free State,Science,2,71.3,79.0,1,2,0,LOW
NSFAS002286,Kagiso Mahlangu,University of the Witwatersrand,Science,3,59.11,66.0,1,4,40,MEDIUM
NSFAS002287,Busisiwe Mokoena,University of Johannesburg,Education,4,40.0,52.0,2,0,80,HIGH
NSFAS002288,Themba Molefe,University of Johannesburg,Engineering,2,61.16,80.0,1,0,0,LOW
NSFAS002289,Kagiso Nkosi,University of Cape Town,Commerce,4,40.0,45.0,2,2,80,HIGH
NSFAS002290,Zanele Nkosi,University of Johannesburg,Science,1,35.51,40.0,4,3,100,HIGH
NSFAS002291,Thabo Mabaso,University of the Free State,Engineering,1,55.61,78.0,0,4,0,LOW
NSFAS002292,Phumzile Mhlongo,University of the Free State,Science,2,50.3,60.0,1,4,40,MEDIUM
NSFAS002293,Tshepo Mthethwa,University of the Free State,Commerce,1,75.35,82.0,0,2,0,LOW
NSFAS002294,Thabo Zulu,North-West University,Arts,2,30.0,63.0,3,3,100,HIGH
NSFAS002295,Andile Mokoena,University of Stellenbosch,Science,4,75.0,91.0,1,5,0,LOW
NSFAS002296,Themba Zulu,University of KwaZulu-Natal,Arts,2,40.0,56.0,1,2,80,HIGH
NSFAS002297,Kagiso Zulu,University of the Free State,Commerce,4,59.97,61.0,0,1,40,MEDIUM
NSFAS002298,Busisiwe Mkhize,University of Johannesburg,Science,3,40.0,32.0,2,2,80,HIGH
NSFAS002299,Nokuthula Mahlangu,University of Cape Town,Science,1,75.0,76.0,1,2,0,LOW
NSFAS002300,Sibusiso Molefe,University of Pretoria,Law,3,30.0,55.0,2,0,80,HIGH
NSFAS002301,Busisiwe Mhlongo,University of Pretoria,Commerce,1,53.24,85.0,1,1,0,LOW
NSFAS002302,Andile Mhlongo,University of the Witwatersrand,Law,2,48.78,20.0,4,2,100,HIGH
NSFAS002303,Phumzile Khumalo,North-West University,Law,3,40.38,51.0,3,0,100,HIGH
NSFAS002304,Lerato Mokoena,University of KwaZulu-Natal,Commerce,1,75.0,95.0,0,0,0,LOW
NSFAS002305,Zanele Mkhize,University of Pretoria,Law,4,61.05,56.0,2,1,40,MEDIUM
NSFAS002306,Busisiwe Nkosi,University of Cape Town,Engineering,3,69.62,59.0,4,1,60,HIGH
NSFAS002307,Sipho Dlamini,University of Pretoria,Commerce,4,40.0,38.0,1,3,80,HIGH
NSFAS002308,Thabo Mthethwa,University of the Free State,Commerce,1,30.0,22.0,3,0,100,HIGH
NSFAS002309,Mpho Mokoena,University of KwaZulu-Natal,Arts,3,40.0,48.0,1,1,80,HIGH
NSFAS002310,Thabo Mkhize,University of the Free State,Engineering,2,75.0,75.0,0,3,0,LOW
NSFAS002311,Phumzile Mkhize,University of Johannesburg,Commerce,2,40.0,49.0,1,3,80,HIGH
NSFAS002312,Phumzile Mthethwa,University of KwaZulu-Natal,Arts,4,61.76,67.0,0,4,40,MEDIUM
NSFAS002313,Busisiwe Mokoena,University of KwaZulu-Natal,Science,2,40.0,36.0,2,2,80,HIGH
NSFAS002314,Kagiso Mthembu,University of the Free State,Commerce,2,75.0,86.0,1,0,0,LOW
NSFAS002315,Tshepo Khumalo,University of Stellenbosch,Commerce,2,40.0,55.0,3,3,100,HIGH
NSFAS002316,Themba Molefe,North-West University,Commerce,3,64.72,72.0,0,5,0,LOW
NSFAS002317,Thabo Mthembu,University of Stellenbosch,Science,3,75.0,89.0,0,5,0,LOW
NSFAS002318,Tshepo Nkosi,University of Stellenbosch,Law,4,40.0,51.0,3,2,100,HIGH
NSFAS002319,Phumzile Mahlangu,University of the Witwatersrand,Arts,2,43.27,28.0,3,1,100,HIGH
NSFAS002320,Thabo Ngcobo,University of the Free State,Commerce,4,75.0,87.0,0,3,0,LOW
NSFAS002321,Sibusiso Mabaso,University of the Free State,Education,2,53.24,80.0,0,5,0,LOW
NSFAS002322,Phumzile Mthembu,University of Johannesburg,Arts,1,64.89,64.0,1,4,40,MEDIUM
NSFAS002323,Sipho Mthethwa,University of the Witwatersrand,Science,4,47.1,32.0,3,2,100,HIGH
NSFAS002324,Tshepo Mthethwa,University of the Witwatersrand,Commerce,1,40.0,49.0,3,0,100,HIGH
NSFAS002325,Themba Dlamini,University of KwaZulu-Natal,Law,4,40.0,53.0,1,1,80,HIGH
NSFAS002326,Sipho Khumalo,University of the Free State,Arts,1,40.0,54.0,3,5,100,HIGH
NSFAS002327,Thabo Mahlangu,University of Stellenbosch,Commerce,1,46.58,63.0,0,5,80,HIGH
NSFAS002328,Zanele Dlamini,University of Cape Town,Science,3,75.0,95.0,1,5,0,LOW
NSFAS002329,Thabo Molefe,North-West University,Law,4,40.0,38.0,2,5,80,HIGH
NSFAS002330,Lindiwe Dlamini,University of Pretoria,Arts,2,40.0,23.0,3,0,100,HIGH
NSFAS002331,Lindiwe Mthembu,University of Cape Town,Arts,1,70.74,86.0,1,5,0,LOW
NSFAS002332,Andile Zulu,University of the Free State,Law,2,46.48,22.0,1,2,80,HIGH
NSFAS002333,Lerato Mokoena,University of the Free State,Arts,4,81.05,89.0,0,2,0,LOW
NSFAS002334,Zanele Khumalo,University of Johannesburg,Science,3,40.0,44.0,2,4,80,HIGH
NSFAS002335,Phumzile Mthethwa,North-West University,Education,4,75.0,95.0,1,3,0,LOW
NSFAS002336,Lerato Ngcobo,University of Johannesburg,Engineering,3,95.0,91.0,0,0,0,LOW
NSFAS002337,Thabo Mkhize,University of Stellenbosch,Science,1,44.61,58.0,2,1,80,HIGH
NSFAS002338,Nokuthula Mthethwa,University of Cape Town,Arts,1,48.11,36.0,2,2,80,HIGH
NSFAS002339,Lerato Mhlongo,University of the Free State,Science,3,46.64,58.0,2,0,80,HIGH
NSFAS002340,Kagiso Mahlangu,University of the Witwatersrand,Commerce,1,40.0,44.0,4,4,100,HIGH
NSFAS002341,Thabo Zulu,University of Johannesburg,Education,2,75.0,82.0,0,4,0,LOW
NSFAS002342,Sibusiso Dlamini,University of Pretoria,Arts,1,59.94,63.0,0,0,40,MEDIUM
NSFAS002343,Kagiso Molefe,University of Stellenbosch,Engineering,1,40.0,34.0,2,3,80,HIGH
NSFAS002344,Tshepo Nkosi,University of Pretoria,Education,3,59.04,62.0,1,1,40,MEDIUM
NSFAS002345,Nokuthula Mhlongo,University of Johannesburg,Engineering,2,40.0,34.0,4,0,100,HIGH
NSFAS002346,Busisiwe Ngcobo,University of Johannesburg,Education,2,75.0,77.0,1,0,0,LOW
NSFAS002347,Phumzile Dlamini,University of Pretoria,Science,2,40.0,26.0,1,5,80,HIGH
NSFAS002348,Nomsa Ngcobo,University of Cape Town,Engineering,1,60.83,77.0,0,2,0,LOW
NSFAS002349,Lindiwe Khumalo,University of the Free State,Arts,3,73.69,89.0,1,5,0,LOW
NSFAS002350,Kagiso Zulu,University of Stellenbosch,Education,1,49.0,56.0,1,1,80,HIGH
NSFAS002351,Zanele Zulu,University of Pretoria,Science,3,43.17,47.0,3,3,100,HIGH
NSFAS002352,Lindiwe Mokoena,University of Cape Town,Arts,3,40.0,33.0,1,4,80,HIGH
NSFAS002353,Sibusiso Nkosi,University of Cape Town,Arts,1,74.28,95.0,0,0,0,LOW
NSFAS002354,Thabo Dlamini,University of Pretoria,Law,3,61.49,64.0,1,3,40,MEDIUM
NSFAS002355,Lindiwe Mthethwa,North-West University,Law,4,75.0,91.0,1,2,0,LOW
NSFAS002356,Zanele Khumalo,University of the Free State,Arts,2,31.97,63.0,3,4,100,HIGH
NSFAS002357,Thabo Dlamini,University of KwaZulu-Natal,Arts,2,40.0,54.0,1,3,80,HIGH
NSFAS002358,Themba Mahlangu,North-West University,Arts,4,40.0,61.0,2,0,80,HIGH
NSFAS002359,Kagiso Khumalo,University of KwaZulu-Natal,Commerce,2,40.0,36.0,3,0,100,HIGH
NSFAS002360,Tshepo Dlamini,University of Cape Town,Education,2,40.0,21.0,2,1,80,HIGH
NSFAS002361,Andile Khumalo,University of Stellenbosch,Engineering,1,74.0,95.0,0,2,0,LOW
NSFAS002362,Sipho Khumalo,North-West University,Science,1,47.52,33.0,4,2,100,HIGH
NSFAS002363,Nokuthula Mkhize,University of Cape Town,Science,1,75.0,78.0,1,2,0,LOW
NSFAS002364,Sibusiso Mabaso,University of the Witwatersrand,Science,1,88.56,80.0,0,2,0,LOW
NSFAS002365,Phumzile Ngcobo,University of Cape Town,Law,3,75.0,77.0,1,0,0,LOW
NSFAS002366,Zanele Mhlongo,University of the Free State,Arts,2,70.95,77.0,1,2,0,LOW
NSFAS002367,Mpho Molefe,University of Pretoria,Commerce,4,30.0,27.0,3,0,100,HIGH
NSFAS002368,Themba Mabaso,University of Johannesburg,Education,4,75.56,78.0,1,0,0,LOW
NSFAS002369,Lerato Mthethwa,University of Stellenbosch,Law,1,40.0,0.0,1,5,80,HIGH
NSFAS002370,Sipho Khumalo,University of the Witwatersrand,Commerce,3,49.0,47.0,2,3,80,HIGH
NSFAS002371,Sipho Zulu,University of KwaZulu-Natal,Law,3,41.3,45.0,2,4,80,HIGH
NSFAS002372,Nomsa Mokoena,North-West University,Science,3,75.0,95.0,1,0,0,LOW
NSFAS002373,Themba Khumalo,University of Pretoria,Science,4,43.31,21.0,1,4,80,HIGH
NSFAS002374,Lindiwe Mabaso,University of Pretoria,Science,3,58.48,63.0,0,5,40,MEDIUM
NSFAS002375,Andile Khumalo,University of the Witwatersrand,Education,3,30.0,28.0,4,4,100,HIGH
NSFAS002376,Zanele Mabaso,University of the Witwatersrand,Law,3,40.0,46.0,4,1,100,HIGH
NSFAS002377,Sipho Mahlangu,University of KwaZulu-Natal,Arts,4,60.58,62.0,1,1,40,MEDIUM
NSFAS002378,Lerato Mkhize,University of Cape Town,Education,1,49.0,40.0,4,4,100,HIGH
NSFAS002379,Mpho Mthethwa,University of KwaZulu-Natal,Arts,1,40.0,29.0,3,4,100,HIGH
NSFAS002380,Lindiwe Khumalo,University of Pretoria,Commerce,1,71.4,75.0,0,4,0,LOW
NSFAS002381,Tshepo Mthembu,University of Pretoria,Law,2,46.8,53.0,4,3,100,HIGH
NSFAS002382,Kagiso Molefe,University of the Free State,Commerce,2,30.0,35.0,2,0,80,HIGH
NSFAS002383,Nomsa Khumalo,University of Stellenbosch,Arts,4,30.0,64.0,2,5,80,HIGH
NSFAS002384,Themba Khumalo,University of Cape Town,Education,4,40.0,60.0,4,3,100,HIGH
NSFAS002385,Tshepo Mabaso,University of Cape Town,Arts,1,71.68,90.0,0,2,0,LOW
NSFAS002386,Phumzile Mthethwa,University of the Free State,Arts,3,38.03,30.0,1,2,80,HIGH
NSFAS002387,Mpho Mokoena,University of the Free State,Science,2,34.69,33.0,4,1,100,HIGH
NSFAS002388,Themba Mabaso,University of Johannesburg,Science,2,75.0,92.0,1,0,0,LOW
NSFAS002389,Andile Nkosi,University of the Free State,Science,4,40.0,28.0,4,1,100,HIGH
NSFAS002390,Busisiwe Mahlangu,University of Johannesburg,Education,1,40.0,65.0,2,5,80,HIGH
NSFAS002391,Phumzile Molefe,North-West University,Commerce,4,49.0,33.0,1,2,80,HIGH
NSFAS002392,Tshepo Khumalo,University of the Free State,Law,1,40.0,45.0,4,0,100,HIGH
NSFAS002393,Sipho Dlamini,University of the Free State,Education,2,40.0,38.0,4,5,100,HIGH
NSFAS002394,Tshepo Zulu,University of the Free State,Engineering,2,75.0,95.0,1,0,0,LOW
NSFAS002395,Busisiwe Molefe,University of Stellenbosch,Engineering,1,40.0,25.0,3,5,100,HIGH
NSFAS002396,Mpho Ngcobo,University of Johannesburg,Arts,2,40.0,52.0,1,4,80,HIGH
NSFAS002397,Kagiso Nkosi,University of KwaZulu-Natal,Commerce,2,30.0,48.0,3,1,100,HIGH
NSFAS002398,Nokuthula Zulu,University of Cape Town,Commerce,3,40.0,43.0,2,4,80,HIGH
NSFAS002399,Kagiso Mthethwa,University of the Free State,Engineering,4,87.82,87.0,1,5,0,LOW
NSFAS002400,Lindiwe Nkosi,University of the Free State,Education,4,38.91,36.0,4,4,100,HIGH
NSFAS002401,Lerato Mhlongo,North-West University,Arts,3,75.0,75.0,0,5,0,LOW
NSFAS002402,Zanele Molefe,University of Stellenbosch,Science,1,72.8,87.0,0,4,0,LOW
NSFAS002403,Tshepo Mthethwa,University of the Witwatersrand,Engineering,4,30.0,54.0,1,0,80,HIGH
NSFAS002404,Lerato Mthembu,North-West University,Arts,3,54.22,58.0,4,0,60,HIGH
NSFAS002405,Nomsa Molefe,University of Johannesburg,Commerce,1,40.0,36.0,2,3,80,HIGH
NSFAS002406,Kagiso Mokoena,University of the Free State,Science,3,30.0,28.0,2,2,80,HIGH
NSFAS002407,Nomsa Zulu,North-West University,Commerce,1,49.0,27.0,2,3,80,HIGH
NSFAS002408,Andile Khumalo,University of Johannesburg,Science,4,40.0,62.0,3,4,100,HIGH
NSFAS002409,Lerato Khumalo,University of the Witwatersrand,Arts,3,40.0,54.0,2,3,80,HIGH
NSFAS002410,Sipho Mkhize,University of Stellenbosch,Arts,4,64.71,66.0,1,1,40,MEDIUM
NSFAS002411,Nomsa Mokoena,North-West University,Education,3,55.13,68.0,0,5,40,MEDIUM
NSFAS002412,Sipho Mthethwa,University of Cape Town,Science,1,30.0,29.0,3,5,100,HIGH
NSFAS002413,Lerato Dlamini,University of Stellenbosch,Law,1,62.34,80.0,1,4,0,LOW
NSFAS002414,Lerato Molefe,University of the Free State,Science,2,75.0,87.0,1,4,0,LOW
NSFAS002415,Nomsa Molefe,University of Johannesburg,Law,1,75.0,95.0,1,4,0,LOW
NSFAS002416,Thabo Mabaso,University of Stellenbosch,Law,3,61.96,56.0,2,3,40,MEDIUM
NSFAS002417,Kagiso Molefe,University of Johannesburg,Law,3,75.0,92.0,1,2,0,LOW
NSFAS002418,Phumzile Ngcobo,North-West University,Law,1,75.0,75.0,1,0,0,LOW
NSFAS002419,Sipho Mthembu,University of Stellenbosch,Education,1,40.0,26.0,1,4,80,HIGH
NSFAS002420,Sibusiso Molefe,University of the Free State,Arts,3,30.0,36.0,4,3,100,HIGH
NSFAS002421,Nokuthula Mahlangu,University of Cape Town,Science,1,58.21,67.0,1,2,40,MEDIUM
NSFAS002422,Andile Mahlangu,University of Cape Town,Science,2,55.76,84.0,0,1,0,LOW
NSFAS002423,Andile Mkhize,North-West University,Arts,3,40.0,34.0,2,5,80,HIGH
NSFAS002424,Phumzile Mkhize,University of Stellenbosch,Education,2,30.0,41.0,3,4,100,HIGH
NSFAS002425,Tshepo Mokoena,University of Johannesburg,Arts,3,40.0,36.0,3,4,100,HIGH
NSFAS002426,Lindiwe Mkhize,University of Cape Town,Law,1,68.34,60.0,0,3,40,MEDIUM
NSFAS002427,Andile Mokoena,University of Johannesburg,Commerce,4,40.0,51.0,1,3,80,HIGH
NSFAS002428,Phumzile Nkosi,University of Pretoria,Education,4,60.41,80.0,1,4,0,LOW
NSFAS002429,Mpho Mhlongo,University of Pretoria,Law,2,30.0,25.0,4,0,100,HIGH
NSFAS002430,Zanele Mahlangu,University of Johannesburg,Science,1,49.19,0.0,2,4,80,HIGH
NSFAS002431,Phumzile Mthethwa,University of the Witwatersrand,Law,4,30.0,36.0,3,0,100,HIGH
NSFAS002432,Tshepo Mokoena,University of Pretoria,Law,2,48.9,30.0,2,4,80,HIGH
NSFAS002433,Mpho Mahlangu,University of the Witwatersrand,Engineering,3,40.0,57.0,1,0,80,HIGH
NSFAS002434,Lerato Khumalo,University of Pretoria,Arts,4,66.17,60.0,0,3,40,MEDIUM
NSFAS002435,Lerato Dlamini,University of Stellenbosch,Arts,1,40.0,48.0,3,4,100,HIGH
NSFAS002436,Nokuthula Dlamini,University of the Witwatersrand,Arts,1,47.17,61.0,0,5,80,HIGH
NSFAS002437,Lindiwe Mhlongo,University of Stellenbosch,Commerce,4,40.0,46.0,3,1,100,HIGH
NSFAS002438,Sibusiso Mkhize,University of Johannesburg,Law,4,30.95,41.0,1,0,80,HIGH
NSFAS002439,Themba Ngcobo,University of the Witwatersrand,Law,3,59.3,58.0,4,5,60,HIGH
NSFAS002440,Kagiso Mhlongo,University of KwaZulu-Natal,Education,3,37.87,55.0,3,0,100,HIGH
NSFAS002441,Lerato Mhlongo,University of the Free State,Science,4,48.8,49.0,4,1,100,HIGH
NSFAS002442,Kagiso Mokoena,North-West University,Law,3,51.28,85.0,1,5,0,LOW
NSFAS002443,Nokuthula Nkosi,University of Pretoria,Law,3,65.57,62.0,1,4,40,MEDIUM
NSFAS002444,Tshepo Mokoena,University of the Witwatersrand,Law,2,75.0,75.0,1,4,0,LOW
NSFAS002445,Lindiwe Dlamini,University of KwaZulu-Natal,Commerce,4,40.0,42.0,2,1,80,HIGH
NSFAS002446,Andile Mahlangu,North-West University,Commerce,3,75.0,80.0,0,5,0,LOW
NSFAS002447,Busisiwe Molefe,University of the Witwatersrand,Law,2,40.0,25.0,2,2,80,HIGH
NSFAS002448,Thabo Molefe,University of the Witwatersrand,Law,4,42.98,31.0,2,2,80,HIGH
NSFAS002449,Mpho Mhlongo,University of the Free State,Engineering,2,40.0,45.0,1,2,80,HIGH
NSFAS002450,Kagiso Mthethwa,University of KwaZulu-Natal,Education,1,44.96,27.0,1,5,80,HIGH
NSFAS002451,Thabo Nkosi,University of KwaZulu-Natal,Education,1,48.31,38.0,4,3,100,HIGH
NSFAS002452,Phumzile Molefe,North-West University,Law,1,40.0,55.0,3,2,100,HIGH
NSFAS002453,Zanele Dlamini,University of Stellenbosch,Engineering,4,62.78,77.0,1,1,0,LOW
NSFAS002454,Sibusiso Molefe,University of the Free State,Engineering,3,71.56,94.0,1,0,0,LOW
NSFAS002455,Lerato Ngcobo,University of Cape Town,Arts,3,58.07,77.0,1,1,0,LOW
NSFAS002456,Sibusiso Mthethwa,North-West University,Engineering,4,75.0,95.0,1,2,0,LOW
NSFAS002457,Sibusiso Mhlongo,University of Pretoria,Arts,2,89.83,77.0,0,2,0,LOW
NSFAS002458,Tshepo Khumalo,University of the Witwatersrand,Commerce,3,68.52,55.0,1,5,40,MEDIUM
NSFAS002459,Sipho Zulu,North-West University,Law,2,49.0,55.0,4,3,100,HIGH
NSFAS002460,Tshepo Mhlongo,North-West University,Commerce,3,40.0,59.0,1,0,80,HIGH
NSFAS002461,Andile Mthembu,University of Johannesburg,Commerce,1,49.14,41.0,4,5,100,HIGH
NSFAS002462,Thabo Mahlangu,University of the Witwatersrand,Science,1,75.0,79.0,0,4,0,LOW
NSFAS002463,Lindiwe Khumalo,University of the Witwatersrand,Engineering,4,45.42,52.0,4,2,100,HIGH
NSFAS002464,Sipho Mokoena,University of Cape Town,Science,1,49.0,55.0,4,4,100,HIGH
NSFAS002465,Thabo Mthembu,University of Cape Town,Arts,4,43.83,58.0,2,1,80,HIGH
NSFAS002466,Nokuthula Mhlongo,University of Cape Town,Engineering,1,40.0,26.0,3,2,100,HIGH
NSFAS002467,Mpho Mthembu,North-West University,Commerce,4,53.06,77.0,1,1,0,LOW
NSFAS002468,Zanele Molefe,North-West University,Engineering,1,40.0,39.0,3,0,100,HIGH
NSFAS002469,Nomsa Ngcobo,University of KwaZulu-Natal,Arts,1,75.0,81.0,0,4,0,LOW
NSFAS002470,Sipho Khumalo,University of the Free State,Engineering,1,45.14,32.0,3,3,100,HIGH
NSFAS002471,Mpho Mkhize,University of KwaZulu-Natal,Education,4,40.0,36.0,3,4,100,HIGH
NSFAS002472,Sibusiso Zulu,University of Stellenbosch,Commerce,3,75.0,91.0,0,1,0,LOW
NSFAS002473,Phumzile Khumalo,University of Cape Town,Science,4,48.74,56.0,2,5,80,HIGH
NSFAS002474,Mpho Nkosi,University of the Free State,Education,3,63.8,65.0,1,4,40,MEDIUM
NSFAS002475,Nokuthula Ngcobo,University of Pretoria,Law,3,75.0,95.0,0,0,0,LOW
NSFAS002476,Nomsa Khumalo,University of the Witwatersrand,Law,2,75.0,93.0,1,4,0,LOW
NSFAS002477,Lindiwe Khumalo,North-West University,Science,2,47.85,22.0,4,3,100,HIGH
NSFAS002478,Nomsa Mokoena,University of Stellenbosch,Education,1,75.0,85.0,0,1,0,LOW
NSFAS002479,Lerato Mkhize,University of Cape Town,Science,4,40.0,56.0,2,2,80,HIGH
NSFAS002480,Kagiso Nkosi,University of the Free State,Law,3,65.58,55.0,1,2,40,MEDIUM
NSFAS002481,Tshepo Mokoena,University of the Witwatersrand,Commerce,2,40.0,21.0,2,2,80,HIGH
NSFAS002482,Nomsa Ngcobo,University of Cape Town,Science,2,64.03,69.0,0,4,40,MEDIUM
NSFAS002483,Sipho Mahlangu,University of Stellenbosch,Commerce,2,40.0,48.0,4,1,100,HIGH
NSFAS002484,Tshepo Nkosi,University of KwaZulu-Natal,Science,4,40.0,22.0,1,0,80,HIGH
NSFAS002485,Sibusiso Molefe,University of Johannesburg,Law,3,67.37,81.0,1,2,0,LOW
NSFAS002486,Tshepo Khumalo,University of Stellenbosch,Arts,3,40.0,26.0,3,0,100,HIGH
NSFAS002487,Nomsa Ngcobo,University of KwaZulu-Natal,Commerce,4,65.09,77.0,0,1,0,LOW
NSFAS002488,Busisiwe Molefe,University of Stellenbosch,Arts,2,66.45,71.0,0,2,0,LOW
NSFAS002489,Zanele Mkhize,University of the Free State,Engineering,1,62.48,67.0,1,2,40,MEDIUM
NSFAS002490,Zanele Mabaso,University of KwaZulu-Natal,Law,4,61.25,56.0,4,4,60,HIGH
NSFAS002491,Andile Mabaso,University of Stellenbosch,Arts,3,83.33,82.0,0,1,0,LOW
NSFAS002492,Mpho Ngcobo,University of Johannesburg,Law,3,73.01,95.0,1,5,0,LOW
NSFAS002493,Zanele Dlamini,University of KwaZulu-Natal,Science,4,40.0,39.0,3,4,100,HIGH
NSFAS002494,Lindiwe Dlamini,University of the Free State,Commerce,4,61.35,59.0,3,0,60,HIGH
NSFAS002495,Lerato Mhlongo,North-West University,Science,1,75.0,95.0,0,1,0,LOW
NSFAS002496,Themba Dlamini,University of the Witwatersrand,Engineering,3,75.0,95.0,1,0,0,LOW
NSFAS002497,Thabo Khumalo,University of Pretoria,Engineering,3,75.0,75.0,1,0,0,LOW
NSFAS002498,Andile Mkhize,University of KwaZulu-Natal,Engineering,2,65.73,59.0,2,2,40,MEDIUM
NSFAS002499,Nomsa Zulu,University of KwaZulu-Natal,Arts,4,53.48,61.0,1,3,40,MEDIUM
NSFAS002500,Lerato Khumalo,University of the Free State,Arts,4,65.07,85.0,0,0,0,LOW
NSFAS002501,Mpho Dlamini,University of the Witwatersrand,Education,3,42.18,50.0,3,2,100,HIGH
NSFAS002502,Kagiso Ngcobo,University of Johannesburg,Law,4,30.0,37.0,2,2,80,HIGH
NSFAS002503,Sipho Mokoena,University of the Witwatersrand,Engineering,1,40.0,25.0,3,3,100,HIGH
NSFAS002504,Tshepo Mahlangu,University of KwaZulu-Natal,Law,4,50.64,60.0,0,0,40,MEDIUM
NSFAS002505,Busisiwe Dlamini,University of Johannesburg,Law,3,75.0,79.0,0,4,0,LOW
NSFAS002506,Mpho Khumalo,University of Cape Town,Education,1,30.0,38.0,4,1,100,HIGH
NSFAS002507,Kagiso Mhlongo,University of the Free State,Law,4,55.54,60.0,0,5,40,MEDIUM
NSFAS002508,Sibusiso Mthembu,University of the Witwatersrand,Education,4,44.26,28.0,1,4,80,HIGH
NSFAS002509,Kagiso Mhlongo,University of Johannesburg,Science,3,40.0,21.0,2,5,80,HIGH
NSFAS002510,Sipho Mkhize,University of the Witwatersrand,Science,3,59.21,85.0,0,0,0,LOW
NSFAS002511,Andile Nkosi,University of the Free State,Science,2,43.48,52.0,1,4,80,HIGH
NSFAS002512,Lerato Mthembu,University of Stellenbosch,Science,1,40.0,27.0,2,0,80,HIGH
NSFAS002513,Kagiso Mthembu,University of Johannesburg,Engineering,1,65.39,84.0,0,2,0,LOW
NSFAS002514,Phumzile Mahlangu,University of Stellenbosch,Education,4,75.0,93.0,0,0,0,LOW
NSFAS002515,Lerato Nkosi,University of Pretoria,Science,2,40.0,21.0,3,3,100,HIGH
NSFAS002516,Phumzile Dlamini,North-West University,Science,1,40.0,52.0,1,5,80,HIGH
NSFAS002517,Mpho Dlamini,University of Cape Town,Law,3,75.0,95.0,1,0,0,LOW
NSFAS002518,Thabo Ngcobo,University of Stellenbosch,Education,3,86.66,92.0,1,5,0,LOW
NSFAS002519,Lindiwe Mhlongo,University of the Witwatersrand,Arts,4,75.0,92.0,1,2,0,LOW
NSFAS002520,Busisiwe Ngcobo,University of KwaZulu-Natal,Arts,2,42.91,44.0,2,2,80,HIGH
NSFAS002521,Kagiso Mabaso,University of Stellenbosch,Commerce,1,62.95,68.0,0,4,40,MEDIUM
NSFAS002522,Themba Mahlangu,North-West University,Engineering,1,30.0,60.0,2,2,80,HIGH
NSFAS002523,Mpho Mthembu,University of Stellenbosch,Science,3,48.88,45.0,3,5,100,HIGH
NSFAS002524,Sibusiso Mhlongo,University of Stellenbosch,Engineering,3,49.61,40.0,4,3,100,HIGH
NSFAS002525,Nomsa Nkosi,University of Stellenbosch,Science,1,71.48,84.0,0,0,0,LOW
NSFAS002526,Andile Mhlongo,University of the Witwatersrand,Engineering,2,30.0,64.0,2,1,80,HIGH
NSFAS002527,Phumzile Mahlangu,University of Pretoria,Arts,2,68.87,77.0,0,1,0,LOW
NSFAS002528,Mpho Ngcobo,University of the Free State,Science,3,53.24,76.0,1,3,0,LOW
NSFAS002529,Nokuthula Nkosi,University of Stellenbosch,Science,3,40.0,47.0,3,3,100,HIGH
NSFAS002530,Nokuthula Nkosi,North-West University,Commerce,3,92.22,83.0,0,5,0,LOW
NSFAS002531,Nokuthula Mahlangu,University of Stellenbosch,Commerce,3,75.0,79.0,0,4,0,LOW
NSFAS002532,Sipho Dlamini,University of Stellenbosch,Arts,4,30.0,44.0,1,3,80,HIGH
NSFAS002533,Andile Mokoena,University of KwaZulu-Natal,Law,4,61.4,61.0,0,5,40,MEDIUM
NSFAS002534,Andile Zulu,University of Johannesburg,Arts,3,46.78,35.0,2,2,80,HIGH
NSFAS002535,Tshepo Molefe,University of KwaZulu-Natal,Law,1,40.0,44.0,2,5,80,HIGH
NSFAS002536,Nokuthula Mabaso,North-West University,Education,4,40.0,22.0,3,1,100,HIGH
NSFAS002537,Nokuthula Molefe,University of Johannesburg,Law,1,63.67,60.0,0,4,40,MEDIUM
NSFAS002538,Thabo Mthembu,University of Stellenbosch,Education,2,40.0,33.0,1,4,80,HIGH
NSFAS002539,Busisiwe Mhlongo,University of Cape Town,Arts,4,55.45,67.0,1,1,40,MEDIUM
NSFAS002540,Kagiso Mthethwa,North-West University,Science,2,40.0,52.0,2,5,80,HIGH
NSFAS002541,Lindiwe Mkhize,University of Cape Town,Education,1,49.0,61.0,0,0,80,HIGH
NSFAS002542,Themba Molefe,University of Cape Town,Law,1,40.0,27.0,4,5,100,HIGH
NSFAS002543,Tshepo Nkosi,University of the Witwatersrand,Education,2,40.0,64.0,2,5,80,HIGH
NSFAS002544,Nomsa Mahlangu,North-West University,Commerce,2,50.93,85.0,0,2,0,LOW
NSFAS002545,Nokuthula Khumalo,University of Johannesburg,Law,1,40.0,28.0,3,3,100,HIGH
NSFAS002546,Andile Mthembu,University of KwaZulu-Natal,Science,3,41.95,55.0,1,5,80,HIGH
NSFAS002547,Sibusiso Ngcobo,University of Johannesburg,Law,1,70.57,83.0,1,0,0,LOW
NSFAS002548,Phumzile Nkosi,University of Cape Town,Law,3,47.75,40.0,4,2,100,HIGH
NSFAS002549,Nomsa Mkhize,University of the Free State,Science,3,54.95,81.0,0,5,0,LOW
NSFAS002550,Sipho Mhlongo,University of Stellenbosch,Science,4,75.0,94.0,0,1,0,LOW
NSFAS002551,Themba Dlamini,University of KwaZulu-Natal,Commerce,4,40.0,47.0,1,1,80,HIGH
NSFAS002552,Sibusiso Dlamini,University of Pretoria,Science,3,65.87,63.0,0,1,40,MEDIUM
NSFAS002553,Andile Mthethwa,North-West University,Arts,4,47.2,36.0,1,3,80,HIGH
NSFAS002554,Busisiwe Mthethwa,University of KwaZulu-Natal,Education,3,40.0,23.0,4,1,100,HIGH
NSFAS002555,Tshepo Nkosi,University of Johannesburg,Engineering,1,75.0,77.0,0,4,0,LOW
NSFAS002556,Nokuthula Ngcobo,University of Johannesburg,Law,1,73.05,81.0,0,5,0,LOW
NSFAS002557,Phumzile Ngcobo,University of the Witwatersrand,Engineering,4,75.0,91.0,0,5,0,LOW
NSFAS002558,Nomsa Mthethwa,University of KwaZulu-Natal,Commerce,2,52.35,71.0,1,2,0,LOW
NSFAS002559,Lindiwe Mhlongo,University of the Witwatersrand,Science,2,42.03,46.0,4,3,100,HIGH
NSFAS002560,Lindiwe Mhlongo,University of Stellenbosch,Law,2,40.0,61.0,2,4,80,HIGH
NSFAS002561,Kagiso Mthethwa,University of the Free State,Engineering,3,30.0,42.0,2,5,80,HIGH
NSFAS002562,Nomsa Mthethwa,University of KwaZulu-Natal,Arts,4,49.0,56.0,2,1,80,HIGH
NSFAS002563,Sipho Mthethwa,University of the Free State,Arts,4,49.0,65.0,1,0,80,HIGH
NSFAS002564,Kagiso Dlamini,University of Stellenbosch,Engineering,3,40.0,23.0,1,1,80,HIGH
NSFAS002565,Sipho Mahlangu,North-West University,Commerce,1,30.0,27.0,3,5,100,HIGH
NSFAS002566,Nomsa Zulu,North-West University,Commerce,2,73.31,84.0,1,4,0,LOW
NSFAS002567,Kagiso Molefe,University of Stellenbosch,Science,3,59.33,68.0,1,3,40,MEDIUM
NSFAS002568,Thabo Mabaso,University of Johannesburg,Education,4,41.48,52.0,2,1,80,HIGH
NSFAS002569,Thabo Khumalo,University of Johannesburg,Commerce,1,44.76,36.0,4,0,100,HIGH
NSFAS002570,Nokuthula Molefe,University of Johannesburg,Science,2,67.57,66.0,1,2,40,MEDIUM
NSFAS002571,Nokuthula Mkhize,University of KwaZulu-Natal,Education,4,68.13,55.0,2,5,40,MEDIUM
NSFAS002572,Phumzile Khumalo,University of the Free State,Commerce,3,75.0,95.0,1,0,0,LOW
NSFAS002573,Busisiwe Mhlongo,University of Johannesburg,Education,4,57.57,70.0,0,1,0,LOW
NSFAS002574,Sipho Mthethwa,University of the Witwatersrand,Education,2,40.0,27.0,1,4,80,HIGH
NSFAS002575,Mpho Khumalo,University of Pretoria,Law,1,40.0,37.0,3,5,100,HIGH
NSFAS002576,Busisiwe Mhlongo,University of Pretoria,Commerce,4,40.03,30.0,3,2,100,HIGH
NSFAS002577,Mpho Mahlangu,University of Stellenbosch,Engineering,2,30.0,60.0,1,4,80,HIGH
NSFAS002578,Themba Dlamini,University of Stellenbosch,Arts,3,40.0,27.0,4,5,100,HIGH
NSFAS002579,Lerato Dlamini,University of Pretoria,Commerce,4,40.0,33.0,4,2,100,HIGH
NSFAS002580,Nomsa Nkosi,University of Cape Town,Arts,4,75.0,92.0,1,1,0,LOW
NSFAS002581,Tshepo Mhlongo,North-West University,Law,2,40.0,25.0,1,3,80,HIGH
NSFAS002582,Themba Mhlongo,University of the Witwatersrand,Science,2,40.0,50.0,1,1,80,HIGH
NSFAS002583,Lindiwe Khumalo,University of Cape Town,Engineering,1,41.28,65.0,4,3,100,HIGH
NSFAS002584,Phumzile Ngcobo,University of KwaZulu-Natal,Commerce,2,41.89,48.0,2,5,80,HIGH
NSFAS002585,Zanele Dlamini,University of Stellenbosch,Science,2,40.0,44.0,1,1,80,HIGH
NSFAS002586,Sipho Molefe,University of the Witwatersrand,Arts,3,49.0,47.0,2,2,80,HIGH
NSFAS002587,Mpho Ngcobo,University of the Witwatersrand,Science,1,40.0,55.0,2,0,80,HIGH
NSFAS002588,Andile Mokoena,University of Cape Town,Science,4,40.0,21.0,3,0,100,HIGH
NSFAS002589,Lerato Zulu,University of the Witwatersrand,Law,3,30.0,40.0,1,3,80,HIGH
NSFAS002590,Nomsa Zulu,University of the Free State,Commerce,3,40.0,62.0,2,3,80,HIGH
NSFAS002591,Mpho Dlamini,University of Pretoria,Law,3,75.0,85.0,1,5,0,LOW
NSFAS002592,Nokuthula Dlamini,University of Johannesburg,Science,2,61.41,65.0,1,3,40,MEDIUM
NSFAS002593,Phumzile Nkosi,North-West University,Education,4,67.43,84.0,0,3,0,LOW
NSFAS002594,Busisiwe Molefe,University of the Witwatersrand,Science,3,59.35,56.0,1,4,40,MEDIUM
NSFAS002595,Kagiso Nkosi,University of the Witwatersrand,Law,2,40.0,65.0,2,3,80,HIGH
NSFAS002596,Nomsa Khumalo,University of Johannesburg,Engineering,3,48.37,46.0,1,4,80,HIGH
NSFAS002597,Zanele Khumalo,University of KwaZulu-Natal,Commerce,1,65.01,82.0,1,0,0,LOW
NSFAS002598,Themba Mabaso,University of Pretoria,Law,4,75.0,95.0,1,1,0,LOW
NSFAS002599,Busisiwe Nkosi,North-West University,Law,1,40.0,22.0,1,4,80,HIGH
NSFAS002600,Nokuthula Mthembu,University of Pretoria,Education,1,75.0,80.0,0,1,0,LOW
NSFAS002601,Lerato Mthethwa,University of Stellenbosch,Education,2,40.0,31.0,3,3,100,HIGH
NSFAS002602,Themba Mthethwa,University of the Witwatersrand,Education,4,40.0,59.0,1,0,80,HIGH
NSFAS002603,Busisiwe Dlamini,University of Pretoria,Science,1,58.85,61.0,0,5,40,MEDIUM
NSFAS002604,Busisiwe Mabaso,University of the Witwatersrand,Commerce,1,40.0,32.0,1,2,80,HIGH
NSFAS002605,Busisiwe Dlamini,University of the Free State,Law,3,69.95,75.0,0,2,0,LOW
NSFAS002606,Phumzile Mthembu,University of the Free State,Education,2,50.03,64.0,0,4,40,MEDIUM
NSFAS002607,Thabo Mthembu,University of Johannesburg,Engineering,3,34.69,51.0,4,4,100,HIGH
NSFAS002608,Busisiwe Mhlongo,University of the Witwatersrand,Education,1,40.0,0.0,1,4,80,HIGH
NSFAS002609,Zanele Mhlongo,University of Stellenbosch,Arts,4,69.76,79.0,0,3,0,LOW
NSFAS002610,Phumzile Molefe,University of the Free State,Commerce,3,57.77,61.0,1,1,40,MEDIUM
NSFAS002611,Sibusiso Mabaso,University of Cape Town,Law,3,40.0,61.0,1,2,80,HIGH
NSFAS002612,Zanele Mthembu,University of Cape Town,Arts,1,67.1,77.0,0,0,0,LOW
NSFAS002613,Mpho Mahlangu,University of Johannesburg,Law,3,40.0,59.0,4,3,100,HIGH
NSFAS002614,Kagiso Mahlangu,North-West University,Commerce,4,41.56,41.0,2,4,80,HIGH
NSFAS002615,Sibusiso Molefe,University of the Free State,Arts,3,75.0,95.0,1,2,0,LOW
NSFAS002616,Thabo Khumalo,University of Cape Town,Arts,2,58.13,67.0,1,4,40,MEDIUM
NSFAS002617,Busisiwe Zulu,University of Johannesburg,Education,3,75.0,88.0,0,0,0,LOW
NSFAS002618,Themba Mahlangu,University of Johannesburg,Science,2,40.0,42.0,1,4,80,HIGH
NSFAS002619,Lerato Mabaso,University of Stellenbosch,Commerce,2,40.0,36.0,3,2,100,HIGH
NSFAS002620,Zanele Khumalo,University of Cape Town,Science,4,49.0,44.0,2,5,80,HIGH
NSFAS002621,Themba Dlamini,University of Stellenbosch,Science,4,30.0,57.0,1,0,80,HIGH
NSFAS002622,Phumzile Mthembu,University of the Free State,Arts,1,30.0,22.0,4,5,100,HIGH
NSFAS002623,Busisiwe Mthembu,University of Stellenbosch,Science,3,75.0,90.0,0,5,0,LOW
NSFAS002624,Andile Mkhize,North-West University,Science,2,75.0,85.0,1,2,0,LOW
NSFAS002625,Mpho Zulu,University of Stellenbosch,Law,1,62.78,56.0,3,3,60,HIGH
NSFAS002626,Sibusiso Nkosi,University of KwaZulu-Natal,Education,4,40.0,55.0,4,3,100,HIGH
NSFAS002627,Zanele Dlamini,University of Stellenbosch,Law,2,75.0,84.0,1,2,0,LOW
NSFAS002628,Lindiwe Khumalo,University of the Witwatersrand,Engineering,1,41.98,57.0,3,4,100,HIGH
NSFAS002629,Nomsa Khumalo,University of Cape Town,Education,1,40.0,33.0,4,3,100,HIGH
NSFAS002630,Nokuthula Mhlongo,University of Pretoria,Law,4,75.0,87.0,0,1,0,LOW
NSFAS002631,Nokuthula Ngcobo,University of Stellenbosch,Commerce,2,70.34,95.0,0,3,0,LOW
NSFAS002632,Lindiwe Zulu,University of Stellenbosch,Law,1,58.25,74.0,1,3,0,LOW
NSFAS002633,Tshepo Molefe,North-West University,Education,3,75.0,80.0,1,5,0,LOW
NSFAS002634,Themba Dlamini,University of Cape Town,Engineering,4,68.44,67.0,0,1,40,MEDIUM
NSFAS002635,Nokuthula Mahlangu,University of the Witwatersrand,Law,4,95.0,87.0,0,5,0,LOW
NSFAS002636,Sipho Mahlangu,University of Stellenbosch,Law,2,49.21,30.0,1,4,80,HIGH
NSFAS002637,Thabo Mkhize,University of the Witwatersrand,Education,4,67.68,76.0,1,3,0,LOW
NSFAS002638,Kagiso Mkhize,University of Stellenbosch,Arts,3,75.0,90.0,1,5,0,LOW
NSFAS002639,Nokuthula Mthembu,University of Cape Town,Arts,2,40.0,33.0,3,3,100,HIGH
NSFAS002640,Thabo Molefe,North-West University,Law,3,70.76,95.0,0,5,0,LOW
NSFAS002641,Sipho Khumalo,University of Pretoria,Arts,2,30.0,54.0,3,3,100,HIGH
NSFAS002642,Zanele Nkosi,University of Pretoria,Law,3,42.25,37.0,4,3,100,HIGH
NSFAS002643,Mpho Nkosi,North-West University,Law,3,40.0,50.0,1,4,80,HIGH
NSFAS002644,Tshepo Nkosi,University of Pretoria,Law,1,75.0,78.0,0,4,0,LOW
NSFAS002645,Lindiwe Mthembu,University of Johannesburg,Law,4,40.0,64.0,2,5,80,HIGH
NSFAS002646,Zanele Mthethwa,University of Johannesburg,Education,4,68.83,70.0,1,4,0,LOW
NSFAS002647,Tshepo Zulu,University of Stellenbosch,Law,2,40.0,44.0,2,0,80,HIGH
NSFAS002648,Kagiso Mabaso,University of the Free State,Education,3,40.0,48.0,2,2,80,HIGH
NSFAS002649,Nokuthula Ngcobo,University of KwaZulu-Natal,Education,2,75.0,95.0,1,1,0,LOW
NSFAS002650,Mpho Mthethwa,University of Pretoria,Commerce,3,40.0,65.0,3,3,100,HIGH
NSFAS002651,Nomsa Zulu,University of KwaZulu-Natal,Commerce,3,30.0,63.0,4,2,100,HIGH
NSFAS002652,Mpho Ngcobo,University of the Free State,Engineering,2,70.25,95.0,1,1,0,LOW
NSFAS002653,Zanele Zulu,University of Cape Town,Engineering,1,33.19,51.0,3,5,100,HIGH
NSFAS002654,Kagiso Khumalo,University of Johannesburg,Arts,3,75.0,90.0,1,5,0,LOW
NSFAS002655,Nokuthula Dlamini,University of KwaZulu-Natal,Science,2,75.0,83.0,0,3,0,LOW
NSFAS002656,Lindiwe Ngcobo,University of KwaZulu-Natal,Engineering,4,30.0,44.0,2,5,80,HIGH
NSFAS002657,Nomsa Mhlongo,University of Johannesburg,Arts,2,40.0,53.0,4,1,100,HIGH
NSFAS002658,Kagiso Mabaso,University of Cape Town,Engineering,1,40.0,59.0,3,1,100,HIGH
NSFAS002659,Andile Mabaso,North-West University,Science,4,54.63,76.0,0,1,0,LOW
NSFAS002660,Mpho Mabaso,University of Stellenbosch,Engineering,2,40.0,35.0,4,2,100,HIGH
NSFAS002661,Tshepo Mthethwa,University of Johannesburg,Arts,4,75.0,95.0,0,0,0,LOW
NSFAS002662,Kagiso Mokoena,University of the Free State,Arts,3,71.36,82.0,1,5,0,LOW
NSFAS002663,Nomsa Mabaso,University of Johannesburg,Law,1,66.97,69.0,0,3,40,MEDIUM
NSFAS002664,Tshepo Mkhize,University of Johannesburg,Education,1,72.12,79.0,0,3,0,LOW
NSFAS002665,Themba Molefe,University of the Witwatersrand,Education,1,75.0,95.0,0,4,0,LOW
NSFAS002666,Sipho Molefe,University of the Witwatersrand,Education,3,45.19,51.0,4,5,100,HIGH
NSFAS002667,Zanele Mthembu,University of the Witwatersrand,Science,4,47.16,24.0,4,0,100,HIGH
NSFAS002668,Nomsa Dlamini,North-West University,Commerce,2,34.15,46.0,2,1,80,HIGH
NSFAS002669,Mpho Mahlangu,University of Pretoria,Engineering,4,75.0,81.0,1,2,0,LOW
NSFAS002670,Phumzile Mahlangu,University of the Free State,Engineering,4,53.34,67.0,1,2,40,MEDIUM
NSFAS002671,Thabo Mokoena,North-West University,Law,3,40.0,31.0,1,0,80,HIGH
NSFAS002672,Kagiso Mhlongo,University of the Free State,Commerce,3,58.59,75.0,1,5,0,LOW
NSFAS002673,Phumzile Mthethwa,University of Johannesburg,Law,2,75.0,89.0,1,5,0,LOW
NSFAS002674,Kagiso Mkhize,University of Cape Town,Education,3,40.0,56.0,2,4,80,HIGH
NSFAS002675,Thabo Mthembu,University of Cape Town,Engineering,2,49.63,34.0,4,0,100,HIGH
NSFAS002676,Themba Mahlangu,University of the Witwatersrand,Education,3,68.65,74.0,1,0,0,LOW
NSFAS002677,Andile Mokoena,University of the Witwatersrand,Commerce,1,30.0,54.0,1,5,80,HIGH
NSFAS002678,Zanele Molefe,University of the Free State,Commerce,2,74.63,95.0,0,0,0,LOW
NSFAS002679,Nokuthula Dlamini,University of Johannesburg,Science,3,40.0,58.0,3,2,100,HIGH
NSFAS002680,Lindiwe Nkosi,University of Stellenbosch,Science,4,40.0,30.0,4,2,100,HIGH
NSFAS002681,Busisiwe Mahlangu,University of Pretoria,Science,3,75.0,81.0,0,3,0,LOW
NSFAS002682,Lerato Nkosi,University of Pretoria,Commerce,3,40.0,60.0,1,1,80,HIGH
NSFAS002683,Mpho Mahlangu,North-West University,Engineering,4,72.43,94.0,0,1,0,LOW
NSFAS002684,Mpho Molefe,University of Cape Town,Education,4,46.38,64.0,0,5,80,HIGH
NSFAS002685,Andile Mkhize,University of Stellenbosch,Commerce,4,54.92,80.0,0,0,0,LOW
NSFAS002686,Lerato Molefe,University of KwaZulu-Natal,Engineering,2,30.0,54.0,1,5,80,HIGH
NSFAS002687,Phumzile Zulu,North-West University,Law,3,75.0,76.0,1,4,0,LOW
NSFAS002688,Mpho Molefe,University of KwaZulu-Natal,Law,1,75.0,95.0,1,0,0,LOW
NSFAS002689,Lerato Khumalo,University of KwaZulu-Natal,Arts,3,58.95,56.0,3,2,60,HIGH
NSFAS002690,Sibusiso Mabaso,University of the Free State,Commerce,3,46.77,34.0,4,3,100,HIGH
NSFAS002691,Kagiso Mthembu,University of Johannesburg,Science,1,75.0,78.0,1,2,0,LOW
NSFAS002692,Thabo Mahlangu,University of the Free State,Commerce,2,56.94,64.0,0,3,40,MEDIUM
NSFAS002693,Phumzile Mokoena,University of the Witwatersrand,Arts,3,40.0,58.0,4,4,100,HIGH
NSFAS002694,Sibusiso Molefe,University of Pretoria,Science,2,40.0,42.0,1,3,80,HIGH
NSFAS002695,Themba Mkhize,University of the Free State,Law,4,78.64,88.0,0,2,0,LOW
NSFAS002696,Lindiwe Molefe,University of the Witwatersrand,Engineering,1,40.0,31.0,2,3,80,HIGH
NSFAS002697,Andile Khumalo,University of the Witwatersrand,Law,3,40.0,64.0,3,5,100,HIGH
NSFAS002698,Lindiwe Mahlangu,University of Pretoria,Education,1,75.0,95.0,1,4,0,LOW
NSFAS002699,Mpho Dlamini,University of Cape Town,Engineering,2,58.6,61.0,1,4,40,MEDIUM
NSFAS002700,Mpho Mhlongo,North-West University,Arts,2,74.08,94.0,1,0,0,LOW
NSFAS002701,Tshepo Ngcobo,University of Pretoria,Commerce,3,40.0,26.0,4,4,100,HIGH
NSFAS002702,Lindiwe Mthembu,North-West University,Science,3,52.16,64.0,1,2,40,MEDIUM
NSFAS002703,Zanele Mthembu,University of Johannesburg,Law,4,40.0,30.0,3,2,100,HIGH
NSFAS002704,Nokuthula Mahlangu,University of Johannesburg,Science,3,51.04,60.0,1,3,40,MEDIUM
NSFAS002705,Kagiso Dlamini,University of the Witwatersrand,Law,1,30.0,48.0,3,5,100,HIGH
NSFAS002706,Tshepo Khumalo,University of KwaZulu-Natal,Engineering,3,46.83,34.0,3,0,100,HIGH
NSFAS002707,Sibusiso Mthethwa,University of KwaZulu-Natal,Engineering,1,66.24,58.0,4,5,60,HIGH
NSFAS002708,Sipho Khumalo,University of Johannesburg,Law,3,41.1,49.0,3,3,100,HIGH
NSFAS002709,Nomsa Nkosi,University of Stellenbosch,Law,2,61.72,81.0,0,2,0,LOW
NSFAS002710,Zanele Mhlongo,University of the Free State,Commerce,2,75.0,95.0,0,3,0,LOW
NSFAS002711,Sibusiso Mthembu,University of Cape Town,Education,3,67.78,81.0,0,5,0,LOW
NSFAS002712,Zanele Nkosi,University of Pretoria,Commerce,2,49.0,57.0,4,2,100,HIGH
NSFAS002713,Kagiso Dlamini,University of Stellenbosch,Science,3,64.21,64.0,0,0,40,MEDIUM
NSFAS002714,Themba Mhlongo,University of Johannesburg,Science,3,75.0,95.0,0,3,0,LOW
NSFAS002715,Sibusiso Ngcobo,North-West University,Science,4,64.74,82.0,1,1,0,LOW
NSFAS002716,Sipho Mokoena,North-West University,Science,2,30.0,32.0,1,0,80,HIGH
NSFAS002717,Tshepo Mthethwa,North-West University,Education,2,30.0,39.0,3,5,100,HIGH
NSFAS002718,Zanele Nkosi,University of Cape Town,Engineering,3,30.0,39.0,4,2,100,HIGH
NSFAS002719,Mpho Ngcobo,University of Johannesburg,Commerce,1,40.0,49.0,1,4,80,HIGH
NSFAS002720,Phumzile Mthethwa,University of the Free State,Education,4,49.0,64.0,0,3,80,HIGH
NSFAS002721,Busisiwe Ngcobo,North-West University,Arts,2,68.95,68.0,1,5,40,MEDIUM
NSFAS002722,Nomsa Mthembu,University of Cape Town,Arts,2,75.0,79.0,0,0,0,LOW
NSFAS002723,Busisiwe Mokoena,University of KwaZulu-Natal,Engineering,2,40.0,0.0,1,1,80,HIGH
NSFAS002724,Nokuthula Mabaso,University of Johannesburg,Science,3,45.56,51.0,3,5,100,HIGH
NSFAS002725,Sibusiso Nkosi,North-West University,Science,2,45.5,63.0,0,2,80,HIGH
NSFAS002726,Themba Khumalo,University of the Witwatersrand,Education,2,49.0,43.0,1,3,80,HIGH
NSFAS002727,Tshepo Mthethwa,University of the Free State,Commerce,1,40.0,26.0,1,1,80,HIGH
NSFAS002728,Kagiso Khumalo,University of Stellenbosch,Commerce,4,40.0,20.0,4,4,100,HIGH
NSFAS002729,Andile Molefe,University of Johannesburg,Commerce,1,40.0,22.0,3,1,100,HIGH
NSFAS002730,Tshepo Khumalo,University of Johannesburg,Commerce,4,40.0,50.0,2,1,80,HIGH
NSFAS002731,Busisiwe Mthembu,University of Stellenbosch,Science,1,64.34,70.0,0,5,0,LOW
NSFAS002732,Nomsa Mthembu,University of Johannesburg,Commerce,4,89.96,89.0,1,0,0,LOW
NSFAS002733,Themba Mthembu,University of KwaZulu-Natal,Engineering,4,53.62,79.0,0,0,0,LOW
NSFAS002734,Lerato Mthethwa,University of Stellenbosch,Science,2,75.0,84.0,1,4,0,LOW
NSFAS002735,Nokuthula Dlamini,University of Stellenbosch,Law,2,53.5,62.0,0,1,40,MEDIUM
NSFAS002736,Busisiwe Nkosi,University of Cape Town,Arts,3,69.18,82.0,0,1,0,LOW
NSFAS002737,Lindiwe Mahlangu,University of KwaZulu-Natal,Arts,3,40.0,20.0,1,4,80,HIGH
NSFAS002738,Sibusiso Nkosi,University of Cape Town,Engineering,3,75.0,93.0,1,4,0,LOW
NSFAS002739,Mpho Mokoena,North-West University,Commerce,3,40.0,48.0,3,1,100,HIGH
NSFAS002740,Nokuthula Ngcobo,University of KwaZulu-Natal,Arts,3,40.0,58.0,4,4,100,HIGH
NSFAS002741,Mpho Mhlongo,University of Pretoria,Science,3,40.0,46.0,3,3,100,HIGH
NSFAS002742,Thabo Mhlongo,University of Johannesburg,Science,2,30.0,65.0,1,5,80,HIGH
NSFAS002743,Nokuthula Mthethwa,University of Johannesburg,Science,4,75.0,95.0,0,4,0,LOW
NSFAS002744,Sipho Zulu,University of KwaZulu-Natal,Science,2,30.0,37.0,4,4,100,HIGH
NSFAS002745,Sipho Nkosi,North-West University,Commerce,4,40.0,28.0,3,3,100,HIGH
NSFAS002746,Sipho Mthethwa,University of KwaZulu-Natal,Engineering,3,75.0,95.0,0,3,0,LOW
NSFAS002747,Kagiso Mkhize,North-West University,Law,3,44.93,20.0,3,0,100,HIGH
NSFAS002748,Tshepo Mabaso,University of the Free State,Science,4,40.0,25.0,1,2,80,HIGH
NSFAS002749,Sibusiso Nkosi,University of Pretoria,Law,1,75.0,80.0,0,3,0,LOW
NSFAS002750,Phumzile Dlamini,University of Pretoria,Education,2,40.0,44.0,1,4,80,HIGH
NSFAS002751,Thabo Mokoena,University of Cape Town,Engineering,2,54.85,56.0,4,1,60,HIGH
NSFAS002752,Kagiso Mhlongo,North-West University,Law,4,40.0,39.0,1,5,80,HIGH
NSFAS002753,Thabo Dlamini,University of Stellenbosch,Science,2,59.44,73.0,1,3,0,LOW
NSFAS002754,Lindiwe Mahlangu,University of Cape Town,Engineering,2,40.0,38.0,4,2,100,HIGH
NSFAS002755,Busisiwe Mthethwa,University of Pretoria,Law,4,40.0,33.0,1,3,80,HIGH
NSFAS002756,Mpho Mokoena,University of Cape Town,Law,4,45.23,43.0,2,1,80,HIGH
NSFAS002757,Nokuthula Mahlangu,University of Cape Town,Engineering,4,40.0,55.0,4,4,100,HIGH
NSFAS002758,Mpho Mhlongo,University of the Free State,Commerce,2,30.0,50.0,4,1,100,HIGH
NSFAS002759,Kagiso Nkosi,North-West University,Arts,3,40.0,60.0,3,0,100,HIGH
NSFAS002760,Sipho Mahlangu,University of Cape Town,Engineering,1,48.34,40.0,1,4,80,HIGH
NSFAS002761,Thabo Nkosi,University of Stellenbosch,Arts,2,40.0,22.0,1,5,80,HIGH
NSFAS002762,Andile Ngcobo,University of the Witwatersrand,Engineering,3,52.39,83.0,1,5,0,LOW
NSFAS002763,Tshepo Mthethwa,University of Johannesburg,Commerce,1,72.9,94.0,1,1,0,LOW
NSFAS002764,Kagiso Mhlongo,North-West University,Arts,3,40.0,54.0,3,2,100,HIGH
NSFAS002765,Sibusiso Dlamini,University of Cape Town,Engineering,3,66.47,59.0,1,0,40,MEDIUM
NSFAS002766,Thabo Mkhize,University of the Witwatersrand,Law,2,30.0,26.0,2,1,80,HIGH
NSFAS002767,Zanele Ngcobo,University of KwaZulu-Natal,Education,1,40.0,0.0,1,2,80,HIGH
NSFAS002768,Busisiwe Molefe,University of KwaZulu-Natal,Law,3,30.0,20.0,4,5,100,HIGH
NSFAS002769,Mpho Mthethwa,University of the Witwatersrand,Education,1,56.08,66.0,0,0,40,MEDIUM
NSFAS002770,Sibusiso Molefe,North-West University,Engineering,2,40.0,49.0,2,0,80,HIGH
NSFAS002771,Nokuthula Dlamini,University of Stellenbosch,Education,1,42.74,48.0,1,3,80,HIGH
NSFAS002772,Andile Molefe,University of Stellenbosch,Law,4,75.0,89.0,1,1,0,LOW
NSFAS002773,Phumzile Mhlongo,University of Stellenbosch,Engineering,4,75.0,95.0,1,5,0,LOW
NSFAS002774,Busisiwe Khumalo,University of KwaZulu-Natal,Arts,2,59.04,80.0,1,5,0,LOW
NSFAS002775,Lindiwe Zulu,University of the Witwatersrand,Commerce,4,55.79,82.0,1,3,0,LOW
NSFAS002776,Sibusiso Mhlongo,University of KwaZulu-Natal,Science,4,45.33,39.0,2,5,80,HIGH
NSFAS002777,Kagiso Zulu,University of KwaZulu-Natal,Commerce,1,40.0,25.0,4,2,100,HIGH
NSFAS002778,Nokuthula Mthembu,University of the Free State,Law,2,68.33,74.0,1,1,0,LOW
NSFAS002779,Zanele Mthembu,University of Cape Town,Education,4,40.0,37.0,3,2,100,HIGH
NSFAS002780,Andile Mkhize,University of Johannesburg,Law,4,40.0,56.0,3,0,100,HIGH
NSFAS002781,Phumzile Mokoena,University of Pretoria,Law,4,58.85,85.0,0,0,0,LOW
NSFAS002782,Tshepo Ngcobo,University of Cape Town,Education,2,40.0,37.0,3,2,100,HIGH
NSFAS002783,Sipho Mthembu,University of KwaZulu-Natal,Education,1,75.0,95.0,0,3,0,LOW
NSFAS002784,Mpho Dlamini,University of Cape Town,Science,2,75.0,93.0,1,0,0,LOW
NSFAS002785,Busisiwe Mhlongo,University of Cape Town,Law,2,40.0,44.0,2,3,80,HIGH
NSFAS002786,Nokuthula Mhlongo,University of Pretoria,Law,3,40.0,31.0,2,4,80,HIGH
NSFAS002787,Themba Mkhize,University of Cape Town,Arts,4,40.0,52.0,1,5,80,HIGH
NSFAS002788,Sipho Mabaso,University of Stellenbosch,Education,3,75.0,95.0,0,1,0,LOW
NSFAS002789,Andile Mahlangu,University of the Witwatersrand,Education,2,54.9,73.0,0,3,0,LOW
NSFAS002790,Busisiwe Zulu,University of the Free State,Science,4,40.0,54.0,4,5,100,HIGH
NSFAS002791,Kagiso Dlamini,University of Pretoria,Science,3,75.0,75.0,1,2,0,LOW
NSFAS002792,Themba Zulu,University of the Free State,Arts,1,30.0,38.0,4,4,100,HIGH
NSFAS002793,Andile Mthethwa,University of Johannesburg,Science,3,40.0,0.0,4,2,100,HIGH
NSFAS002794,Kagiso Mthembu,University of Johannesburg,Arts,1,95.0,91.0,0,2,0,LOW
NSFAS002795,Phumzile Mabaso,University of the Witwatersrand,Law,3,41.24,37.0,2,1,80,HIGH
NSFAS002796,Sipho Mthembu,University of Cape Town,Arts,1,64.94,71.0,0,3,0,LOW
NSFAS002797,Lindiwe Dlamini,University of the Witwatersrand,Science,2,75.0,83.0,1,1,0,LOW
NSFAS002798,Kagiso Mabaso,North-West University,Science,1,73.05,91.0,0,5,0,LOW
NSFAS002799,Phumzile Dlamini,University of Johannesburg,Law,2,58.66,0.0,0,4,40,MEDIUM
NSFAS002800,Lindiwe Mabaso,North-West University,Law,4,40.0,46.0,1,2,80,HIGH
NSFAS002801,Sibusiso Mabaso,University of KwaZulu-Natal,Engineering,3,51.11,78.0,1,5,0,LOW
NSFAS002802,Kagiso Mkhize,University of Stellenbosch,Engineering,2,48.9,20.0,4,4,100,HIGH
NSFAS002803,Lindiwe Zulu,North-West University,Education,1,40.0,40.0,2,4,80,HIGH
NSFAS002804,Busisiwe Mthembu,University of the Free State,Science,3,71.47,91.0,1,2,0,LOW
NSFAS002805,Nomsa Mokoena,University of the Witwatersrand,Law,1,63.68,0.0,0,3,40,MEDIUM
NSFAS002806,Zanele Mhlongo,University of Pretoria,Education,1,40.0,31.0,2,0,80,HIGH
NSFAS002807,Thabo Dlamini,University of Cape Town,Science,1,61.72,56.0,4,0,60,HIGH
NSFAS002808,Sipho Mokoena,University of the Witwatersrand,Arts,4,50.33,73.0,0,0,0,LOW
NSFAS002809,Thabo Mahlangu,University of Pretoria,Law,4,45.19,57.0,1,3,80,HIGH
NSFAS002810,Lindiwe Mhlongo,University of the Witwatersrand,Arts,4,71.76,94.0,0,4,0,LOW
NSFAS002811,Sibusiso Zulu,University of Johannesburg,Education,2,30.0,47.0,1,3,80,HIGH
NSFAS002812,Sibusiso Mthembu,University of KwaZulu-Natal,Arts,2,75.0,95.0,0,4,0,LOW
NSFAS002813,Sipho Mabaso,University of KwaZulu-Natal,Science,4,75.0,95.0,0,5,0,LOW
NSFAS002814,Andile Nkosi,University of Stellenbosch,Education,2,45.7,35.0,4,3,100,HIGH
NSFAS002815,Nokuthula Khumalo,University of KwaZulu-Natal,Science,4,79.67,95.0,1,5,0,LOW
NSFAS002816,Busisiwe Khumalo,University of the Witwatersrand,Law,2,75.0,90.0,0,0,0,LOW
NSFAS002817,Andile Mthethwa,University of KwaZulu-Natal,Arts,3,40.0,36.0,4,2,100,HIGH
NSFAS002818,Busisiwe Mabaso,University of Stellenbosch,Law,1,41.01,61.0,1,0,80,HIGH
NSFAS002819,Phumzile Zulu,University of the Free State,Commerce,2,43.65,27.0,4,0,100,HIGH
NSFAS002820,Zanele Mhlongo,University of Cape Town,Education,3,40.0,39.0,1,4,80,HIGH
NSFAS002821,Themba Molefe,University of KwaZulu-Natal,Commerce,1,40.0,58.0,2,5,80,HIGH
NSFAS002822,Sibusiso Nkosi,University of the Witwatersrand,Engineering,2,67.56,76.0,0,4,0,LOW
NSFAS002823,Lindiwe Ngcobo,University of Johannesburg,Law,4,51.95,72.0,0,3,0,LOW
NSFAS002824,Andile Mokoena,University of Pretoria,Engineering,1,32.1,36.0,4,0,100,HIGH
NSFAS002825,Busisiwe Mabaso,North-West University,Arts,4,40.0,58.0,2,4,80,HIGH
NSFAS002826,Themba Dlamini,University of Pretoria,Law,1,72.36,86.0,1,5,0,LOW
NSFAS002827,Thabo Mahlangu,University of the Free State,Arts,4,75.0,89.0,1,0,0,LOW
NSFAS002828,Sipho Mthethwa,University of Johannesburg,Law,2,49.52,25.0,1,4,80,HIGH
NSFAS002829,Zanele Mkhize,University of Stellenbosch,Education,4,40.0,29.0,4,4,100,HIGH
NSFAS002830,Sipho Mabaso,University of KwaZulu-Natal,Science,3,40.0,65.0,4,0,100,HIGH
NSFAS002831,Tshepo Mahlangu,University of KwaZulu-Natal,Arts,2,40.0,43.0,4,0,100,HIGH
NSFAS002832,Phumzile Khumalo,University of Johannesburg,Education,2,54.49,79.0,1,4,0,LOW
NSFAS002833,Mpho Khumalo,University of Johannesburg,Commerce,2,71.72,80.0,0,5,0,LOW
NSFAS002834,Nokuthula Nkosi,North-West University,Engineering,2,56.32,59.0,2,2,40,MEDIUM
NSFAS002835,Sipho Mthethwa,University of the Free State,Education,2,40.0,56.0,1,2,80,HIGH
NSFAS002836,Tshepo Mthembu,North-West University,Commerce,2,30.0,33.0,1,3,80,HIGH
NSFAS002837,Tshepo Mthethwa,University of Pretoria,Law,3,30.0,52.0,3,1,100,HIGH
NSFAS002838,Nomsa Mabaso,University of Cape Town,Arts,1,57.55,63.0,1,5,40,MEDIUM
NSFAS002839,Busisiwe Dlamini,University of the Free State,Arts,3,57.81,68.0,1,1,40,MEDIUM
NSFAS002840,Themba Mabaso,University of Pretoria,Law,2,59.07,79.0,1,2,0,LOW
NSFAS002841,Nomsa Mthethwa,University of Stellenbosch,Education,4,30.0,52.0,1,2,80,HIGH
NSFAS002842,Busisiwe Mhlongo,University of Stellenbosch,Arts,4,47.71,23.0,3,1,100,HIGH
NSFAS002843,Busisiwe Nkosi,University of the Witwatersrand,Arts,3,40.0,28.0,2,5,80,HIGH
NSFAS002844,Nokuthula Mokoena,University of the Witwatersrand,Engineering,4,70.03,89.0,0,4,0,LOW
NSFAS002845,Andile Molefe,University of the Free State,Law,2,40.0,30.0,3,2,100,HIGH
NSFAS002846,Phumzile Zulu,University of Johannesburg,Science,2,40.0,49.0,4,5,100,HIGH
NSFAS002847,Nokuthula Mahlangu,University of Johannesburg,Science,2,30.64,31.0,4,5,100,HIGH
NSFAS002848,Lindiwe Molefe,North-West University,Education,4,60.17,66.0,1,0,40,MEDIUM
NSFAS002849,Thabo Mhlongo,North-West University,Law,2,40.0,47.0,2,5,80,HIGH
NSFAS002850,Tshepo Nkosi,University of the Witwatersrand,Education,2,40.0,50.0,4,5,100,HIGH
NSFAS002851,Andile Nkosi,North-West University,Engineering,4,64.07,78.0,1,5,0,LOW
NSFAS002852,Thabo Khumalo,University of Johannesburg,Commerce,4,40.0,51.0,4,2,100,HIGH
NSFAS002853,Sibusiso Mabaso,University of Johannesburg,Arts,1,40.0,54.0,2,0,80,HIGH
NSFAS002854,Busisiwe Mthembu,University of Pretoria,Science,4,75.0,76.0,0,5,0,LOW
NSFAS002855,Nokuthula Zulu,University of the Witwatersrand,Commerce,1,53.24,70.0,1,0,0,LOW
NSFAS002856,Mpho Mahlangu,University of Cape Town,Arts,1,74.29,79.0,1,5,0,LOW
NSFAS002857,Thabo Zulu,University of the Witwatersrand,Science,3,41.37,41.0,3,4,100,HIGH
NSFAS002858,Thabo Nkosi,North-West University,Arts,4,60.71,59.0,3,2,60,HIGH
NSFAS002859,Sibusiso Mthembu,University of Stellenbosch,Engineering,2,75.0,93.0,1,3,0,LOW
NSFAS002860,Andile Mthembu,University of the Witwatersrand,Science,1,48.07,49.0,3,2,100,HIGH
NSFAS002861,Andile Mahlangu,University of KwaZulu-Natal,Commerce,2,75.0,82.0,0,3,0,LOW
NSFAS002862,Thabo Zulu,University of KwaZulu-Natal,Education,3,75.0,87.0,1,1,0,LOW
NSFAS002863,Nokuthula Mahlangu,University of the Witwatersrand,Arts,1,40.0,25.0,2,5,80,HIGH
NSFAS002864,Themba Molefe,University of Pretoria,Science,4,47.3,24.0,4,5,100,HIGH
NSFAS002865,Themba Mhlongo,North-West University,Education,4,61.08,84.0,0,3,0,LOW
NSFAS002866,Sibusiso Mabaso,University of the Witwatersrand,Commerce,4,52.72,72.0,0,1,0,LOW
NSFAS002867,Phumzile Mthembu,University of Johannesburg,Law,1,40.0,20.0,1,4,80,HIGH
NSFAS002868,Andile Mokoena,University of Pretoria,Arts,3,30.0,36.0,3,4,100,HIGH
NSFAS002869,Busisiwe Molefe,University of Stellenbosch,Arts,2,95.0,77.0,0,3,0,LOW
NSFAS002870,Lerato Mahlangu,University of the Free State,Science,4,64.41,60.0,0,0,40,MEDIUM
NSFAS002871,Sipho Khumalo,North-West University,Arts,2,30.0,38.0,4,1,100,HIGH
NSFAS002872,Andile Zulu,University of Cape Town,Law,3,75.0,95.0,1,2,0,LOW
NSFAS002873,Zanele Nkosi,University of Stellenbosch,Engineering,4,40.0,31.0,4,1,100,HIGH
NSFAS002874,Tshepo Mthembu,North-West University,Law,1,40.0,27.0,2,1,80,HIGH
NSFAS002875,Lerato Mhlongo,University of Stellenbosch,Education,3,40.0,26.0,2,3,80,HIGH
NSFAS002876,Andile Zulu,University of KwaZulu-Natal,Engineering,3,40.0,22.0,1,3,80,HIGH
NSFAS002877,Phumzile Mthethwa,University of Johannesburg,Engineering,4,64.55,79.0,1,4,0,LOW
NSFAS002878,Kagiso Zulu,University of Pretoria,Commerce,4,49.0,45.0,1,3,80,HIGH
NSFAS002879,Zanele Molefe,University of the Free State,Arts,2,75.0,84.0,0,3,0,LOW
NSFAS002880,Phumzile Zulu,University of KwaZulu-Natal,Commerce,4,40.0,59.0,3,3,100,HIGH
NSFAS002881,Busisiwe Nkosi,University of Stellenbosch,Commerce,1,48.32,28.0,3,5,100,HIGH
NSFAS002882,Zanele Molefe,University of the Witwatersrand,Engineering,2,40.0,39.0,1,2,80,HIGH
NSFAS002883,Sipho Ngcobo,University of Stellenbosch,Education,2,40.0,21.0,1,4,80,HIGH
NSFAS002884,Themba Mthethwa,University of the Witwatersrand,Commerce,3,40.0,48.0,3,3,100,HIGH
NSFAS002885,Andile Dlamini,University of the Free State,Education,1,40.0,27.0,4,3,100,HIGH
NSFAS002886,Andile Molefe,University of Johannesburg,Education,2,46.77,41.0,4,5,100,HIGH
NSFAS002887,Phumzile Mhlongo,University of Cape Town,Commerce,3,40.0,21.0,4,0,100,HIGH
NSFAS002888,Themba Mthethwa,University of Johannesburg,Commerce,2,40.0,45.0,2,2,80,HIGH
NSFAS002889,Nokuthula Molefe,University of KwaZulu-Natal,Science,3,75.0,76.0,0,4,0,LOW
NSFAS002890,Nokuthula Mthembu,University of the Free State,Science,4,40.0,38.0,2,0,80,HIGH
NSFAS002891,Tshepo Mhlongo,University of Cape Town,Arts,4,75.0,75.0,1,1,0,LOW
NSFAS002892,Sipho Dlamini,University of Stellenbosch,Science,2,52.53,82.0,0,4,0,LOW
NSFAS002893,Andile Molefe,North-West University,Science,3,75.0,0.0,0,0,40,MEDIUM
NSFAS002894,Nokuthula Mthembu,University of Cape Town,Law,3,60.26,65.0,1,5,40,MEDIUM
NSFAS002895,Nomsa Molefe,University of Pretoria,Science,4,41.67,39.0,2,4,80,HIGH
NSFAS002896,Busisiwe Khumalo,University of the Free State,Science,2,49.97,44.0,4,5,100,HIGH
NSFAS002897,Sibusiso Mabaso,University of Stellenbosch,Education,1,40.0,46.0,2,5,80,HIGH
NSFAS002898,Sipho Ngcobo,University of Pretoria,Science,2,55.99,65.0,0,3,40,MEDIUM
NSFAS002899,Thabo Mahlangu,University of the Witwatersrand,Engineering,1,60.69,75.0,0,1,0,LOW
NSFAS002900,Thabo Mahlangu,University of KwaZulu-Natal,Law,2,75.0,80.0,1,1,0,LOW
NSFAS002901,Nokuthula Khumalo,University of KwaZulu-Natal,Science,4,66.3,79.0,1,1,0,LOW
NSFAS002902,Sipho Zulu,University of Stellenbosch,Engineering,4,65.38,68.0,0,3,40,MEDIUM
NSFAS002903,Tshepo Mabaso,University of Stellenbosch,Law,1,73.89,82.0,0,5,0,LOW
NSFAS002904,Sipho Mkhize,University of Cape Town,Science,2,40.0,60.0,1,0,80,HIGH
NSFAS002905,Themba Mthembu,University of KwaZulu-Natal,Commerce,3,70.82,88.0,1,4,0,LOW
NSFAS002906,Mpho Dlamini,University of Johannesburg,Law,1,40.0,59.0,1,0,80,HIGH
NSFAS002907,Nomsa Mthembu,University of the Witwatersrand,Science,4,52.81,70.0,0,0,0,LOW
NSFAS002908,Nokuthula Mokoena,University of Cape Town,Education,3,75.0,94.0,0,3,0,LOW
NSFAS002909,Themba Dlamini,University of Stellenbosch,Arts,4,75.0,88.0,1,2,0,LOW
NSFAS002910,Andile Zulu,University of Johannesburg,Engineering,3,40.0,41.0,1,0,80,HIGH
NSFAS002911,Thabo Nkosi,University of Cape Town,Science,2,71.23,92.0,0,0,0,LOW
NSFAS002912,Nokuthula Mahlangu,University of KwaZulu-Natal,Engineering,4,40.98,56.0,2,5,80,HIGH
NSFAS002913,Andile Molefe,University of KwaZulu-Natal,Engineering,2,73.94,80.0,1,5,0,LOW
NSFAS002914,Lerato Zulu,University of the Witwatersrand,Science,3,40.0,55.0,1,2,80,HIGH
NSFAS002915,Sibusiso Nkosi,University of Pretoria,Commerce,3,30.0,65.0,4,3,100,HIGH
NSFAS002916,Andile Mthembu,North-West University,Engineering,3,75.0,0.0,1,4,40,MEDIUM
NSFAS002917,Nomsa Mokoena,University of Stellenbosch,Arts,3,73.76,79.0,0,3,0,LOW
NSFAS002918,Sibusiso Molefe,University of the Free State,Engineering,4,75.0,95.0,0,0,0,LOW
NSFAS002919,Mpho Mthembu,University of Cape Town,Education,3,75.0,80.0,0,0,0,LOW
NSFAS002920,Sipho Nkosi,University of KwaZulu-Natal,Law,2,40.0,54.0,3,5,100,HIGH
NSFAS002921,Lerato Ngcobo,University of Stellenbosch,Science,2,40.0,54.0,2,1,80,HIGH
NSFAS002922,Lerato Zulu,University of the Free State,Engineering,1,67.54,76.0,1,4,0,LOW
NSFAS002923,Sibusiso Mthembu,University of Pretoria,Engineering,2,30.0,33.0,1,2,80,HIGH
NSFAS002924,Themba Mthembu,University of the Free State,Law,3,40.0,27.0,1,2,80,HIGH
NSFAS002925,Thabo Zulu,University of Stellenbosch,Law,4,62.89,83.0,1,5,0,LOW
NSFAS002926,Kagiso Nkosi,University of KwaZulu-Natal,Commerce,1,63.28,56.0,1,5,40,MEDIUM
NSFAS002927,Andile Khumalo,University of Pretoria,Law,1,52.05,76.0,1,1,0,LOW
NSFAS002928,Zanele Mhlongo,North-West University,Engineering,1,44.56,20.0,3,1,100,HIGH
NSFAS002929,Themba Dlamini,University of Stellenbosch,Engineering,4,75.0,95.0,1,1,0,LOW
NSFAS002930,Busisiwe Mthethwa,North-West University,Education,4,69.91,74.0,1,1,0,LOW
NSFAS002931,Sibusiso Mabaso,University of Johannesburg,Commerce,2,47.94,55.0,2,2,80,HIGH
NSFAS002932,Lerato Ngcobo,University of the Free State,Education,3,45.82,30.0,2,4,80,HIGH
NSFAS002933,Thabo Mthembu,University of KwaZulu-Natal,Commerce,3,40.0,24.0,3,0,100,HIGH
NSFAS002934,Thabo Molefe,University of KwaZulu-Natal,Arts,1,40.0,58.0,4,1,100,HIGH
NSFAS002935,Mpho Nkosi,University of Johannesburg,Commerce,1,53.78,63.0,0,5,40,MEDIUM
NSFAS002936,Nokuthula Mabaso,University of Johannesburg,Commerce,2,73.12,83.0,0,3,0,LOW
NSFAS002937,Sibusiso Molefe,University of Johannesburg,Commerce,3,59.11,56.0,1,5,40,MEDIUM
NSFAS002938,Thabo Ngcobo,University of KwaZulu-Natal,Arts,1,30.0,49.0,4,2,100,HIGH
NSFAS002939,Busisiwe Mokoena,University of KwaZulu-Natal,Commerce,4,75.0,95.0,0,0,0,LOW
NSFAS002940,Busisiwe Zulu,University of Pretoria,Commerce,3,58.47,61.0,1,5,40,MEDIUM
NSFAS002941,Sipho Mokoena,University of Cape Town,Engineering,3,83.73,95.0,1,2,0,LOW
NSFAS002942,Zanele Mahlangu,University of Stellenbosch,Commerce,3,40.0,60.0,2,4,80,HIGH
NSFAS002943,Andile Mkhize,University of Johannesburg,Engineering,4,40.58,0.0,4,4,100,HIGH
NSFAS002944,Sipho Mthethwa,University of Johannesburg,Science,1,49.78,28.0,2,4,80,HIGH
NSFAS002945,Sibusiso Mkhize,University of Cape Town,Law,2,75.0,87.0,1,0,0,LOW
NSFAS002946,Lindiwe Mhlongo,University of the Free State,Arts,2,75.0,92.0,0,5,0,LOW
NSFAS002947,Tshepo Mthethwa,University of the Free State,Science,1,30.0,42.0,3,1,100,HIGH
NSFAS002948,Themba Mahlangu,University of the Witwatersrand,Law,1,65.78,74.0,1,5,0,LOW
NSFAS002949,Themba Dlamini,North-West University,Commerce,3,40.0,30.0,3,4,100,HIGH
NSFAS002950,Zanele Mthethwa,University of the Witwatersrand,Commerce,3,30.0,24.0,3,4,100,HIGH
NSFAS002951,Mpho Dlamini,University of Cape Town,Education,2,63.24,81.0,1,2,0,LOW
NSFAS002952,Lindiwe Mthembu,University of Johannesburg,Commerce,4,40.0,23.0,2,2,80,HIGH
NSFAS002953,Tshepo Mthembu,University of Pretoria,Engineering,1,48.86,20.0,2,1,80,HIGH
NSFAS002954,Mpho Dlamini,University of Cape Town,Education,4,40.0,64.0,3,1,100,HIGH
NSFAS002955,Tshepo Zulu,University of Cape Town,Law,1,58.43,60.0,1,4,40,MEDIUM
NSFAS002956,Busisiwe Mthethwa,University of KwaZulu-Natal,Law,4,40.0,21.0,1,2,80,HIGH
NSFAS002957,Lindiwe Molefe,University of Pretoria,Engineering,3,75.0,90.0,1,4,0,LOW
NSFAS002958,Thabo Mthembu,University of the Witwatersrand,Engineering,2,30.0,37.0,2,3,80,HIGH
NSFAS002959,Sipho Molefe,University of Stellenbosch,Education,3,43.42,52.0,4,2,100,HIGH
NSFAS002960,Sibusiso Mhlongo,University of the Witwatersrand,Engineering,3,48.82,41.0,3,1,100,HIGH
NSFAS002961,Thabo Mokoena,University of the Witwatersrand,Engineering,2,48.98,51.0,2,2,80,HIGH
NSFAS002962,Sipho Mokoena,University of Pretoria,Engineering,1,75.0,95.0,0,1,0,LOW
NSFAS002963,Mpho Mkhize,University of Stellenbosch,Law,2,65.59,73.0,0,2,0,LOW
NSFAS002964,Lindiwe Zulu,University of the Witwatersrand,Education,3,75.0,95.0,1,3,0,LOW
NSFAS002965,Sibusiso Ngcobo,University of the Witwatersrand,Arts,1,75.0,80.0,1,1,0,LOW
NSFAS002966,Thabo Mhlongo,University of the Free State,Engineering,3,40.0,53.0,2,4,80,HIGH
NSFAS002967,Thabo Mokoena,University of the Witwatersrand,Law,1,30.0,37.0,3,4,100,HIGH
NSFAS002968,Themba Mthethwa,University of Johannesburg,Science,4,86.46,0.0,1,0,40,MEDIUM
NSFAS002969,Nomsa Khumalo,University of KwaZulu-Natal,Engineering,1,40.31,42.0,4,1,100,HIGH
NSFAS002970,Lindiwe Mhlongo,University of Stellenbosch,Law,2,43.84,25.0,2,4,80,HIGH
NSFAS002971,Lerato Mahlangu,University of Johannesburg,Arts,2,58.81,64.0,0,5,40,MEDIUM
NSFAS002972,Phumzile Dlamini,North-West University,Science,2,75.0,95.0,1,0,0,LOW
NSFAS002973,Kagiso Mthembu,University of Johannesburg,Arts,4,75.0,84.0,1,1,0,LOW
NSFAS002974,Themba Mokoena,University of Pretoria,Arts,4,49.0,54.0,1,5,80,HIGH
NSFAS002975,Zanele Ngcobo,University of the Witwatersrand,Commerce,3,40.0,53.0,1,5,80,HIGH
NSFAS002976,Nokuthula Nkosi,University of Cape Town,Engineering,3,40.0,57.0,3,3,100,HIGH
NSFAS002977,Zanele Mahlangu,University of Cape Town,Education,3,40.0,33.0,2,3,80,HIGH
NSFAS002978,Lerato Mhlongo,University of Pretoria,Science,4,40.0,38.0,2,1,80,HIGH
NSFAS002979,Thabo Dlamini,University of Johannesburg,Arts,2,40.0,58.0,4,4,100,HIGH
NSFAS002980,Sipho Mahlangu,University of Stellenbosch,Commerce,4,40.0,35.0,3,2,100,HIGH
NSFAS002981,Lindiwe Khumalo,University of the Free State,Law,2,49.87,65.0,0,5,80,HIGH
NSFAS002982,Nokuthula Mhlongo,University of Johannesburg,Science,3,75.0,95.0,0,0,0,LOW
NSFAS002983,Mpho Nkosi,North-West University,Education,1,45.17,40.0,4,5,100,HIGH
NSFAS002984,Sipho Molefe,University of KwaZulu-Natal,Education,1,75.0,95.0,1,3,0,LOW
NSFAS002985,Busisiwe Mahlangu,University of the Witwatersrand,Commerce,2,43.49,63.0,1,0,80,HIGH
NSFAS002986,Lerato Molefe,University of Cape Town,Law,1,72.27,90.0,0,1,0,LOW
NSFAS002987,Zanele Molefe,University of the Free State,Law,2,66.93,55.0,2,4,40,MEDIUM
NSFAS002988,Lerato Nkosi,North-West University,Commerce,4,30.0,61.0,1,1,80,HIGH
NSFAS002989,Sipho Mthethwa,University of Pretoria,Law,2,30.52,38.0,4,4,100,HIGH
NSFAS002990,Nomsa Zulu,University of Johannesburg,Arts,2,57.43,74.0,0,4,0,LOW
NSFAS002991,Tshepo Mahlangu,North-West University,Science,3,40.0,42.0,1,0,80,HIGH
NSFAS002992,Tshepo Zulu,North-West University,Law,1,64.7,85.0,0,2,0,LOW
NSFAS002993,Nokuthula Mthembu,University of Cape Town,Science,1,95.0,87.0,0,3,0,LOW
NSFAS002994,Busisiwe Nkosi,University of Johannesburg,Arts,3,30.0,46.0,2,2,80,HIGH
NSFAS002995,Themba Mhlongo,University of Cape Town,Commerce,3,75.0,95.0,1,4,0,LOW
NSFAS002996,Lindiwe Mokoena,University of the Witwatersrand,Science,2,49.0,33.0,2,0,80,HIGH
NSFAS002997,Phumzile Khumalo,University of the Witwatersrand,Law,3,75.0,90.0,0,5,0,LOW
NSFAS002998,Busisiwe Mthembu,University of the Witwatersrand,Engineering,4,40.0,38.0,3,0,100,HIGH
NSFAS002999,Lerato Mokoena,University of Pretoria,Law,2,69.11,67.0,1,5,40,MEDIUM
NSFAS003000,Mpho Khumalo,University of Cape Town,Education,1,57.78,80.0,1,5,0,LOW
NSFAS003001,Zanele Khumalo,University of the Free State,Education,2,75.0,84.0,0,1,0,LOW
NSFAS003002,Thabo Ngcobo,North-West University,Education,2,46.85,20.0,4,2,100,HIGH
NSFAS003003,Lerato Mokoena,University of Stellenbosch,Arts,1,40.0,28.0,2,0,80,HIGH
NSFAS003004,Kagiso Ngcobo,University of KwaZulu-Natal,Engineering,1,45.11,21.0,1,0,80,HIGH
NSFAS003005,Phumzile Mahlangu,University of the Witwatersrand,Commerce,1,40.0,45.0,1,0,80,HIGH
NSFAS003006,Andile Nkosi,North-West University,Education,1,40.0,26.0,2,1,80,HIGH
NSFAS003007,Tshepo Mahlangu,University of Pretoria,Law,2,40.0,24.0,4,1,100,HIGH
NSFAS003008,Andile Mahlangu,North-West University,Engineering,4,40.0,43.0,2,4,80,HIGH
NSFAS003009,Busisiwe Khumalo,North-West University,Engineering,1,75.0,78.0,1,3,0,LOW
NSFAS003010,Nokuthula Molefe,University of the Free State,Science,3,30.0,50.0,1,1,80,HIGH
NSFAS003011,Lindiwe Molefe,University of Stellenbosch,Science,1,40.0,59.0,3,0,100,HIGH
NSFAS003012,Kagiso Khumalo,North-West University,Arts,2,30.0,49.0,2,3,80,HIGH
NSFAS003013,Nokuthula Mthethwa,University of Pretoria,Engineering,2,38.88,38.0,3,0,100,HIGH
NSFAS003014,Andile Ngcobo,University of Stellenbosch,Law,4,43.17,0.0,4,3,100,HIGH
NSFAS003015,Lerato Nkosi,University of Pretoria,Law,4,40.0,52.0,3,3,100,HIGH
NSFAS003016,Phumzile Mkhize,University of Pretoria,Commerce,3,40.0,46.0,4,2,100,HIGH
NSFAS003017,Phumzile Ngcobo,University of Pretoria,Engineering,4,42.7,30.0,2,3,80,HIGH
NSFAS003018,Phumzile Mokoena,University of Johannesburg,Arts,3,61.26,74.0,1,2,0,LOW
NSFAS003019,Thabo Mthembu,University of KwaZulu-Natal,Engineering,2,40.0,37.0,1,5,80,HIGH
NSFAS003020,Thabo Molefe,University of Johannesburg,Engineering,4,62.31,61.0,1,4,40,MEDIUM
NSFAS003021,Sibusiso Zulu,University of Stellenbosch,Commerce,1,70.63,95.0,0,0,0,LOW
NSFAS003022,Zanele Mhlongo,University of the Free State,Education,3,75.0,81.0,1,3,0,LOW
NSFAS003023,Themba Mhlongo,University of the Witwatersrand,Arts,1,40.0,32.0,2,5,80,HIGH
NSFAS003024,Sipho Mahlangu,University of KwaZulu-Natal,Engineering,2,45.73,38.0,4,4,100,HIGH
NSFAS003025,Busisiwe Mthembu,North-West University,Law,3,75.0,84.0,0,1,0,LOW
NSFAS003026,Busisiwe Mahlangu,University of the Witwatersrand,Science,2,36.39,20.0,4,2,100,HIGH
NSFAS003027,Nomsa Dlamini,University of KwaZulu-Natal,Education,3,49.0,21.0,2,5,80,HIGH
NSFAS003028,Lerato Mkhize,University of KwaZulu-Natal,Engineering,2,30.0,44.0,2,0,80,HIGH
NSFAS003029,Nokuthula Khumalo,University of Cape Town,Law,4,30.0,63.0,1,2,80,HIGH
NSFAS003030,Lerato Mabaso,University of Pretoria,Engineering,1,46.63,33.0,4,1,100,HIGH
NSFAS003031,Sibusiso Mahlangu,University of Johannesburg,Commerce,1,75.0,79.0,0,2,0,LOW
NSFAS003032,Mpho Mabaso,University of Johannesburg,Engineering,1,75.0,93.0,0,5,0,LOW
NSFAS003033,Andile Dlamini,University of Stellenbosch,Science,4,47.92,61.0,0,0,80,HIGH
NSFAS003034,Themba Nkosi,University of KwaZulu-Natal,Commerce,4,39.87,45.0,3,3,100,HIGH
NSFAS003035,Phumzile Mabaso,University of Pretoria,Engineering,3,40.0,33.0,1,1,80,HIGH
NSFAS003036,Mpho Mahlangu,North-West University,Commerce,3,50.85,61.0,1,4,40,MEDIUM
NSFAS003037,Nokuthula Dlamini,University of the Free State,Commerce,2,56.3,77.0,0,5,0,LOW
NSFAS003038,Lindiwe Ngcobo,University of Pretoria,Law,1,66.73,75.0,0,0,0,LOW
NSFAS003039,Mpho Mabaso,North-West University,Education,4,43.52,43.0,2,2,80,HIGH
NSFAS003040,Lerato Mkhize,University of Johannesburg,Education,2,95.0,93.0,0,4,0,LOW
NSFAS003041,Thabo Mhlongo,University of Johannesburg,Arts,1,60.85,84.0,1,3,0,LOW
NSFAS003042,Kagiso Nkosi,University of KwaZulu-Natal,Law,3,40.0,24.0,1,1,80,HIGH
NSFAS003043,Busisiwe Mokoena,University of the Free State,Arts,4,40.0,63.0,2,0,80,HIGH
NSFAS003044,Zanele Zulu,North-West University,Education,4,30.0,53.0,2,1,80,HIGH
NSFAS003045,Mpho Mthethwa,University of Pretoria,Commerce,1,40.0,39.0,1,4,80,HIGH
NSFAS003046,Thabo Mhlongo,University of Cape Town,Commerce,2,30.0,23.0,2,0,80,HIGH
NSFAS003047,Themba Mabaso,University of the Witwatersrand,Commerce,1,30.0,40.0,4,2,100,HIGH
NSFAS003048,Themba Mahlangu,University of the Free State,Science,3,86.36,0.0,1,1,40,MEDIUM
NSFAS003049,Zanele Mahlangu,University of Cape Town,Arts,2,40.0,60.0,1,2,80,HIGH
NSFAS003050,Tshepo Mhlongo,University of KwaZulu-Natal,Commerce,4,40.73,0.0,1,1,80,HIGH
NSFAS003051,Sipho Mabaso,University of Cape Town,Science,2,40.0,36.0,3,4,100,HIGH
NSFAS003052,Mpho Khumalo,University of Johannesburg,Science,2,95.0,79.0,1,4,0,LOW
NSFAS003053,Nomsa Mahlangu,University of KwaZulu-Natal,Arts,3,49.0,53.0,3,1,100,HIGH
NSFAS003054,Tshepo Dlamini,University of Johannesburg,Education,2,75.0,83.0,1,2,0,LOW
NSFAS003055,Mpho Khumalo,University of the Witwatersrand,Education,3,48.56,38.0,3,3,100,HIGH
NSFAS003056,Busisiwe Mabaso,University of Cape Town,Arts,4,43.31,25.0,1,4,80,HIGH
NSFAS003057,Lerato Molefe,University of Johannesburg,Law,4,51.24,75.0,0,1,0,LOW
NSFAS003058,Mpho Mahlangu,University of the Witwatersrand,Arts,4,49.35,52.0,4,2,100,HIGH
NSFAS003059,Busisiwe Mthethwa,University of Johannesburg,Science,1,72.05,80.0,1,1,0,LOW
NSFAS003060,Andile Mokoena,University of Pretoria,Engineering,2,40.0,43.0,4,0,100,HIGH
NSFAS003061,Kagiso Mkhize,University of KwaZulu-Natal,Law,1,47.96,27.0,4,0,100,HIGH
NSFAS003062,Nomsa Ngcobo,University of KwaZulu-Natal,Law,3,30.0,32.0,3,2,100,HIGH
NSFAS003063,Andile Khumalo,University of the Witwatersrand,Engineering,1,53.0,0.0,0,5,40,MEDIUM
NSFAS003064,Sipho Mthembu,University of Stellenbosch,Law,4,40.0,56.0,4,0,100,HIGH
NSFAS003065,Thabo Mkhize,University of Johannesburg,Science,1,47.17,29.0,3,3,100,HIGH
NSFAS003066,Nokuthula Zulu,University of Pretoria,Engineering,2,30.0,31.0,4,0,100,HIGH
NSFAS003067,Tshepo Mokoena,North-West University,Commerce,2,40.0,28.0,4,1,100,HIGH
NSFAS003068,Sipho Mahlangu,University of the Free State,Science,1,46.19,29.0,2,1,80,HIGH
NSFAS003069,Phumzile Mthembu,University of KwaZulu-Natal,Science,2,63.72,63.0,1,4,40,MEDIUM
NSFAS003070,Busisiwe Mhlongo,University of the Free State,Engineering,4,75.0,88.0,1,3,0,LOW
NSFAS003071,Nomsa Khumalo,University of Cape Town,Science,3,72.77,81.0,0,4,0,LOW
NSFAS003072,Thabo Mkhize,University of Johannesburg,Engineering,1,63.48,80.0,1,3,0,LOW
NSFAS003073,Lindiwe Dlamini,University of the Free State,Arts,1,47.67,20.0,1,5,80,HIGH
NSFAS003074,Kagiso Zulu,University of Johannesburg,Science,1,47.17,62.0,0,0,80,HIGH
NSFAS003075,Lerato Mthethwa,University of Stellenbosch,Arts,2,30.0,62.0,2,3,80,HIGH
NSFAS003076,Phumzile Mhlongo,North-West University,Law,3,30.0,30.0,2,0,80,HIGH
NSFAS003077,Zanele Molefe,University of Stellenbosch,Law,2,40.0,36.0,4,0,100,HIGH
NSFAS003078,Nomsa Mthembu,University of Stellenbosch,Science,2,75.0,77.0,1,4,0,LOW
NSFAS003079,Lindiwe Mthethwa,University of the Free State,Science,2,30.0,24.0,2,5,80,HIGH
NSFAS003080,Nokuthula Molefe,University of the Free State,Education,4,75.0,83.0,0,4,0,LOW
NSFAS003081,Kagiso Ngcobo,University of KwaZulu-Natal,Engineering,2,40.0,62.0,3,1,100,HIGH
NSFAS003082,Busisiwe Molefe,University of Stellenbosch,Commerce,2,65.95,61.0,0,4,40,MEDIUM
NSFAS003083,Andile Mahlangu,University of Johannesburg,Education,3,75.0,92.0,0,4,0,LOW
NSFAS003084,Lerato Mthethwa,University of Stellenbosch,Commerce,3,75.0,86.0,0,4,0,LOW
NSFAS003085,Kagiso Ngcobo,University of Stellenbosch,Law,4,30.0,25.0,4,3,100,HIGH
NSFAS003086,Andile Zulu,University of the Free State,Science,4,60.81,78.0,1,4,0,LOW
NSFAS003087,Nomsa Zulu,University of KwaZulu-Natal,Education,4,75.0,87.0,1,2,0,LOW
NSFAS003088,Phumzile Mokoena,University of KwaZulu-Natal,Science,1,75.0,95.0,1,3,0,LOW
NSFAS003089,Sipho Mhlongo,University of Pretoria,Arts,1,40.0,47.0,3,0,100,HIGH
NSFAS003090,Phumzile Zulu,University of the Free State,Education,4,43.1,49.0,2,5,80,HIGH
NSFAS003091,Sipho Molefe,University of Pretoria,Education,4,40.0,56.0,2,3,80,HIGH
NSFAS003092,Mpho Khumalo,North-West University,Science,2,75.0,76.0,1,2,0,LOW
NSFAS003093,Lerato Mabaso,University of the Free State,Commerce,2,67.24,67.0,1,4,40,MEDIUM
NSFAS003094,Nomsa Mthembu,University of KwaZulu-Natal,Commerce,1,75.0,95.0,1,1,0,LOW
NSFAS003095,Phumzile Dlamini,University of Cape Town,Education,4,69.59,64.0,0,3,40,MEDIUM
NSFAS003096,Lindiwe Nkosi,University of KwaZulu-Natal,Commerce,4,75.0,75.0,0,3,0,LOW
NSFAS003097,Phumzile Mthembu,University of the Free State,Commerce,2,75.0,86.0,0,3,0,LOW
NSFAS003098,Phumzile Dlamini,University of Johannesburg,Engineering,2,95.0,81.0,1,5,0,LOW
NSFAS003099,Sibusiso Molefe,University of the Free State,Science,4,47.3,31.0,3,4,100,HIGH
NSFAS003100,Lindiwe Zulu,University of KwaZulu-Natal,Engineering,1,79.68,92.0,1,1,0,LOW
NSFAS003101,Busisiwe Mabaso,North-West University,Law,2,40.0,42.0,3,4,100,HIGH
NSFAS003102,Sibusiso Dlamini,University of Stellenbosch,Engineering,4,40.0,33.0,2,1,80,HIGH
NSFAS003103,Phumzile Mhlongo,University of Pretoria,Education,2,70.29,77.0,0,0,0,LOW
NSFAS003104,Nomsa Khumalo,University of Johannesburg,Law,4,40.0,36.0,3,5,100,HIGH
NSFAS003105,Lindiwe Nkosi,University of Cape Town,Engineering,1,75.0,76.0,1,2,0,LOW
NSFAS003106,Mpho Nkosi,North-West University,Commerce,1,65.62,59.0,2,3,40,MEDIUM
NSFAS003107,Andile Nkosi,University of Pretoria,Law,3,70.54,94.0,0,3,0,LOW
NSFAS003108,Tshepo Nkosi,University of Stellenbosch,Engineering,2,68.03,57.0,4,2,60,HIGH
NSFAS003109,Busisiwe Mkhize,University of Stellenbosch,Education,4,56.6,68.0,0,0,40,MEDIUM
NSFAS003110,Lindiwe Mhlongo,University of KwaZulu-Natal,Engineering,2,71.71,92.0,0,5,0,LOW
NSFAS003111,Nokuthula Mthethwa,University of Johannesburg,Engineering,2,30.63,39.0,2,5,80,HIGH
NSFAS003112,Tshepo Ngcobo,University of Stellenbosch,Engineering,2,65.04,76.0,1,5,0,LOW
NSFAS003113,Nokuthula Mthethwa,University of the Witwatersrand,Science,4,40.0,57.0,3,4,100,HIGH
NSFAS003114,Nokuthula Ngcobo,University of Pretoria,Commerce,1,65.7,73.0,0,4,0,LOW
NSFAS003115,Zanele Ngcobo,University of Cape Town,Science,1,40.0,35.0,4,1,100,HIGH
NSFAS003116,Sipho Dlamini,University of Johannesburg,Education,2,30.36,41.0,1,2,80,HIGH
NSFAS003117,Thabo Zulu,North-West University,Science,1,48.02,60.0,1,2,80,HIGH
NSFAS003118,Tshepo Khumalo,University of KwaZulu-Natal,Commerce,4,40.0,22.0,1,3,80,HIGH
NSFAS003119,Andile Mahlangu,University of Pretoria,Law,4,52.89,60.0,1,4,40,MEDIUM
NSFAS003120,Busisiwe Mthembu,University of Cape Town,Education,2,58.35,72.0,1,1,0,LOW
NSFAS003121,Mpho Mhlongo,University of the Free State,Science,4,40.0,39.0,2,0,80,HIGH
NSFAS003122,Lindiwe Mkhize,University of Cape Town,Law,4,75.0,92.0,0,3,0,LOW
NSFAS003123,Sipho Molefe,University of Johannesburg,Education,2,40.0,29.0,2,2,80,HIGH
NSFAS003124,Thabo Mthembu,University of Cape Town,Arts,2,41.36,36.0,2,1,80,HIGH
NSFAS003125,Zanele Zulu,University of Stellenbosch,Law,1,75.0,87.0,0,0,0,LOW
NSFAS003126,Kagiso Molefe,University of the Witwatersrand,Law,3,66.06,68.0,0,1,40,MEDIUM
NSFAS003127,Themba Mthethwa,University of KwaZulu-Natal,Science,1,40.0,58.0,4,2,100,HIGH
NSFAS003128,Busisiwe Molefe,University of Cape Town,Law,2,44.9,30.0,4,3,100,HIGH
NSFAS003129,Kagiso Mthethwa,North-West University,Arts,1,63.31,66.0,1,4,40,MEDIUM
NSFAS003130,Themba Mthembu,University of Johannesburg,Law,1,66.28,65.0,0,0,40,MEDIUM
NSFAS003131,Nokuthula Mabaso,University of KwaZulu-Natal,Education,2,50.45,60.0,1,3,40,MEDIUM
NSFAS003132,Kagiso Mokoena,University of Stellenbosch,Engineering,1,30.0,33.0,3,2,100,HIGH
NSFAS003133,Andile Mabaso,University of the Free State,Education,4,49.16,28.0,2,3,80,HIGH
NSFAS003134,Lerato Zulu,University of Cape Town,Education,2,67.66,55.0,4,0,60,HIGH
NSFAS003135,Nokuthula Dlamini,University of Pretoria,Engineering,1,48.76,33.0,4,1,100,HIGH
NSFAS003136,Lerato Khumalo,University of the Free State,Commerce,2,44.89,0.0,1,0,80,HIGH
NSFAS003137,Zanele Ngcobo,University of Johannesburg,Science,3,75.0,95.0,0,0,0,LOW
NSFAS003138,Sipho Molefe,University of the Free State,Commerce,3,40.0,48.0,2,2,80,HIGH
NSFAS003139,Andile Molefe,University of Pretoria,Commerce,1,40.0,48.0,3,5,100,HIGH
NSFAS003140,Zanele Khumalo,University of the Witwatersrand,Law,1,50.63,59.0,2,1,40,MEDIUM
NSFAS003141,Zanele Mahlangu,University of Cape Town,Engineering,4,39.77,27.0,4,5,100,HIGH
NSFAS003142,Thabo Mahlangu,University of the Witwatersrand,Arts,3,75.0,88.0,0,3,0,LOW
NSFAS003143,Nokuthula Mthembu,North-West University,Commerce,2,57.92,58.0,1,3,40,MEDIUM
NSFAS003144,Lindiwe Mahlangu,University of Cape Town,Commerce,3,40.0,48.0,2,1,80,HIGH
NSFAS003145,Nokuthula Dlamini,University of Pretoria,Engineering,1,75.0,77.0,1,2,0,LOW
NSFAS003146,Phumzile Khumalo,University of the Free State,Law,1,95.0,83.0,0,0,0,LOW
NSFAS003147,Sibusiso Zulu,University of the Witwatersrand,Commerce,4,70.78,95.0,0,5,0,LOW
NSFAS003148,Nomsa Zulu,University of Stellenbosch,Arts,3,75.0,84.0,1,0,0,LOW
NSFAS003149,Kagiso Mokoena,University of the Free State,Law,1,75.0,87.0,1,5,0,LOW
NSFAS003150,Sipho Mahlangu,University of the Free State,Commerce,4,70.4,95.0,1,2,0,LOW
NSFAS003151,Tshepo Molefe,University of the Free State,Education,3,48.38,35.0,4,5,100,HIGH
NSFAS003152,Lerato Mthembu,University of Stellenbosch,Education,1,45.59,30.0,2,5,80,HIGH
NSFAS003153,Busisiwe Molefe,University of Stellenbosch,Education,2,40.0,50.0,1,1,80,HIGH
NSFAS003154,Thabo Mahlangu,University of the Witwatersrand,Education,1,75.0,92.0,0,4,0,LOW
NSFAS003155,Lerato Dlamini,University of KwaZulu-Natal,Engineering,3,47.79,61.0,1,0,80,HIGH
NSFAS003156,Mpho Ngcobo,University of KwaZulu-Natal,Science,1,52.67,71.0,0,5,0,LOW
NSFAS003157,Sipho Mthembu,University of Stellenbosch,Arts,2,75.0,95.0,1,3,0,LOW
NSFAS003158,Themba Mthethwa,University of the Witwatersrand,Law,4,40.0,20.0,1,4,80,HIGH
NSFAS003159,Nomsa Nkosi,University of the Witwatersrand,Commerce,1,45.71,25.0,2,2,80,HIGH
NSFAS003160,Lerato Mthethwa,University of Johannesburg,Education,4,33.99,38.0,2,3,80,HIGH
NSFAS003161,Themba Ngcobo,North-West University,Arts,1,55.66,80.0,0,2,0,LOW
NSFAS003162,Phumzile Ngcobo,University of Pretoria,Engineering,4,47.85,35.0,2,5,80,HIGH
NSFAS003163,Andile Mahlangu,University of the Free State,Education,2,62.02,68.0,1,0,40,MEDIUM
NSFAS003164,Tshepo Mthembu,University of Johannesburg,Science,1,40.0,36.0,1,2,80,HIGH
NSFAS003165,Sibusiso Mhlongo,University of the Witwatersrand,Commerce,1,40.0,35.0,2,3,80,HIGH
NSFAS003166,Nomsa Dlamini,University of Stellenbosch,Education,3,44.09,58.0,2,5,80,HIGH
NSFAS003167,Themba Dlamini,University of the Free State,Engineering,1,65.24,60.0,0,4,40,MEDIUM
NSFAS003168,Mpho Molefe,University of KwaZulu-Natal,Commerce,3,42.47,60.0,1,2,80,HIGH
NSFAS003169,Lindiwe Nkosi,University of Cape Town,Law,1,40.0,50.0,2,1,80,HIGH
NSFAS003170,Themba Mabaso,University of Pretoria,Engineering,3,75.0,77.0,1,4,0,LOW
NSFAS003171,Nomsa Mhlongo,University of the Witwatersrand,Law,3,32.39,63.0,2,4,80,HIGH
NSFAS003172,Nomsa Nkosi,University of the Free State,Commerce,1,40.0,64.0,3,3,100,HIGH
NSFAS003173,Sibusiso Nkosi,University of KwaZulu-Natal,Education,3,41.44,35.0,4,0,100,HIGH
NSFAS003174,Themba Mkhize,University of the Witwatersrand,Science,2,75.0,77.0,0,0,0,LOW
NSFAS003175,Lerato Mokoena,University of the Free State,Law,4,40.0,26.0,3,4,100,HIGH
NSFAS003176,Lindiwe Mkhize,University of the Free State,Law,4,49.0,30.0,4,2,100,HIGH
NSFAS003177,Zanele Mkhize,University of Stellenbosch,Arts,1,75.0,85.0,1,4,0,LOW
NSFAS003178,Zanele Khumalo,University of Stellenbosch,Engineering,3,40.87,42.0,3,2,100,HIGH
NSFAS003179,Tshepo Ngcobo,University of the Free State,Commerce,2,40.06,61.0,2,0,80,HIGH
NSFAS003180,Sipho Mthembu,University of Pretoria,Commerce,2,43.55,48.0,2,5,80,HIGH
NSFAS003181,Zanele Mokoena,University of the Witwatersrand,Arts,4,40.0,45.0,1,0,80,HIGH
NSFAS003182,Themba Mkhize,University of Johannesburg,Commerce,3,40.24,59.0,3,1,100,HIGH
NSFAS003183,Mpho Mthethwa,University of the Free State,Arts,1,52.23,85.0,0,5,0,LOW
NSFAS003184,Lindiwe Mthethwa,University of Johannesburg,Science,4,40.0,24.0,2,2,80,HIGH
NSFAS003185,Mpho Mahlangu,University of the Witwatersrand,Science,3,90.5,76.0,1,4,0,LOW
NSFAS003186,Busisiwe Molefe,University of KwaZulu-Natal,Law,2,48.55,58.0,3,4,100,HIGH
NSFAS003187,Thabo Molefe,North-West University,Law,1,49.35,27.0,4,0,100,HIGH
NSFAS003188,Busisiwe Mkhize,University of Pretoria,Engineering,1,67.59,58.0,3,5,60,HIGH
NSFAS003189,Tshepo Mokoena,University of the Witwatersrand,Arts,4,49.0,30.0,4,5,100,HIGH
NSFAS003190,Phumzile Molefe,University of Johannesburg,Arts,4,92.83,85.0,1,5,0,LOW
NSFAS003191,Sipho Mahlangu,University of KwaZulu-Natal,Engineering,1,47.54,33.0,2,5,80,HIGH
NSFAS003192,Nokuthula Khumalo,University of Pretoria,Engineering,2,68.97,85.0,0,1,0,LOW
NSFAS003193,Sibusiso Mabaso,University of the Free State,Law,4,49.85,39.0,3,1,100,HIGH
NSFAS003194,Lerato Mthethwa,University of Stellenbosch,Arts,2,75.0,95.0,1,1,0,LOW
NSFAS003195,Thabo Mthembu,University of KwaZulu-Natal,Education,4,56.67,68.0,0,0,40,MEDIUM
NSFAS003196,Thabo Mokoena,University of Pretoria,Education,1,30.0,40.0,4,3,100,HIGH
NSFAS003197,Busisiwe Mabaso,University of Pretoria,Science,2,52.21,84.0,1,3,0,LOW
NSFAS003198,Thabo Zulu,North-West University,Arts,4,75.0,95.0,1,4,0,LOW
NSFAS003199,Thabo Molefe,University of Johannesburg,Law,4,75.0,78.0,0,4,0,LOW
NSFAS003200,Sibusiso Zulu,University of Pretoria,Engineering,2,75.59,95.0,0,2,0,LOW
NSFAS003201,Thabo Nkosi,North-West University,Education,3,40.0,56.0,2,4,80,HIGH
NSFAS003202,Busisiwe Khumalo,University of Cape Town,Law,1,40.0,28.0,3,5,100,HIGH
NSFAS003203,Busisiwe Mkhize,University of the Witwatersrand,Science,1,61.67,75.0,1,5,0,LOW
NSFAS003204,Tshepo Mthethwa,University of Johannesburg,Law,4,40.0,26.0,4,3,100,HIGH
NSFAS003205,Sibusiso Molefe,University of the Free State,Arts,1,68.71,73.0,1,3,0,LOW
NSFAS003206,Sibusiso Mokoena,University of Stellenbosch,Arts,1,40.0,58.0,2,1,80,HIGH
NSFAS003207,Nokuthula Dlamini,University of Pretoria,Science,1,66.83,60.0,0,1,40,MEDIUM
NSFAS003208,Themba Mokoena,University of the Witwatersrand,Science,1,40.0,20.0,2,1,80,HIGH
NSFAS003209,Andile Mkhize,University of KwaZulu-Natal,Arts,4,49.9,35.0,4,4,100,HIGH
NSFAS003210,Nokuthula Nkosi,North-West University,Arts,1,40.0,43.0,3,3,100,HIGH
NSFAS003211,Sibusiso Nkosi,University of the Witwatersrand,Engineering,4,59.4,75.0,0,3,0,LOW
NSFAS003212,Nomsa Nkosi,University of the Witwatersrand,Arts,4,40.0,61.0,3,1,100,HIGH
NSFAS003213,Lindiwe Mthethwa,University of KwaZulu-Natal,Education,3,40.0,33.0,2,0,80,HIGH
NSFAS003214,Sibusiso Mhlongo,North-West University,Science,1,75.0,82.0,1,1,0,LOW
NSFAS003215,Phumzile Mhlongo,University of Cape Town,Education,2,40.0,45.0,1,3,80,HIGH
NSFAS003216,Andile Mokoena,University of Johannesburg,Education,1,30.33,26.0,1,1,80,HIGH
NSFAS003217,Mpho Ngcobo,University of Stellenbosch,Arts,3,30.0,21.0,3,3,100,HIGH
NSFAS003218,Lerato Khumalo,University of Johannesburg,Engineering,1,46.33,63.0,1,2,80,HIGH
NSFAS003219,Lerato Mthembu,University of the Witwatersrand,Arts,2,40.0,21.0,3,2,100,HIGH
NSFAS003220,Thabo Mahlangu,University of KwaZulu-Natal,Engineering,4,59.9,58.0,1,3,40,MEDIUM
NSFAS003221,Lerato Dlamini,North-West University,Arts,1,70.97,93.0,1,2,0,LOW
NSFAS003222,Nokuthula Mkhize,University of KwaZulu-Natal,Education,3,49.0,54.0,2,0,80,HIGH
NSFAS003223,Andile Mkhize,North-West University,Commerce,2,47.61,25.0,1,2,80,HIGH
NSFAS003224,Busisiwe Zulu,University of Cape Town,Science,4,46.95,47.0,3,5,100,HIGH
NSFAS003225,Sipho Mthembu,University of Johannesburg,Commerce,3,74.17,75.0,0,3,0,LOW
NSFAS003226,Kagiso Mthethwa,University of Pretoria,Commerce,4,30.0,21.0,3,0,100,HIGH
NSFAS003227,Busisiwe Zulu,University of the Witwatersrand,Commerce,4,30.0,56.0,2,3,80,HIGH
NSFAS003228,Lerato Mokoena,University of Johannesburg,Science,3,73.09,87.0,1,3,0,LOW
NSFAS003229,Themba Mhlongo,University of Pretoria,Arts,1,40.0,51.0,1,1,80,HIGH
NSFAS003230,Sibusiso Zulu,University of Cape Town,Arts,1,59.25,59.0,4,3,60,HIGH
NSFAS003231,Andile Mokoena,University of Stellenbosch,Arts,2,40.0,20.0,3,2,100,HIGH
NSFAS003232,Lerato Khumalo,University of the Free State,Commerce,4,40.0,27.0,3,2,100,HIGH
NSFAS003233,Sibusiso Mahlangu,University of Cape Town,Law,1,69.92,78.0,0,3,0,LOW
NSFAS003234,Thabo Molefe,University of Cape Town,Science,3,75.0,81.0,0,5,0,LOW
NSFAS003235,Zanele Mhlongo,University of the Free State,Commerce,1,51.01,80.0,0,2,0,LOW
NSFAS003236,Kagiso Mthethwa,University of KwaZulu-Natal,Commerce,3,67.54,73.0,1,0,0,LOW
NSFAS003237,Lindiwe Mthethwa,North-West University,Science,1,75.0,78.0,0,5,0,LOW
NSFAS003238,Tshepo Nkosi,University of Stellenbosch,Law,4,30.0,32.0,1,0,80,HIGH
NSFAS003239,Nomsa Mhlongo,University of Johannesburg,Commerce,4,30.0,46.0,4,3,100,HIGH
NSFAS003240,Sipho Mthethwa,University of the Free State,Commerce,2,69.83,68.0,1,0,40,MEDIUM
NSFAS003241,Thabo Mokoena,University of Stellenbosch,Science,3,30.64,50.0,4,3,100,HIGH
NSFAS003242,Sibusiso Mabaso,University of the Free State,Arts,3,30.0,64.0,4,4,100,HIGH
NSFAS003243,Sipho Khumalo,University of KwaZulu-Natal,Science,2,40.0,38.0,2,4,80,HIGH
NSFAS003244,Andile Molefe,University of the Witwatersrand,Commerce,3,57.54,58.0,4,1,60,HIGH
NSFAS003245,Andile Mthethwa,University of Stellenbosch,Engineering,1,75.0,95.0,0,3,0,LOW
NSFAS003246,Kagiso Ngcobo,University of the Free State,Science,2,75.0,78.0,0,3,0,LOW
NSFAS003247,Thabo Mabaso,University of the Free State,Law,1,40.0,31.0,2,5,80,HIGH
NSFAS003248,Phumzile Mthethwa,University of KwaZulu-Natal,Arts,1,75.0,95.0,1,2,0,LOW
NSFAS003249,Thabo Mabaso,University of the Free State,Law,1,43.83,20.0,4,1,100,HIGH
NSFAS003250,Nomsa Mokoena,University of the Free State,Law,2,40.0,37.0,4,3,100,HIGH
NSFAS003251,Phumzile Molefe,University of Pretoria,Engineering,1,40.0,30.0,1,1,80,HIGH
NSFAS003252,Sibusiso Mhlongo,North-West University,Engineering,2,36.04,25.0,2,5,80,HIGH
NSFAS003253,Busisiwe Mhlongo,University of Johannesburg,Engineering,1,40.0,61.0,2,3,80,HIGH
NSFAS003254,Lerato Mhlongo,University of Cape Town,Science,1,75.0,88.0,0,0,0,LOW
NSFAS003255,Nomsa Mokoena,University of the Witwatersrand,Commerce,2,68.23,79.0,0,0,0,LOW
NSFAS003256,Themba Mhlongo,University of Pretoria,Law,2,68.98,58.0,3,2,60,HIGH
NSFAS003257,Themba Khumalo,University of Pretoria,Science,4,75.0,95.0,1,3,0,LOW
NSFAS003258,Mpho Mabaso,University of the Free State,Arts,1,40.0,25.0,3,2,100,HIGH
NSFAS003259,Thabo Mthembu,University of Johannesburg,Science,3,40.0,35.0,1,0,80,HIGH
NSFAS003260,Nokuthula Mabaso,University of Stellenbosch,Law,4,40.0,27.0,2,2,80,HIGH
NSFAS003261,Thabo Mabaso,University of the Witwatersrand,Engineering,3,40.0,53.0,2,3,80,HIGH
NSFAS003262,Tshepo Mkhize,University of Pretoria,Science,2,56.96,56.0,4,2,60,HIGH
NSFAS003263,Phumzile Zulu,University of Stellenbosch,Education,1,69.93,85.0,0,0,0,LOW
NSFAS003264,Phumzile Mkhize,University of the Free State,Science,1,48.68,33.0,4,1,100,HIGH
NSFAS003265,Andile Dlamini,University of KwaZulu-Natal,Science,1,75.0,90.0,0,3,0,LOW
NSFAS003266,Lindiwe Mhlongo,University of KwaZulu-Natal,Law,4,39.6,29.0,4,5,100,HIGH
NSFAS003267,Sipho Molefe,University of KwaZulu-Natal,Law,4,60.48,81.0,0,0,0,LOW
NSFAS003268,Themba Mabaso,University of Pretoria,Science,3,40.24,45.0,4,0,100,HIGH
NSFAS003269,Busisiwe Mthethwa,University of KwaZulu-Natal,Commerce,2,65.25,64.0,0,1,40,MEDIUM
NSFAS003270,Thabo Mthembu,University of Pretoria,Law,4,95.0,88.0,1,0,0,LOW
NSFAS003271,Phumzile Zulu,North-West University,Science,1,40.0,22.0,2,1,80,HIGH
NSFAS003272,Mpho Mthethwa,University of Johannesburg,Law,3,45.52,59.0,2,2,80,HIGH
NSFAS003273,Andile Dlamini,University of Stellenbosch,Commerce,1,40.0,21.0,3,2,100,HIGH
NSFAS003274,Nokuthula Nkosi,University of KwaZulu-Natal,Arts,3,58.61,64.0,1,1,40,MEDIUM
NSFAS003275,Zanele Nkosi,North-West University,Engineering,2,64.91,75.0,1,3,0,LOW
NSFAS003276,Lindiwe Mokoena,University of KwaZulu-Natal,Law,2,50.65,83.0,1,4,0,LOW
NSFAS003277,Andile Molefe,University of the Witwatersrand,Science,2,73.45,79.0,1,1,0,LOW
NSFAS003278,Lerato Mthethwa,University of the Free State,Commerce,4,75.0,92.0,0,4,0,LOW
NSFAS003279,Thabo Mthethwa,University of the Witwatersrand,Arts,2,63.38,75.0,1,3,0,LOW
NSFAS003280,Kagiso Mabaso,University of Pretoria,Education,1,75.0,87.0,0,2,0,LOW
NSFAS003281,Nomsa Khumalo,University of KwaZulu-Natal,Arts,1,40.0,54.0,2,1,80,HIGH
NSFAS003282,Busisiwe Mthethwa,University of the Witwatersrand,Commerce,3,66.15,76.0,1,5,0,LOW
NSFAS003283,Phumzile Ngcobo,University of the Witwatersrand,Arts,3,40.0,55.0,2,2,80,HIGH
NSFAS003284,Sipho Zulu,University of Cape Town,Science,1,75.0,95.0,0,1,0,LOW
NSFAS003285,Nomsa Mabaso,University of Cape Town,Education,1,70.09,79.0,0,3,0,LOW
NSFAS003286,Busisiwe Mthethwa,North-West University,Arts,3,75.0,90.0,1,0,0,LOW
NSFAS003287,Zanele Zulu,University of the Free State,Commerce,2,51.58,76.0,1,2,0,LOW
NSFAS003288,Zanele Mabaso,University of KwaZulu-Natal,Commerce,4,44.41,22.0,4,0,100,HIGH
NSFAS003289,Thabo Mhlongo,University of the Free State,Engineering,4,75.0,82.0,0,4,0,LOW
NSFAS003290,Zanele Mthethwa,University of Stellenbosch,Law,4,57.78,60.0,1,2,40,MEDIUM
NSFAS003291,Kagiso Mabaso,North-West University,Arts,2,65.88,71.0,0,0,0,LOW
NSFAS003292,Nokuthula Mabaso,North-West University,Arts,3,56.5,62.0,0,5,40,MEDIUM
NSFAS003293,Nokuthula Dlamini,University of Stellenbosch,Science,2,75.0,83.0,0,0,0,LOW
NSFAS003294,Sipho Zulu,University of the Witwatersrand,Education,1,40.0,62.0,1,0,80,HIGH
NSFAS003295,Zanele Ngcobo,University of the Witwatersrand,Science,2,40.0,36.0,2,0,80,HIGH
NSFAS003296,Sipho Mhlongo,University of Pretoria,Commerce,1,30.0,49.0,4,2,100,HIGH
NSFAS003297,Nomsa Mahlangu,University of Cape Town,Arts,4,62.62,72.0,0,3,0,LOW
NSFAS003298,Andile Mthethwa,University of KwaZulu-Natal,Law,4,75.0,91.0,0,4,0,LOW
NSFAS003299,Nokuthula Ngcobo,University of the Witwatersrand,Science,1,42.28,58.0,2,5,80,HIGH
NSFAS003300,Nomsa Nkosi,North-West University,Engineering,4,43.43,56.0,2,3,80,HIGH
NSFAS003301,Tshepo Mokoena,University of Stellenbosch,Commerce,2,75.0,85.0,0,0,0,LOW
NSFAS003302,Phumzile Mabaso,University of the Free State,Law,1,75.0,88.0,0,2,0,LOW
NSFAS003303,Zanele Khumalo,University of Johannesburg,Commerce,1,75.0,92.0,0,0,0,LOW
NSFAS003304,Themba Khumalo,University of Johannesburg,Science,1,55.02,70.0,1,4,0,LOW
NSFAS003305,Lindiwe Dlamini,University of Johannesburg,Science,1,75.0,91.0,1,5,0,LOW
NSFAS003306,Phumzile Mabaso,North-West University,Science,1,75.0,84.0,0,2,0,LOW
NSFAS003307,Sipho Mthethwa,North-West University,Law,3,40.0,54.0,4,0,100,HIGH
NSFAS003308,Sibusiso Mokoena,University of the Free State,Education,2,62.16,61.0,1,2,40,MEDIUM
NSFAS003309,Busisiwe Khumalo,University of the Witwatersrand,Commerce,3,40.0,44.0,4,5,100,HIGH
NSFAS003310,Nomsa Mkhize,University of Pretoria,Commerce,1,65.39,84.0,0,0,0,LOW
NSFAS003311,Busisiwe Mokoena,University of the Free State,Law,1,60.28,65.0,1,5,40,MEDIUM
NSFAS003312,Lerato Mabaso,University of the Free State,Education,3,41.49,41.0,4,1,100,HIGH
NSFAS003313,Phumzile Ngcobo,University of Pretoria,Science,4,49.0,53.0,3,1,100,HIGH
NSFAS003314,Busisiwe Mthethwa,North-West University,Law,3,44.09,48.0,3,0,100,HIGH
NSFAS003315,Lindiwe Mahlangu,University of KwaZulu-Natal,Engineering,4,40.0,20.0,1,1,80,HIGH
NSFAS003316,Zanele Mthembu,University of KwaZulu-Natal,Science,1,30.0,46.0,3,1,100,HIGH
NSFAS003317,Busisiwe Mkhize,University of Stellenbosch,Education,2,42.37,28.0,4,0,100,HIGH
NSFAS003318,Lerato Mkhize,University of Stellenbosch,Education,3,30.0,59.0,3,4,100,HIGH
NSFAS003319,Zanele Mhlongo,University of the Witwatersrand,Commerce,2,44.33,58.0,4,5,100,HIGH
NSFAS003320,Nomsa Ngcobo,University of the Witwatersrand,Science,2,71.21,95.0,1,0,0,LOW
NSFAS003321,Andile Mthethwa,University of the Free State,Law,3,75.0,92.0,0,1,0,LOW
NSFAS003322,Phumzile Molefe,University of the Witwatersrand,Education,4,75.0,95.0,0,2,0,LOW
NSFAS003323,Thabo Mhlongo,University of the Witwatersrand,Commerce,4,49.53,29.0,4,1,100,HIGH
NSFAS003324,Nomsa Dlamini,North-West University,Arts,4,52.92,56.0,2,2,40,MEDIUM
NSFAS003325,Sipho Mthethwa,University of KwaZulu-Natal,Education,3,75.0,91.0,1,3,0,LOW
NSFAS003326,Andile Mkhize,University of Johannesburg,Education,4,75.0,95.0,0,1,0,LOW
NSFAS003327,Andile Molefe,University of Johannesburg,Law,3,68.08,83.0,1,2,0,LOW
NSFAS003328,Kagiso Mabaso,University of Stellenbosch,Commerce,4,40.0,45.0,2,0,80,HIGH
NSFAS003329,Nomsa Mahlangu,University of the Witwatersrand,Arts,3,75.0,95.0,1,0,0,LOW
NSFAS003330,Kagiso Dlamini,University of KwaZulu-Natal,Law,4,30.0,26.0,2,2,80,HIGH
NSFAS003331,Lindiwe Zulu,University of Cape Town,Science,4,70.77,86.0,1,2,0,LOW
NSFAS003332,Phumzile Mthembu,University of Johannesburg,Engineering,1,55.34,65.0,1,3,40,MEDIUM
NSFAS003333,Nokuthula Nkosi,University of Pretoria,Law,4,40.0,54.0,4,5,100,HIGH
NSFAS003334,Themba Mabaso,North-West University,Commerce,2,40.0,61.0,1,1,80,HIGH
NSFAS003335,Zanele Mthembu,University of Pretoria,Engineering,4,56.46,59.0,2,4,40,MEDIUM
NSFAS003336,Lerato Nkosi,University of Cape Town,Science,2,67.23,61.0,1,2,40,MEDIUM
NSFAS003337,Zanele Mokoena,University of Stellenbosch,Arts,3,39.06,50.0,2,3,80,HIGH
NSFAS003338,Busisiwe Molefe,University of the Free State,Science,2,40.0,41.0,1,2,80,HIGH
NSFAS003339,Andile Ngcobo,University of the Witwatersrand,Law,3,40.0,38.0,1,0,80,HIGH
NSFAS003340,Sipho Zulu,University of Stellenbosch,Engineering,4,73.06,84.0,1,5,0,LOW
NSFAS003341,Thabo Nkosi,University of the Witwatersrand,Engineering,4,53.82,82.0,0,3,0,LOW
NSFAS003342,Tshepo Mthethwa,University of Stellenbosch,Engineering,4,75.0,95.0,1,3,0,LOW
NSFAS003343,Nomsa Ngcobo,University of Cape Town,Arts,1,40.0,63.0,3,3,100,HIGH
NSFAS003344,Phumzile Zulu,University of the Witwatersrand,Arts,4,40.0,32.0,1,0,80,HIGH
NSFAS003345,Themba Mabaso,North-West University,Commerce,3,40.64,39.0,3,0,100,HIGH
NSFAS003346,Tshepo Mkhize,North-West University,Science,3,75.0,87.0,0,1,0,LOW
NSFAS003347,Nokuthula Khumalo,University of Stellenbosch,Law,1,30.0,27.0,1,1,80,HIGH
NSFAS003348,Phumzile Molefe,University of the Free State,Arts,2,49.64,39.0,4,2,100,HIGH
NSFAS003349,Mpho Mhlongo,North-West University,Arts,3,40.0,35.0,1,4,80,HIGH
NSFAS003350,Mpho Mkhize,University of KwaZulu-Natal,Commerce,2,95.0,84.0,1,2,0,LOW
NSFAS003351,Nomsa Dlamini,University of Stellenbosch,Commerce,4,75.0,87.0,1,1,0,LOW
NSFAS003352,Tshepo Dlamini,University of the Witwatersrand,Science,2,75.0,95.0,1,0,0,LOW
NSFAS003353,Lerato Mthembu,North-West University,Education,1,30.0,46.0,2,1,80,HIGH
NSFAS003354,Nomsa Zulu,North-West University,Science,2,58.51,59.0,1,3,40,MEDIUM
NSFAS003355,Themba Mthembu,University of Pretoria,Law,4,50.96,61.0,1,1,40,MEDIUM
NSFAS003356,Andile Mthembu,University of Cape Town,Engineering,4,51.7,85.0,1,2,0,LOW
NSFAS003357,Sipho Nkosi,University of the Free State,Law,3,61.07,80.0,1,0,0,LOW
NSFAS003358,Sibusiso Molefe,University of Stellenbosch,Law,3,50.5,66.0,0,0,40,MEDIUM
NSFAS003359,Zanele Ngcobo,University of Pretoria,Education,3,40.0,30.0,1,2,80,HIGH
NSFAS003360,Themba Mahlangu,University of Cape Town,Arts,3,40.0,55.0,1,0,80,HIGH
NSFAS003361,Phumzile Khumalo,University of Cape Town,Commerce,2,30.0,42.0,4,5,100,HIGH
NSFAS003362,Thabo Mthembu,University of the Witwatersrand,Law,1,68.22,55.0,4,2,60,HIGH
NSFAS003363,Mpho Mokoena,University of the Free State,Science,4,44.26,57.0,3,4,100,HIGH
NSFAS003364,Tshepo Dlamini,University of Johannesburg,Education,4,40.0,65.0,2,5,80,HIGH
NSFAS003365,Lindiwe Zulu,University of Cape Town,Commerce,1,75.0,95.0,1,4,0,LOW
NSFAS003366,Phumzile Mokoena,University of KwaZulu-Natal,Commerce,4,40.0,60.0,2,3,80,HIGH
NSFAS003367,Themba Ngcobo,University of the Witwatersrand,Engineering,3,33.44,26.0,2,1,80,HIGH
NSFAS003368,Phumzile Mokoena,University of Johannesburg,Arts,2,41.77,26.0,2,3,80,HIGH
NSFAS003369,Zanele Dlamini,University of the Free State,Science,2,40.0,0.0,1,5,80,HIGH
NSFAS003370,Busisiwe Nkosi,University of Stellenbosch,Engineering,1,40.0,58.0,3,3,100,HIGH
NSFAS003371,Busisiwe Khumalo,University of the Free State,Science,4,49.0,0.0,1,2,80,HIGH
NSFAS003372,Tshepo Mokoena,University of Pretoria,Science,4,40.0,53.0,3,3,100,HIGH
NSFAS003373,Andile Mhlongo,North-West University,Commerce,1,30.0,39.0,2,0,80,HIGH
NSFAS003374,Andile Zulu,University of KwaZulu-Natal,Arts,2,75.0,83.0,1,5,0,LOW
NSFAS003375,Lerato Mkhize,University of the Witwatersrand,Arts,2,30.0,52.0,4,5,100,HIGH
NSFAS003376,Tshepo Mhlongo,University of Stellenbosch,Education,3,75.0,78.0,1,2,0,LOW
NSFAS003377,Busisiwe Mkhize,University of the Free State,Engineering,4,53.43,78.0,1,4,0,LOW
NSFAS003378,Andile Mhlongo,University of the Witwatersrand,Arts,2,40.0,60.0,3,2,100,HIGH
NSFAS003379,Nomsa Mokoena,University of the Witwatersrand,Law,2,59.95,83.0,0,3,0,LOW
NSFAS003380,Phumzile Nkosi,University of the Free State,Science,1,49.0,50.0,1,0,80,HIGH
NSFAS003381,Lindiwe Dlamini,University of KwaZulu-Natal,Engineering,1,33.37,55.0,3,1,100,HIGH
NSFAS003382,Andile Mthembu,University of Cape Town,Arts,2,40.0,31.0,3,5,100,HIGH
NSFAS003383,Sibusiso Mkhize,University of Cape Town,Engineering,1,38.49,63.0,2,4,80,HIGH
NSFAS003384,Tshepo Khumalo,University of KwaZulu-Natal,Law,2,40.0,64.0,4,1,100,HIGH
NSFAS003385,Thabo Mokoena,University of Pretoria,Education,2,30.0,47.0,2,5,80,HIGH
NSFAS003386,Sipho Molefe,University of Stellenbosch,Education,3,40.0,62.0,4,0,100,HIGH
NSFAS003387,Andile Dlamini,University of the Witwatersrand,Arts,1,40.0,58.0,2,0,80,HIGH
NSFAS003388,Nomsa Molefe,University of Pretoria,Law,1,46.91,33.0,4,1,100,HIGH
NSFAS003389,Lerato Mkhize,University of the Free State,Commerce,3,30.0,31.0,4,2,100,HIGH
NSFAS003390,Phumzile Mhlongo,University of Cape Town,Arts,4,75.0,77.0,0,4,0,LOW
NSFAS003391,Busisiwe Mthethwa,North-West University,Engineering,1,57.83,56.0,2,1,40,MEDIUM
NSFAS003392,Mpho Mabaso,University of Pretoria,Arts,3,66.7,84.0,0,5,0,LOW
NSFAS003393,Sibusiso Dlamini,University of Cape Town,Arts,4,57.37,75.0,1,4,0,LOW
NSFAS003394,Andile Ngcobo,University of the Free State,Engineering,3,75.0,76.0,1,1,0,LOW
NSFAS003395,Kagiso Mkhize,University of KwaZulu-Natal,Law,2,75.0,95.0,0,3,0,LOW
NSFAS003396,Phumzile Mthembu,University of the Witwatersrand,Arts,4,40.0,45.0,4,2,100,HIGH
NSFAS003397,Lerato Nkosi,University of the Free State,Science,3,75.0,83.0,0,4,0,LOW
NSFAS003398,Thabo Mokoena,University of Cape Town,Engineering,4,77.64,91.0,0,0,0,LOW
NSFAS003399,Andile Mokoena,University of KwaZulu-Natal,Science,4,40.0,63.0,2,3,80,HIGH
NSFAS003400,Themba Molefe,University of Johannesburg,Arts,4,61.23,64.0,0,3,40,MEDIUM
NSFAS003401,Lindiwe Molefe,University of Pretoria,Engineering,4,50.33,69.0,1,0,40,MEDIUM
NSFAS003402,Nomsa Mthembu,University of Stellenbosch,Law,1,40.0,23.0,1,3,80,HIGH
NSFAS003403,Themba Mthethwa,North-West University,Engineering,2,75.0,87.0,0,1,0,LOW
NSFAS003404,Nokuthula Mkhize,University of the Witwatersrand,Law,4,95.0,83.0,1,4,0,LOW
NSFAS003405,Thabo Mahlangu,University of Pretoria,Engineering,2,40.0,41.0,3,1,100,HIGH
NSFAS003406,Busisiwe Mokoena,University of the Free State,Science,3,75.0,85.0,1,0,0,LOW
NSFAS003407,Nokuthula Mahlangu,University of the Witwatersrand,Education,4,75.0,90.0,0,0,0,LOW
NSFAS003408,Kagiso Mahlangu,University of KwaZulu-Natal,Education,4,61.83,84.0,1,2,0,LOW
NSFAS003409,Nomsa Mabaso,University of Stellenbosch,Education,2,40.0,57.0,3,5,100,HIGH
NSFAS003410,Lerato Khumalo,University of Pretoria,Education,1,40.0,38.0,2,1,80,HIGH
NSFAS003411,Nokuthula Ngcobo,University of KwaZulu-Natal,Engineering,3,40.0,62.0,4,1,100,HIGH
NSFAS003412,Themba Mthethwa,University of Pretoria,Law,2,40.0,64.0,4,2,100,HIGH
NSFAS003413,Busisiwe Nkosi,University of the Free State,Arts,4,40.0,0.0,4,4,100,HIGH
NSFAS003414,Themba Dlamini,University of the Witwatersrand,Arts,2,75.0,81.0,1,4,0,LOW
NSFAS003415,Zanele Mthembu,University of Stellenbosch,Arts,2,57.26,57.0,4,2,60,HIGH
NSFAS003416,Thabo Mokoena,University of KwaZulu-Natal,Commerce,2,63.07,71.0,1,2,0,LOW
NSFAS003417,Sipho Mthembu,University of Johannesburg,Arts,1,40.0,51.0,2,0,80,HIGH
NSFAS003418,Andile Khumalo,University of Cape Town,Science,4,45.32,23.0,4,4,100,HIGH
NSFAS003419,Nokuthula Mthembu,North-West University,Commerce,4,75.0,91.0,0,1,0,LOW
NSFAS003420,Themba Mahlangu,University of the Witwatersrand,Education,1,48.4,44.0,1,3,80,HIGH
NSFAS003421,Nomsa Mthethwa,University of Cape Town,Science,1,50.25,79.0,1,1,0,LOW
NSFAS003422,Mpho Mahlangu,University of the Witwatersrand,Law,4,75.0,95.0,0,2,0,LOW
NSFAS003423,Lindiwe Mokoena,University of KwaZulu-Natal,Science,3,40.0,35.0,4,3,100,HIGH
NSFAS003424,Kagiso Mahlangu,University of KwaZulu-Natal,Education,2,49.15,0.0,1,4,80,HIGH
NSFAS003425,Themba Mabaso,University of Johannesburg,Commerce,3,30.0,46.0,3,2,100,HIGH
NSFAS003426,Kagiso Mthembu,University of Johannesburg,Arts,1,58.39,79.0,1,3,0,LOW
NSFAS003427,Busisiwe Mthembu,University of the Free State,Engineering,1,75.0,79.0,1,0,0,LOW
NSFAS003428,Phumzile Khumalo,University of Johannesburg,Arts,3,53.0,77.0,0,5,0,LOW
NSFAS003429,Lerato Khumalo,University of Stellenbosch,Education,3,40.0,58.0,4,4,100,HIGH
NSFAS003430,Lindiwe Zulu,University of Stellenbosch,Arts,2,73.36,82.0,0,2,0,LOW
NSFAS003431,Sipho Zulu,University of Stellenbosch,Commerce,2,64.63,69.0,0,1,40,MEDIUM
NSFAS003432,Kagiso Mahlangu,University of KwaZulu-Natal,Science,3,75.0,92.0,0,0,0,LOW
NSFAS003433,Tshepo Dlamini,North-West University,Commerce,4,53.36,72.0,1,4,0,LOW
NSFAS003434,Nomsa Molefe,University of Pretoria,Arts,4,54.49,56.0,4,3,60,HIGH
NSFAS003435,Lerato Dlamini,University of Cape Town,Law,4,40.0,33.0,1,0,80,HIGH
NSFAS003436,Phumzile Khumalo,University of Cape Town,Law,1,40.0,24.0,4,1,100,HIGH
NSFAS003437,Mpho Ngcobo,University of Johannesburg,Education,3,74.43,90.0,0,4,0,LOW
NSFAS003438,Mpho Mkhize,North-West University,Education,2,75.0,79.0,1,4,0,LOW
NSFAS003439,Phumzile Zulu,University of Johannesburg,Law,2,70.53,95.0,0,0,0,LOW
NSFAS003440,Busisiwe Mabaso,University of Johannesburg,Arts,4,40.0,36.0,1,5,80,HIGH
NSFAS003441,Andile Mhlongo,University of KwaZulu-Natal,Science,4,75.0,95.0,0,1,0,LOW
NSFAS003442,Nokuthula Mthethwa,University of the Free State,Science,1,32.02,56.0,2,3,80,HIGH
NSFAS003443,Mpho Nkosi,University of Pretoria,Education,2,75.0,92.0,0,0,0,LOW
NSFAS003444,Sipho Mahlangu,University of the Witwatersrand,Commerce,3,75.0,95.0,1,5,0,LOW
NSFAS003445,Tshepo Nkosi,University of Stellenbosch,Education,3,40.0,49.0,3,3,100,HIGH
NSFAS003446,Sipho Mahlangu,University of Cape Town,Law,4,40.0,55.0,1,4,80,HIGH
NSFAS003447,Thabo Zulu,University of Pretoria,Engineering,4,45.45,34.0,1,3,80,HIGH
NSFAS003448,Lindiwe Mabaso,North-West University,Law,2,49.0,61.0,1,0,80,HIGH
NSFAS003449,Sipho Mthembu,North-West University,Arts,3,40.0,62.0,3,0,100,HIGH
NSFAS003450,Lindiwe Zulu,University of the Free State,Science,2,44.29,52.0,3,5,100,HIGH
NSFAS003451,Busisiwe Mthembu,University of the Free State,Education,4,75.0,89.0,0,1,0,LOW
NSFAS003452,Nokuthula Mhlongo,University of Cape Town,Law,3,40.0,50.0,1,0,80,HIGH
NSFAS003453,Lerato Ngcobo,University of Pretoria,Education,1,40.0,53.0,1,1,80,HIGH
NSFAS003454,Sipho Mabaso,University of Pretoria,Commerce,3,66.74,71.0,0,4,0,LOW
NSFAS003455,Lindiwe Zulu,University of Cape Town,Engineering,2,68.02,62.0,0,0,40,MEDIUM
NSFAS003456,Phumzile Mhlongo,University of the Witwatersrand,Science,4,40.0,49.0,2,2,80,HIGH
NSFAS003457,Zanele Ngcobo,University of Pretoria,Commerce,2,62.21,80.0,0,3,0,LOW
NSFAS003458,Zanele Zulu,University of Stellenbosch,Education,4,49.0,34.0,2,1,80,HIGH
NSFAS003459,Themba Mahlangu,North-West University,Engineering,4,66.87,56.0,1,3,40,MEDIUM
NSFAS003460,Zanele Zulu,North-West University,Law,1,49.66,58.0,1,5,80,HIGH
NSFAS003461,Nomsa Ngcobo,University of Stellenbosch,Arts,4,49.0,51.0,2,3,80,HIGH
NSFAS003462,Lerato Mhlongo,University of Johannesburg,Engineering,2,40.0,61.0,4,0,100,HIGH
NSFAS003463,Nokuthula Mokoena,University of Johannesburg,Law,1,49.0,60.0,1,5,80,HIGH
NSFAS003464,Lindiwe Mhlongo,North-West University,Arts,1,46.49,40.0,3,0,100,HIGH
NSFAS003465,Lindiwe Ngcobo,University of Johannesburg,Law,2,40.7,55.0,1,3,80,HIGH
NSFAS003466,Mpho Mokoena,North-West University,Science,2,30.0,42.0,4,1,100,HIGH
NSFAS003467,Kagiso Dlamini,University of Johannesburg,Arts,2,73.42,95.0,1,3,0,LOW
NSFAS003468,Lindiwe Mthethwa,University of Johannesburg,Engineering,2,40.0,45.0,1,5,80,HIGH
NSFAS003469,Lindiwe Zulu,North-West University,Engineering,1,66.63,60.0,0,5,40,MEDIUM
NSFAS003470,Kagiso Nkosi,North-West University,Science,4,55.66,71.0,0,5,0,LOW
NSFAS003471,Sipho Mthethwa,University of the Witwatersrand,Engineering,3,75.0,95.0,1,3,0,LOW
NSFAS003472,Lindiwe Mkhize,North-West University,Engineering,1,32.44,29.0,1,5,80,HIGH
NSFAS003473,Tshepo Zulu,University of the Free State,Commerce,1,40.0,25.0,2,1,80,HIGH
NSFAS003474,Phumzile Mokoena,University of the Free State,Engineering,3,75.0,88.0,0,3,0,LOW
NSFAS003475,Nokuthula Khumalo,University of the Free State,Arts,4,75.0,76.0,1,3,0,LOW
NSFAS003476,Sibusiso Dlamini,University of Stellenbosch,Arts,1,64.18,63.0,0,0,40,MEDIUM
NSFAS003477,Themba Mahlangu,University of the Witwatersrand,Science,2,74.34,80.0,1,5,0,LOW
NSFAS003478,Busisiwe Mahlangu,University of Stellenbosch,Arts,4,30.0,54.0,1,2,80,HIGH
NSFAS003479,Sibusiso Mthethwa,University of Stellenbosch,Law,3,75.0,84.0,1,4,0,LOW
NSFAS003480,Phumzile Mokoena,University of Stellenbosch,Arts,1,40.0,24.0,1,4,80,HIGH
NSFAS003481,Busisiwe Molefe,University of Cape Town,Science,1,40.53,40.0,2,2,80,HIGH
NSFAS003482,Lerato Mthembu,University of Johannesburg,Law,1,64.2,70.0,1,4,0,LOW
NSFAS003483,Nomsa Nkosi,University of the Witwatersrand,Science,2,30.0,37.0,2,3,80,HIGH
NSFAS003484,Themba Molefe,University of Johannesburg,Law,2,49.0,28.0,1,4,80,HIGH
NSFAS003485,Kagiso Mhlongo,North-West University,Law,2,52.62,62.0,1,2,40,MEDIUM
NSFAS003486,Tshepo Mokoena,University of the Witwatersrand,Law,3,40.0,25.0,2,2,80,HIGH
NSFAS003487,Themba Zulu,University of Cape Town,Arts,3,69.11,68.0,0,2,40,MEDIUM
NSFAS003488,Lerato Ngcobo,University of Stellenbosch,Law,1,40.0,22.0,3,3,100,HIGH
NSFAS003489,Sipho Khumalo,University of Johannesburg,Law,3,40.0,30.0,3,0,100,HIGH
NSFAS003490,Nomsa Mhlongo,University of Stellenbosch,Commerce,2,30.0,50.0,4,2,100,HIGH
NSFAS003491,Themba Mkhize,University of Cape Town,Engineering,1,71.6,78.0,0,5,0,LOW
NSFAS003492,Kagiso Molefe,University of Johannesburg,Engineering,2,40.0,61.0,1,2,80,HIGH
NSFAS003493,Sipho Mkhize,University of the Free State,Science,1,40.0,32.0,1,3,80,HIGH
NSFAS003494,Lindiwe Dlamini,University of the Free State,Law,1,30.0,31.0,1,4,80,HIGH
NSFAS003495,Nokuthula Mkhize,University of the Free State,Commerce,3,75.0,92.0,0,5,0,LOW
NSFAS003496,Lerato Molefe,University of Johannesburg,Commerce,2,75.0,0.0,1,5,40,MEDIUM
NSFAS003497,Andile Molefe,University of KwaZulu-Natal,Engineering,3,43.53,39.0,4,0,100,HIGH
NSFAS003498,Nokuthula Molefe,North-West University,Arts,1,75.0,95.0,0,1,0,LOW
NSFAS003499,Busisiwe Mkhize,University of KwaZulu-Natal,Arts,4,40.0,53.0,4,2,100,HIGH
NSFAS003500,Phumzile Nkosi,University of the Free State,Education,2,40.0,30.0,2,4,80,HIGH
NSFAS003501,Lindiwe Mkhize,University of the Witwatersrand,Law,4,75.0,81.0,0,2,0,LOW
NSFAS003502,Andile Mabaso,University of Cape Town,Science,4,30.0,22.0,3,2,100,HIGH
NSFAS003503,Busisiwe Khumalo,University of Stellenbosch,Education,3,40.0,33.0,3,1,100,HIGH
NSFAS003504,Mpho Molefe,University of KwaZulu-Natal,Science,2,75.0,75.0,0,2,0,LOW
NSFAS003505,Nomsa Zulu,North-West University,Engineering,3,71.99,92.0,0,2,0,LOW
NSFAS003506,Andile Ngcobo,University of Stellenbosch,Law,1,40.0,34.0,1,3,80,HIGH
NSFAS003507,Thabo Dlamini,University of Cape Town,Arts,1,40.0,62.0,1,3,80,HIGH
NSFAS003508,Sipho Mokoena,University of the Free State,Education,4,71.19,79.0,0,3,0,LOW
NSFAS003509,Nokuthula Mahlangu,University of Johannesburg,Science,4,45.97,61.0,1,1,80,HIGH
NSFAS003510,Andile Ngcobo,University of the Free State,Science,4,39.16,27.0,3,2,100,HIGH
NSFAS003511,Nokuthula Ngcobo,University of KwaZulu-Natal,Education,4,30.0,36.0,1,2,80,HIGH
NSFAS003512,Phumzile Zulu,University of KwaZulu-Natal,Arts,2,42.39,61.0,3,3,100,HIGH
NSFAS003513,Lerato Mabaso,University of the Witwatersrand,Education,4,40.0,32.0,1,2,80,HIGH
NSFAS003514,Lerato Mhlongo,North-West University,Commerce,2,56.67,72.0,1,2,0,LOW
NSFAS003515,Zanele Nkosi,University of Pretoria,Commerce,2,95.0,95.0,0,2,0,LOW
NSFAS003516,Lerato Mhlongo,University of Stellenbosch,Science,1,49.0,39.0,3,1,100,HIGH
NSFAS003517,Nokuthula Mhlongo,University of Cape Town,Education,4,51.47,60.0,1,4,40,MEDIUM
NSFAS003518,Themba Mkhize,University of Cape Town,Education,4,75.0,82.0,1,1,0,LOW
NSFAS003519,Busisiwe Mthethwa,University of Pretoria,Law,2,49.19,34.0,4,1,100,HIGH
NSFAS003520,Sibusiso Nkosi,University of Stellenbosch,Engineering,3,30.0,53.0,1,2,80,HIGH
NSFAS003521,Andile Mthethwa,North-West University,Law,2,54.94,75.0,0,4,0,LOW
NSFAS003522,Zanele Zulu,University of Cape Town,Education,4,79.39,80.0,1,1,0,LOW
NSFAS003523,Mpho Dlamini,University of KwaZulu-Natal,Engineering,1,51.54,64.0,1,4,40,MEDIUM
NSFAS003524,Lerato Dlamini,University of Pretoria,Science,2,61.82,76.0,0,1,0,LOW
NSFAS003525,Thabo Nkosi,University of Stellenbosch,Commerce,1,44.47,51.0,2,5,80,HIGH
NSFAS003526,Thabo Mokoena,University of Johannesburg,Arts,4,40.0,29.0,1,2,80,HIGH
NSFAS003527,Lerato Molefe,University of the Free State,Science,4,69.01,82.0,1,5,0,LOW
NSFAS003528,Kagiso Mthembu,University of Cape Town,Law,4,75.0,84.0,0,5,0,LOW
NSFAS003529,Mpho Mthethwa,University of Cape Town,Education,3,52.04,64.0,0,3,40,MEDIUM
NSFAS003530,Lindiwe Mahlangu,University of the Free State,Education,3,73.01,86.0,1,0,0,LOW
NSFAS003531,Tshepo Mkhize,University of the Free State,Law,1,75.0,95.0,1,0,0,LOW
NSFAS003532,Phumzile Mokoena,University of Pretoria,Engineering,2,68.57,83.0,1,1,0,LOW
NSFAS003533,Andile Mahlangu,University of Stellenbosch,Science,2,75.0,95.0,0,5,0,LOW
NSFAS003534,Tshepo Mabaso,University of the Free State,Law,1,30.0,58.0,2,0,80,HIGH
NSFAS003535,Phumzile Dlamini,University of Stellenbosch,Science,1,64.77,83.0,1,2,0,LOW
NSFAS003536,Nokuthula Zulu,University of Pretoria,Science,2,75.0,92.0,0,4,0,LOW
NSFAS003537,Lerato Dlamini,University of KwaZulu-Natal,Science,1,50.43,70.0,1,5,0,LOW
NSFAS003538,Nokuthula Mahlangu,University of the Witwatersrand,Arts,3,40.0,49.0,3,4,100,HIGH
NSFAS003539,Sipho Khumalo,University of Cape Town,Commerce,1,51.03,72.0,1,2,0,LOW
NSFAS003540,Thabo Khumalo,University of Cape Town,Law,3,40.0,38.0,1,2,80,HIGH
NSFAS003541,Phumzile Mthethwa,University of the Free State,Engineering,1,40.0,33.0,4,0,100,HIGH
NSFAS003542,Themba Mhlongo,University of Johannesburg,Science,4,30.0,30.0,3,3,100,HIGH
NSFAS003543,Nomsa Ngcobo,University of KwaZulu-Natal,Commerce,3,75.0,93.0,1,2,0,LOW
NSFAS003544,Sipho Ngcobo,University of Johannesburg,Arts,3,75.0,75.0,1,3,0,LOW
NSFAS003545,Phumzile Nkosi,University of Stellenbosch,Engineering,3,40.0,29.0,2,0,80,HIGH
NSFAS003546,Sibusiso Mthembu,University of Pretoria,Education,1,49.0,50.0,4,3,100,HIGH
NSFAS003547,Mpho Mahlangu,University of the Witwatersrand,Commerce,3,53.64,79.0,1,3,0,LOW
NSFAS003548,Busisiwe Nkosi,University of Pretoria,Arts,4,55.4,58.0,1,4,40,MEDIUM
NSFAS003549,Tshepo Mahlangu,North-West University,Law,2,75.0,77.0,1,4,0,LOW
NSFAS003550,Sibusiso Mahlangu,University of the Free State,Science,2,40.0,24.0,3,4,100,HIGH
NSFAS003551,Mpho Mabaso,University of the Witwatersrand,Arts,4,56.49,84.0,1,0,0,LOW
NSFAS003552,Nokuthula Mkhize,North-West University,Law,4,75.0,83.0,0,1,0,LOW
NSFAS003553,Sibusiso Molefe,University of Stellenbosch,Education,3,75.0,93.0,0,2,0,LOW
NSFAS003554,Themba Khumalo,University of Pretoria,Law,1,75.0,83.0,0,1,0,LOW
NSFAS003555,Themba Khumalo,University of the Witwatersrand,Law,3,54.54,77.0,1,2,0,LOW
NSFAS003556,Phumzile Mahlangu,University of the Witwatersrand,Law,1,40.0,0.0,2,4,80,HIGH
NSFAS003557,Sipho Ngcobo,North-West University,Engineering,1,75.0,94.0,0,4,0,LOW
NSFAS003558,Phumzile Mthembu,University of Stellenbosch,Science,3,72.48,80.0,0,4,0,LOW
NSFAS003559,Mpho Mahlangu,University of Stellenbosch,Arts,3,52.15,73.0,0,4,0,LOW
NSFAS003560,Zanele Mhlongo,University of the Witwatersrand,Commerce,1,40.0,45.0,3,0,100,HIGH
NSFAS003561,Nomsa Molefe,University of Johannesburg,Arts,4,75.0,76.0,1,4,0,LOW
NSFAS003562,Tshepo Mabaso,University of Pretoria,Law,4,45.49,38.0,1,3,80,HIGH
NSFAS003563,Themba Mhlongo,University of KwaZulu-Natal,Arts,4,40.0,22.0,4,0,100,HIGH
NSFAS003564,Themba Mthethwa,University of KwaZulu-Natal,Engineering,3,40.0,23.0,2,3,80,HIGH
NSFAS003565,Kagiso Molefe,University of Pretoria,Commerce,4,75.0,77.0,1,0,0,LOW
NSFAS003566,Nomsa Molefe,University of the Free State,Engineering,4,55.5,60.0,0,0,40,MEDIUM
NSFAS003567,Phumzile Mokoena,University of the Free State,Commerce,1,75.0,87.0,0,5,0,LOW
NSFAS003568,Busisiwe Nkosi,University of the Free State,Law,2,30.4,42.0,3,0,100,HIGH
NSFAS003569,Lerato Mahlangu,University of Stellenbosch,Science,1,75.0,86.0,1,1,0,LOW
NSFAS003570,Phumzile Mahlangu,University of KwaZulu-Natal,Education,2,40.0,34.0,3,5,100,HIGH
NSFAS003571,Themba Mokoena,North-West University,Arts,3,40.0,41.0,4,3,100,HIGH
NSFAS003572,Busisiwe Mahlangu,University of KwaZulu-Natal,Engineering,2,40.0,57.0,3,5,100,HIGH
NSFAS003573,Zanele Mthethwa,University of Cape Town,Education,4,40.0,28.0,1,2,80,HIGH
NSFAS003574,Nomsa Mokoena,University of KwaZulu-Natal,Engineering,2,49.0,46.0,2,1,80,HIGH
NSFAS003575,Tshepo Nkosi,University of Stellenbosch,Commerce,1,66.03,82.0,1,0,0,LOW
NSFAS003576,Nomsa Ngcobo,University of KwaZulu-Natal,Commerce,1,75.0,95.0,1,4,0,LOW
NSFAS003577,Sipho Mkhize,University of Cape Town,Law,2,40.0,35.0,2,1,80,HIGH
NSFAS003578,Nokuthula Mokoena,University of Stellenbosch,Commerce,4,49.38,63.0,0,2,80,HIGH
NSFAS003579,Kagiso Mkhize,North-West University,Science,2,58.59,56.0,3,1,60,HIGH
NSFAS003580,Thabo Mabaso,University of Cape Town,Commerce,1,48.85,50.0,4,0,100,HIGH
NSFAS003581,Tshepo Zulu,University of Cape Town,Engineering,3,40.0,38.0,2,4,80,HIGH
NSFAS003582,Tshepo Nkosi,University of the Free State,Arts,1,40.0,42.0,4,4,100,HIGH
NSFAS003583,Mpho Khumalo,University of Cape Town,Engineering,1,40.0,64.0,1,2,80,HIGH
NSFAS003584,Lindiwe Mkhize,University of Stellenbosch,Engineering,2,42.11,27.0,4,1,100,HIGH
NSFAS003585,Themba Dlamini,University of Stellenbosch,Commerce,1,40.0,30.0,1,0,80,HIGH
NSFAS003586,Phumzile Dlamini,University of Johannesburg,Science,4,45.28,56.0,4,0,100,HIGH
NSFAS003587,Nomsa Mthethwa,North-West University,Law,3,66.2,64.0,1,2,40,MEDIUM
NSFAS003588,Andile Mahlangu,University of Cape Town,Arts,3,40.0,24.0,3,1,100,HIGH
NSFAS003589,Phumzile Nkosi,University of KwaZulu-Natal,Arts,3,47.24,64.0,0,3,80,HIGH
NSFAS003590,Zanele Mahlangu,University of Pretoria,Education,4,40.0,45.0,4,4,100,HIGH
NSFAS003591,Themba Mthethwa,North-West University,Law,3,64.12,76.0,0,1,0,LOW
NSFAS003592,Sibusiso Nkosi,University of Johannesburg,Arts,1,40.0,39.0,3,2,100,HIGH
NSFAS003593,Kagiso Mkhize,University of Cape Town,Education,1,75.0,88.0,0,1,0,LOW
NSFAS003594,Nomsa Mthembu,North-West University,Engineering,1,46.34,59.0,4,3,100,HIGH
NSFAS003595,Andile Zulu,University of Stellenbosch,Law,4,75.0,81.0,1,2,0,LOW
NSFAS003596,Busisiwe Khumalo,University of Stellenbosch,Commerce,1,91.51,94.0,1,4,0,LOW
NSFAS003597,Andile Mkhize,North-West University,Law,4,59.08,81.0,1,3,0,LOW
NSFAS003598,Mpho Dlamini,University of KwaZulu-Natal,Science,2,40.0,32.0,1,3,80,HIGH
NSFAS003599,Kagiso Mahlangu,North-West University,Engineering,2,95.0,82.0,0,0,0,LOW
NSFAS003600,Sipho Dlamini,University of Johannesburg,Law,3,94.81,95.0,1,1,0,LOW
NSFAS003601,Nomsa Zulu,University of KwaZulu-Natal,Engineering,4,40.0,57.0,1,2,80,HIGH
NSFAS003602,Andile Mahlangu,University of the Witwatersrand,Law,2,41.89,52.0,3,5,100,HIGH
NSFAS003603,Lerato Mkhize,University of Pretoria,Arts,4,75.0,77.0,0,5,0,LOW
NSFAS003604,Phumzile Ngcobo,North-West University,Arts,2,75.0,0.0,0,3,40,MEDIUM
NSFAS003605,Tshepo Ngcobo,University of Pretoria,Arts,4,40.0,41.0,2,0,80,HIGH
NSFAS003606,Phumzile Mthembu,University of the Witwatersrand,Arts,4,40.0,31.0,3,3,100,HIGH
NSFAS003607,Tshepo Dlamini,University of Stellenbosch,Science,1,95.0,80.0,1,2,0,LOW
NSFAS003608,Sipho Dlamini,University of the Witwatersrand,Engineering,2,73.24,93.0,1,1,0,LOW
NSFAS003609,Busisiwe Mthethwa,University of the Free State,Education,1,61.22,63.0,1,4,40,MEDIUM
NSFAS003610,Lerato Mahlangu,University of Johannesburg,Commerce,2,40.0,27.0,2,3,80,HIGH
NSFAS003611,Tshepo Nkosi,University of KwaZulu-Natal,Science,2,42.82,22.0,2,4,80,HIGH
NSFAS003612,Lindiwe Mhlongo,University of the Witwatersrand,Arts,3,49.0,29.0,1,3,80,HIGH
NSFAS003613,Tshepo Khumalo,University of Stellenbosch,Commerce,4,40.0,23.0,4,3,100,HIGH
NSFAS003614,Themba Mabaso,University of KwaZulu-Natal,Law,4,75.0,81.0,0,2,0,LOW
NSFAS003615,Busisiwe Dlamini,University of KwaZulu-Natal,Education,1,75.0,91.0,0,2,0,LOW
NSFAS003616,Nomsa Ngcobo,University of the Witwatersrand,Commerce,2,74.09,95.0,1,5,0,LOW
NSFAS003617,Lerato Ngcobo,University of Johannesburg,Commerce,4,40.0,58.0,4,0,100,HIGH
NSFAS003618,Kagiso Nkosi,University of KwaZulu-Natal,Education,4,63.2,58.0,2,5,40,MEDIUM
NSFAS003619,Busisiwe Mokoena,University of Cape Town,Arts,2,40.0,40.0,4,4,100,HIGH
NSFAS003620,Thabo Mthembu,North-West University,Law,1,54.84,72.0,1,2,0,LOW
NSFAS003621,Themba Mthembu,University of the Free State,Education,3,75.0,83.0,1,1,0,LOW
NSFAS003622,Sipho Mabaso,University of KwaZulu-Natal,Law,2,67.07,70.0,0,5,0,LOW
NSFAS003623,Thabo Mthembu,University of the Free State,Arts,1,40.0,58.0,4,4,100,HIGH
NSFAS003624,Nomsa Mkhize,North-West University,Commerce,4,40.0,37.0,4,5,100,HIGH
NSFAS003625,Kagiso Mabaso,University of KwaZulu-Natal,Science,4,40.0,51.0,1,3,80,HIGH
NSFAS003626,Tshepo Mthembu,University of Johannesburg,Engineering,2,60.87,70.0,0,5,0,LOW
NSFAS003627,Sipho Mabaso,University of Stellenbosch,Law,4,40.0,37.0,2,3,80,HIGH
NSFAS003628,Tshepo Dlamini,University of Johannesburg,Education,4,75.0,95.0,0,5,0,LOW
NSFAS003629,Andile Mokoena,University of the Free State,Arts,1,66.96,58.0,2,3,40,MEDIUM
NSFAS003630,Busisiwe Zulu,North-West University,Arts,2,66.24,80.0,0,3,0,LOW
NSFAS003631,Kagiso Zulu,University of Cape Town,Arts,1,40.0,53.0,1,5,80,HIGH
NSFAS003632,Nokuthula Mkhize,University of Pretoria,Education,1,40.0,30.0,2,5,80,HIGH
NSFAS003633,Sipho Mabaso,University of Cape Town,Arts,2,75.0,87.0,0,3,0,LOW
NSFAS003634,Nomsa Mthembu,University of Cape Town,Education,3,47.4,39.0,1,3,80,HIGH
NSFAS003635,Lindiwe Mthembu,North-West University,Law,4,67.5,58.0,4,4,60,HIGH
NSFAS003636,Sibusiso Ngcobo,University of Pretoria,Science,2,40.0,64.0,4,1,100,HIGH
NSFAS003637,Tshepo Dlamini,University of Pretoria,Law,3,40.0,43.0,3,5,100,HIGH
NSFAS003638,Nomsa Mabaso,University of the Free State,Law,2,30.0,61.0,2,5,80,HIGH
NSFAS003639,Busisiwe Mthembu,University of Johannesburg,Commerce,3,75.0,0.0,0,5,40,MEDIUM
NSFAS003640,Thabo Dlamini,University of Pretoria,Commerce,4,42.17,54.0,3,3,100,HIGH
NSFAS003641,Sibusiso Mahlangu,University of KwaZulu-Natal,Arts,3,48.12,28.0,1,2,80,HIGH
NSFAS003642,Phumzile Molefe,University of Cape Town,Commerce,1,75.0,90.0,1,1,0,LOW
NSFAS003643,Sipho Khumalo,North-West University,Arts,3,52.19,59.0,1,5,40,MEDIUM
NSFAS003644,Mpho Ngcobo,North-West University,Arts,3,40.0,60.0,4,4,100,HIGH
NSFAS003645,Busisiwe Mabaso,University of Cape Town,Arts,3,75.0,89.0,0,0,0,LOW
NSFAS003646,Nomsa Dlamini,University of Johannesburg,Commerce,3,75.0,88.0,1,1,0,LOW
NSFAS003647,Themba Khumalo,University of the Witwatersrand,Engineering,1,40.0,43.0,1,4,80,HIGH
NSFAS003648,Mpho Nkosi,University of KwaZulu-Natal,Science,3,40.0,55.0,4,5,100,HIGH
NSFAS003649,Kagiso Ngcobo,University of the Free State,Engineering,1,40.0,39.0,2,0,80,HIGH
NSFAS003650,Mpho Nkosi,University of the Free State,Education,2,32.22,40.0,2,2,80,HIGH
NSFAS003651,Phumzile Ngcobo,University of Cape Town,Education,2,40.0,27.0,1,0,80,HIGH
NSFAS003652,Zanele Molefe,University of Johannesburg,Education,4,53.1,58.0,4,1,60,HIGH
NSFAS003653,Phumzile Ngcobo,University of Stellenbosch,Law,2,40.0,21.0,3,0,100,HIGH
NSFAS003654,Thabo Mthethwa,University of Pretoria,Engineering,3,51.23,69.0,1,2,40,MEDIUM
NSFAS003655,Tshepo Khumalo,University of Pretoria,Engineering,1,30.0,60.0,4,4,100,HIGH
NSFAS003656,Nomsa Mahlangu,North-West University,Law,4,30.0,20.0,2,4,80,HIGH
NSFAS003657,Nokuthula Nkosi,University of Pretoria,Law,4,75.0,79.0,1,1,0,LOW
NSFAS003658,Sipho Nkosi,University of the Witwatersrand,Engineering,3,75.0,95.0,1,0,0,LOW
NSFAS003659,Phumzile Mhlongo,University of the Witwatersrand,Law,3,53.65,69.0,1,1,40,MEDIUM
NSFAS003660,Mpho Nkosi,University of Cape Town,Arts,2,72.4,77.0,1,3,0,LOW
NSFAS003661,Lerato Mokoena,University of KwaZulu-Natal,Engineering,3,57.74,66.0,0,4,40,MEDIUM
NSFAS003662,Thabo Ngcobo,University of Pretoria,Science,4,40.0,43.0,1,5,80,HIGH
NSFAS003663,Lerato Zulu,University of Pretoria,Science,2,70.68,86.0,0,3,0,LOW
NSFAS003664,Sipho Dlamini,University of Stellenbosch,Commerce,2,40.0,62.0,2,1,80,HIGH
NSFAS003665,Zanele Mahlangu,University of KwaZulu-Natal,Engineering,2,30.0,44.0,3,3,100,HIGH
NSFAS003666,Sipho Molefe,University of Stellenbosch,Commerce,1,40.0,21.0,3,5,100,HIGH
NSFAS003667,Thabo Molefe,University of Johannesburg,Commerce,3,30.0,63.0,4,3,100,HIGH
NSFAS003668,Nokuthula Zulu,North-West University,Science,2,42.77,50.0,1,1,80,HIGH
NSFAS003669,Phumzile Khumalo,University of Johannesburg,Education,2,75.0,85.0,1,0,0,LOW
NSFAS003670,Tshepo Zulu,University of the Witwatersrand,Engineering,1,75.0,95.0,0,0,0,LOW
NSFAS003671,Andile Mokoena,University of Cape Town,Commerce,4,40.0,36.0,3,2,100,HIGH
NSFAS003672,Kagiso Mthethwa,University of KwaZulu-Natal,Engineering,3,40.0,42.0,4,5,100,HIGH
NSFAS003673,Busisiwe Mahlangu,University of Pretoria,Science,3,45.37,44.0,1,3,80,HIGH
NSFAS003674,Kagiso Nkosi,University of Cape Town,Engineering,3,51.12,73.0,1,0,0,LOW
NSFAS003675,Lindiwe Mahlangu,University of the Witwatersrand,Law,4,71.82,95.0,1,0,0,LOW
NSFAS003676,Lerato Dlamini,University of Stellenbosch,Engineering,1,52.2,72.0,1,1,0,LOW
NSFAS003677,Tshepo Mahlangu,University of KwaZulu-Natal,Commerce,3,40.0,51.0,3,0,100,HIGH
NSFAS003678,Kagiso Mahlangu,University of Pretoria,Arts,2,30.0,63.0,4,0,100,HIGH
NSFAS003679,Nokuthula Nkosi,University of Pretoria,Science,3,40.0,56.0,2,3,80,HIGH
NSFAS003680,Mpho Ngcobo,North-West University,Arts,3,30.0,58.0,2,1,80,HIGH
NSFAS003681,Sibusiso Khumalo,North-West University,Education,1,75.0,95.0,1,3,0,LOW
NSFAS003682,Tshepo Mhlongo,University of Cape Town,Law,2,50.71,84.0,0,2,0,LOW
NSFAS003683,Nomsa Mkhize,University of the Witwatersrand,Engineering,2,40.0,53.0,1,5,80,HIGH
NSFAS003684,Busisiwe Mokoena,University of KwaZulu-Natal,Science,1,75.0,94.0,1,1,0,LOW
NSFAS003685,Kagiso Mkhize,North-West University,Education,3,59.53,83.0,1,2,0,LOW
NSFAS003686,Kagiso Mokoena,University of the Free State,Education,4,75.0,83.0,0,0,0,LOW
NSFAS003687,Mpho Mkhize,University of Johannesburg,Arts,3,39.43,53.0,2,4,80,HIGH
NSFAS003688,Lindiwe Nkosi,University of Stellenbosch,Law,4,50.94,61.0,1,1,40,MEDIUM
NSFAS003689,Themba Mabaso,University of the Witwatersrand,Science,2,69.08,69.0,1,3,40,MEDIUM
NSFAS003690,Sibusiso Mthembu,University of Cape Town,Commerce,3,55.56,64.0,0,3,40,MEDIUM
NSFAS003691,Nomsa Mthethwa,University of Cape Town,Education,1,46.21,46.0,2,2,80,HIGH
NSFAS003692,Busisiwe Zulu,University of Cape Town,Arts,1,63.7,56.0,2,5,40,MEDIUM
NSFAS003693,Lindiwe Mhlongo,University of KwaZulu-Natal,Science,3,53.47,65.0,1,2,40,MEDIUM
NSFAS003694,Nomsa Zulu,University of KwaZulu-Natal,Science,2,75.0,95.0,1,3,0,LOW
NSFAS003695,Sipho Dlamini,University of Pretoria,Education,4,65.06,72.0,0,4,0,LOW
NSFAS003696,Busisiwe Mthembu,University of the Witwatersrand,Commerce,4,71.96,91.0,1,2,0,LOW
NSFAS003697,Nokuthula Mabaso,University of KwaZulu-Natal,Education,2,75.0,92.0,1,1,0,LOW
NSFAS003698,Lindiwe Mthethwa,University of KwaZulu-Natal,Science,1,75.0,93.0,0,5,0,LOW
NSFAS003699,Lindiwe Mthethwa,North-West University,Science,3,49.0,55.0,3,1,100,HIGH
NSFAS003700,Mpho Mahlangu,University of KwaZulu-Natal,Arts,2,50.95,84.0,1,5,0,LOW
NSFAS003701,Andile Mkhize,University of Stellenbosch,Science,2,68.36,73.0,0,2,0,LOW
NSFAS003702,Kagiso Mahlangu,University of the Witwatersrand,Engineering,3,40.0,56.0,2,5,80,HIGH
NSFAS003703,Zanele Ngcobo,University of KwaZulu-Natal,Law,3,95.0,95.0,0,2,0,LOW
NSFAS003704,Themba Molefe,University of the Free State,Commerce,2,30.0,45.0,2,3,80,HIGH
NSFAS003705,Phumzile Mahlangu,University of the Witwatersrand,Science,1,75.0,90.0,1,5,0,LOW
NSFAS003706,Themba Nkosi,University of KwaZulu-Natal,Commerce,2,48.09,38.0,4,3,100,HIGH
NSFAS003707,Busisiwe Mkhize,University of the Free State,Arts,4,30.0,48.0,1,0,80,HIGH
NSFAS003708,Sipho Mhlongo,University of the Free State,Education,1,50.1,59.0,1,1,40,MEDIUM
NSFAS003709,Nokuthula Molefe,University of Stellenbosch,Arts,2,49.0,44.0,3,0,100,HIGH
NSFAS003710,Sipho Mhlongo,North-West University,Law,4,42.02,24.0,3,4,100,HIGH
NSFAS003711,Thabo Mthethwa,University of Stellenbosch,Education,2,40.0,20.0,4,3,100,HIGH
NSFAS003712,Sipho Dlamini,University of KwaZulu-Natal,Education,2,75.0,88.0,1,2,0,LOW
NSFAS003713,Nokuthula Mabaso,University of the Witwatersrand,Education,1,46.96,50.0,3,4,100,HIGH
NSFAS003714,Sibusiso Molefe,University of Cape Town,Law,2,57.72,66.0,1,2,40,MEDIUM
NSFAS003715,Nomsa Dlamini,University of Johannesburg,Arts,4,57.46,74.0,1,3,0,LOW
NSFAS003716,Themba Mhlongo,University of Cape Town,Commerce,4,42.52,62.0,3,4,100,HIGH
NSFAS003717,Busisiwe Khumalo,North-West University,Science,3,49.0,59.0,3,3,100,HIGH
NSFAS003718,Andile Mthethwa,University of the Free State,Law,3,75.0,78.0,0,1,0,LOW
NSFAS003719,Mpho Khumalo,University of the Free State,Science,4,75.0,95.0,0,3,0,LOW
NSFAS003720,Kagiso Mkhize,University of the Free State,Education,2,62.74,56.0,1,3,40,MEDIUM
NSFAS003721,Thabo Mokoena,University of Pretoria,Education,4,40.0,54.0,3,3,100,HIGH
NSFAS003722,Nokuthula Ngcobo,University of Pretoria,Engineering,3,49.0,62.0,1,4,80,HIGH
NSFAS003723,Nomsa Molefe,University of Pretoria,Engineering,1,49.42,47.0,4,4,100,HIGH
NSFAS003724,Sibusiso Mthethwa,University of KwaZulu-Natal,Arts,4,75.0,91.0,1,5,0,LOW
NSFAS003725,Nokuthula Mthembu,University of Johannesburg,Science,2,43.23,50.0,1,5,80,HIGH
NSFAS003726,Thabo Mhlongo,University of KwaZulu-Natal,Engineering,2,44.89,24.0,4,3,100,HIGH
NSFAS003727,Busisiwe Mabaso,University of the Free State,Commerce,3,76.34,93.0,1,3,0,LOW
NSFAS003728,Lindiwe Khumalo,North-West University,Arts,3,67.8,77.0,0,5,0,LOW
NSFAS003729,Sipho Mahlangu,University of KwaZulu-Natal,Law,4,53.2,67.0,0,2,40,MEDIUM
NSFAS003730,Sipho Zulu,University of Pretoria,Arts,3,40.0,26.0,4,3,100,HIGH
NSFAS003731,Lerato Zulu,University of Stellenbosch,Commerce,4,75.0,86.0,0,5,0,LOW
NSFAS003732,Tshepo Khumalo,University of Stellenbosch,Law,3,40.0,49.0,2,4,80,HIGH
NSFAS003733,Sipho Mthembu,University of the Witwatersrand,Arts,1,40.0,24.0,3,3,100,HIGH
NSFAS003734,Nomsa Mthethwa,North-West University,Arts,3,40.0,37.0,1,0,80,HIGH
NSFAS003735,Nomsa Mhlongo,University of Cape Town,Arts,3,45.18,49.0,3,3,100,HIGH
NSFAS003736,Nomsa Mthembu,University of Cape Town,Arts,4,30.0,23.0,3,4,100,HIGH
NSFAS003737,Phumzile Mokoena,University of Pretoria,Education,3,40.0,27.0,1,2,80,HIGH
NSFAS003738,Lindiwe Zulu,University of Pretoria,Education,1,52.22,79.0,0,4,0,LOW
NSFAS003739,Mpho Mahlangu,University of Stellenbosch,Commerce,2,40.0,59.0,3,4,100,HIGH
NSFAS003740,Phumzile Mkhize,University of KwaZulu-Natal,Law,1,75.0,94.0,0,0,0,LOW
NSFAS003741,Andile Mhlongo,University of Pretoria,Education,2,30.0,56.0,1,1,80,HIGH
NSFAS003742,Tshepo Molefe,University of Pretoria,Science,1,40.0,60.0,2,4,80,HIGH
NSFAS003743,Sibusiso Nkosi,University of the Witwatersrand,Law,4,75.0,82.0,0,3,0,LOW
NSFAS003744,Andile Mthembu,North-West University,Science,1,75.0,93.0,0,2,0,LOW
NSFAS003745,Andile Mabaso,University of Stellenbosch,Arts,1,95.0,79.0,0,1,0,LOW
NSFAS003746,Busisiwe Ngcobo,University of the Witwatersrand,Engineering,4,66.44,74.0,0,5,0,LOW
NSFAS003747,Kagiso Nkosi,University of Cape Town,Arts,1,39.98,53.0,1,1,80,HIGH
NSFAS003748,Sibusiso Mthembu,University of Pretoria,Science,1,49.0,49.0,2,2,80,HIGH
NSFAS003749,Themba Mthembu,University of Johannesburg,Arts,2,44.43,21.0,4,0,100,HIGH
NSFAS003750,Themba Zulu,University of the Witwatersrand,Law,3,75.0,84.0,0,4,0,LOW
NSFAS003751,Thabo Molefe,University of the Free State,Commerce,1,44.4,54.0,4,1,100,HIGH
NSFAS003752,Nomsa Ngcobo,University of Cape Town,Engineering,2,30.0,33.0,4,2,100,HIGH
NSFAS003753,Lerato Khumalo,University of Johannesburg,Law,4,55.12,60.0,0,1,40,MEDIUM
NSFAS003754,Nomsa Dlamini,North-West University,Law,1,54.29,77.0,0,1,0,LOW
NSFAS003755,Mpho Mthethwa,University of Pretoria,Science,4,75.0,89.0,0,1,0,LOW
NSFAS003756,Nokuthula Ngcobo,University of Johannesburg,Commerce,4,40.0,48.0,4,2,100,HIGH
NSFAS003757,Thabo Nkosi,University of the Free State,Science,3,40.0,54.0,4,3,100,HIGH
NSFAS003758,Nomsa Mkhize,University of KwaZulu-Natal,Education,1,50.73,75.0,1,0,0,LOW
NSFAS003759,Nomsa Mkhize,University of Johannesburg,Arts,1,75.0,79.0,1,5,0,LOW
NSFAS003760,Mpho Mabaso,University of the Witwatersrand,Engineering,3,40.0,26.0,1,2,80,HIGH
NSFAS003761,Sibusiso Mokoena,University of Johannesburg,Engineering,1,40.0,63.0,3,1,100,HIGH
NSFAS003762,Busisiwe Mthethwa,University of Stellenbosch,Science,1,40.0,46.0,2,3,80,HIGH
NSFAS003763,Thabo Mthethwa,North-West University,Arts,1,49.0,32.0,1,0,80,HIGH
NSFAS003764,Sibusiso Ngcobo,University of Stellenbosch,Law,4,48.05,55.0,2,1,80,HIGH
NSFAS003765,Lindiwe Dlamini,University of Cape Town,Law,2,55.33,85.0,0,4,0,LOW
NSFAS003766,Lerato Nkosi,University of the Free State,Arts,4,40.0,31.0,1,5,80,HIGH
NSFAS003767,Nokuthula Dlamini,University of the Free State,Education,2,74.68,80.0,1,0,0,LOW
NSFAS003768,Phumzile Mabaso,University of Cape Town,Education,2,75.0,87.0,1,2,0,LOW
NSFAS003769,Andile Zulu,University of the Witwatersrand,Commerce,1,49.0,27.0,1,0,80,HIGH
NSFAS003770,Mpho Dlamini,University of Pretoria,Law,1,69.95,0.0,1,3,40,MEDIUM
NSFAS003771,Nokuthula Mabaso,University of Cape Town,Science,1,75.0,83.0,0,2,0,LOW
NSFAS003772,Lerato Mabaso,University of Johannesburg,Commerce,2,75.0,86.0,0,2,0,LOW
NSFAS003773,Kagiso Ngcobo,University of the Free State,Commerce,4,40.0,32.0,1,3,80,HIGH
NSFAS003774,Andile Mahlangu,University of Johannesburg,Commerce,4,40.0,36.0,2,1,80,HIGH
NSFAS003775,Lerato Mahlangu,University of KwaZulu-Natal,Science,1,49.0,28.0,3,2,100,HIGH
NSFAS003776,Phumzile Zulu,University of KwaZulu-Natal,Science,1,30.0,50.0,1,0,80,HIGH
NSFAS003777,Tshepo Mhlongo,University of the Free State,Commerce,4,40.0,31.0,1,2,80,HIGH
NSFAS003778,Nomsa Mabaso,University of the Free State,Science,2,73.43,83.0,1,4,0,LOW
NSFAS003779,Sibusiso Mthembu,University of the Free State,Commerce,2,49.0,22.0,4,4,100,HIGH
NSFAS003780,Nokuthula Mthethwa,University of KwaZulu-Natal,Science,4,69.6,57.0,3,0,60,HIGH
NSFAS003781,Mpho Mahlangu,University of the Free State,Law,2,40.0,32.0,4,0,100,HIGH
NSFAS003782,Themba Ngcobo,University of Cape Town,Education,2,40.0,47.0,4,0,100,HIGH
NSFAS003783,Thabo Mokoena,University of Cape Town,Law,2,40.0,38.0,4,2,100,HIGH
NSFAS003784,Kagiso Khumalo,North-West University,Arts,3,40.0,65.0,3,2,100,HIGH
NSFAS003785,Andile Mhlongo,University of Stellenbosch,Commerce,1,48.11,21.0,4,1,100,HIGH
NSFAS003786,Andile Molefe,University of the Free State,Arts,3,69.06,81.0,0,2,0,LOW
NSFAS003787,Sibusiso Khumalo,University of the Free State,Arts,4,51.59,65.0,0,0,40,MEDIUM
NSFAS003788,Nomsa Khumalo,University of Pretoria,Commerce,2,40.0,48.0,3,2,100,HIGH
NSFAS003789,Busisiwe Molefe,University of the Free State,Education,3,70.35,78.0,1,0,0,LOW
NSFAS003790,Thabo Mhlongo,North-West University,Science,4,51.22,64.0,1,1,40,MEDIUM
NSFAS003791,Busisiwe Dlamini,University of Pretoria,Law,1,75.0,95.0,1,4,0,LOW
NSFAS003792,Nomsa Mthembu,University of KwaZulu-Natal,Commerce,1,75.0,95.0,0,0,0,LOW
NSFAS003793,Tshepo Mahlangu,University of the Free State,Law,4,75.0,82.0,1,1,0,LOW
NSFAS003794,Sipho Zulu,University of Johannesburg,Law,3,75.0,95.0,0,5,0,LOW
NSFAS003795,Busisiwe Dlamini,North-West University,Commerce,2,30.0,44.0,4,0,100,HIGH
NSFAS003796,Nokuthula Mahlangu,University of Stellenbosch,Education,4,56.35,65.0,1,4,40,MEDIUM
NSFAS003797,Busisiwe Ngcobo,University of KwaZulu-Natal,Law,4,40.0,22.0,4,2,100,HIGH
NSFAS003798,Kagiso Nkosi,University of the Free State,Science,1,43.66,32.0,3,1,100,HIGH
NSFAS003799,Phumzile Zulu,University of Stellenbosch,Engineering,3,30.0,33.0,4,3,100,HIGH
NSFAS003800,Phumzile Dlamini,University of Cape Town,Science,2,40.0,39.0,3,4,100,HIGH
NSFAS003801,Busisiwe Nkosi,University of Stellenbosch,Education,2,46.68,32.0,1,2,80,HIGH
NSFAS003802,Kagiso Mabaso,University of the Free State,Science,2,75.0,76.0,0,0,0,LOW
NSFAS003803,Sipho Molefe,University of KwaZulu-Natal,Commerce,1,43.74,59.0,3,5,100,HIGH
NSFAS003804,Thabo Dlamini,University of Cape Town,Education,3,75.0,77.0,0,2,0,LOW
NSFAS003805,Sipho Molefe,North-West University,Science,3,53.65,77.0,1,1,0,LOW
NSFAS003806,Lerato Molefe,University of Cape Town,Engineering,2,30.0,51.0,1,4,80,HIGH
NSFAS003807,Themba Dlamini,University of Johannesburg,Arts,2,75.0,84.0,0,1,0,LOW
NSFAS003808,Kagiso Mkhize,University of Stellenbosch,Science,1,30.0,57.0,1,0,80,HIGH
NSFAS003809,Lindiwe Khumalo,University of the Free State,Law,3,75.0,81.0,0,4,0,LOW
NSFAS003810,Kagiso Khumalo,University of Cape Town,Engineering,4,73.37,84.0,0,3,0,LOW
NSFAS003811,Nomsa Mthembu,University of the Witwatersrand,Science,3,75.0,85.0,0,1,0,LOW
NSFAS003812,Nokuthula Mkhize,North-West University,Arts,1,49.0,64.0,0,1,80,HIGH
NSFAS003813,Mpho Mabaso,University of the Witwatersrand,Engineering,4,57.32,69.0,1,2,40,MEDIUM
NSFAS003814,Sipho Mthembu,University of Cape Town,Engineering,3,40.0,55.0,3,4,100,HIGH
NSFAS003815,Phumzile Molefe,University of Stellenbosch,Law,1,74.91,0.0,1,1,40,MEDIUM
NSFAS003816,Thabo Nkosi,University of Pretoria,Engineering,1,82.64,79.0,0,0,0,LOW
NSFAS003817,Tshepo Mkhize,University of Pretoria,Arts,2,61.84,73.0,0,1,0,LOW
NSFAS003818,Nomsa Dlamini,University of KwaZulu-Natal,Education,4,61.93,66.0,1,0,40,MEDIUM
NSFAS003819,Andile Mthethwa,University of Stellenbosch,Arts,4,40.0,57.0,4,1,100,HIGH
NSFAS003820,Kagiso Molefe,University of Cape Town,Engineering,2,40.0,37.0,3,3,100,HIGH
NSFAS003821,Mpho Mahlangu,University of the Witwatersrand,Commerce,3,40.0,35.0,4,0,100,HIGH
NSFAS003822,Sibusiso Mokoena,North-West University,Engineering,3,47.47,55.0,3,4,100,HIGH
NSFAS003823,Sibusiso Mabaso,University of Stellenbosch,Education,1,75.0,89.0,0,4,0,LOW
NSFAS003824,Sipho Mthethwa,University of Stellenbosch,Arts,3,49.56,49.0,2,3,80,HIGH
NSFAS003825,Mpho Mthembu,University of Cape Town,Arts,4,56.3,58.0,3,5,60,HIGH
NSFAS003826,Kagiso Dlamini,University of the Free State,Education,3,71.33,91.0,1,1,0,LOW
NSFAS003827,Lindiwe Zulu,University of KwaZulu-Natal,Commerce,2,30.0,29.0,1,3,80,HIGH
NSFAS003828,Kagiso Zulu,University of Pretoria,Commerce,2,40.08,35.0,1,5,80,HIGH
NSFAS003829,Themba Mabaso,University of the Witwatersrand,Arts,1,40.0,25.0,3,0,100,HIGH
NSFAS003830,Themba Mahlangu,University of Johannesburg,Education,2,40.0,0.0,4,5,100,HIGH
NSFAS003831,Sipho Mahlangu,University of the Witwatersrand,Science,1,40.0,29.0,4,5,100,HIGH
NSFAS003832,Zanele Ngcobo,University of KwaZulu-Natal,Arts,3,40.0,48.0,3,0,100,HIGH
NSFAS003833,Andile Dlamini,University of Stellenbosch,Law,4,55.47,67.0,1,0,40,MEDIUM
NSFAS003834,Phumzile Mabaso,North-West University,Arts,4,75.0,81.0,1,0,0,LOW
NSFAS003835,Andile Ngcobo,University of Johannesburg,Commerce,1,40.0,50.0,4,4,100,HIGH
NSFAS003836,Thabo Mahlangu,University of Cape Town,Science,4,40.0,39.0,4,1,100,HIGH
NSFAS003837,Nokuthula Nkosi,University of Cape Town,Education,4,62.84,83.0,0,4,0,LOW
NSFAS003838,Thabo Mkhize,University of Cape Town,Science,1,61.31,65.0,0,1,40,MEDIUM
NSFAS003839,Lerato Khumalo,University of Stellenbosch,Law,1,64.49,56.0,1,3,40,MEDIUM
NSFAS003840,Lerato Nkosi,North-West University,Commerce,4,61.21,76.0,1,2,0,LOW
NSFAS003841,Nomsa Khumalo,University of the Witwatersrand,Education,1,55.47,82.0,1,2,0,LOW
NSFAS003842,Sipho Mahlangu,University of Cape Town,Engineering,2,40.0,59.0,4,4,100,HIGH
NSFAS003843,Themba Mthethwa,University of the Witwatersrand,Science,1,40.0,59.0,2,5,80,HIGH
NSFAS003844,Kagiso Molefe,University of Pretoria,Education,3,40.48,31.0,4,5,100,HIGH
NSFAS003845,Phumzile Dlamini,University of Pretoria,Arts,1,40.85,0.0,3,5,100,HIGH
NSFAS003846,Nomsa Mkhize,University of the Free State,Law,3,40.0,40.0,1,3,80,HIGH
NSFAS003847,Zanele Dlamini,University of the Free State,Engineering,2,40.0,42.0,4,2,100,HIGH
NSFAS003848,Tshepo Mthembu,University of Cape Town,Science,2,40.0,22.0,4,2,100,HIGH
NSFAS003849,Lerato Dlamini,University of KwaZulu-Natal,Law,4,74.22,90.0,1,3,0,LOW
NSFAS003850,Mpho Mthembu,University of Stellenbosch,Law,4,40.56,20.0,1,2,80,HIGH
NSFAS003851,Nomsa Mabaso,University of Cape Town,Commerce,4,59.03,63.0,0,4,40,MEDIUM
NSFAS003852,Sipho Mkhize,University of Johannesburg,Arts,2,75.0,83.0,1,3,0,LOW
NSFAS003853,Nomsa Mkhize,University of KwaZulu-Natal,Commerce,3,75.0,95.0,1,0,0,LOW
NSFAS003854,Sibusiso Mthethwa,University of Pretoria,Education,3,30.0,38.0,2,2,80,HIGH
NSFAS003855,Lindiwe Mahlangu,University of Johannesburg,Law,1,30.0,43.0,2,3,80,HIGH
NSFAS003856,Thabo Mkhize,University of KwaZulu-Natal,Engineering,4,30.0,46.0,4,0,100,HIGH
NSFAS003857,Lerato Molefe,University of Stellenbosch,Science,4,40.0,32.0,4,3,100,HIGH
NSFAS003858,Busisiwe Dlamini,North-West University,Science,3,75.0,88.0,0,4,0,LOW
NSFAS003859,Thabo Molefe,University of KwaZulu-Natal,Commerce,3,62.33,80.0,1,1,0,LOW
NSFAS003860,Lindiwe Mhlongo,University of the Witwatersrand,Science,1,40.0,41.0,3,2,100,HIGH
NSFAS003861,Kagiso Ngcobo,University of Stellenbosch,Commerce,2,41.86,41.0,2,1,80,HIGH
NSFAS003862,Sibusiso Mabaso,University of Stellenbosch,Science,2,50.72,57.0,1,5,40,MEDIUM
NSFAS003863,Lindiwe Mhlongo,North-West University,Education,4,42.04,0.0,2,2,80,HIGH
NSFAS003864,Zanele Mhlongo,University of KwaZulu-Natal,Commerce,3,40.0,64.0,3,5,100,HIGH
NSFAS003865,Busisiwe Mokoena,University of Cape Town,Science,3,95.0,88.0,1,4,0,LOW
NSFAS003866,Sipho Mthethwa,University of the Free State,Science,2,56.58,65.0,1,3,40,MEDIUM
NSFAS003867,Thabo Khumalo,University of Johannesburg,Education,3,53.73,66.0,1,4,40,MEDIUM
NSFAS003868,Themba Mabaso,University of Stellenbosch,Engineering,3,63.67,62.0,0,4,40,MEDIUM
NSFAS003869,Phumzile Mokoena,University of Cape Town,Commerce,4,62.5,82.0,1,0,0,LOW
NSFAS003870,Kagiso Molefe,University of Pretoria,Commerce,2,40.58,45.0,2,1,80,HIGH
NSFAS003871,Themba Mabaso,University of the Free State,Education,4,75.0,79.0,1,1,0,LOW
NSFAS003872,Busisiwe Mabaso,University of Cape Town,Engineering,4,75.0,95.0,0,0,0,LOW
NSFAS003873,Nomsa Zulu,University of the Witwatersrand,Education,4,72.23,76.0,0,4,0,LOW
NSFAS003874,Zanele Mabaso,University of Cape Town,Engineering,4,75.0,95.0,1,1,0,LOW
NSFAS003875,Thabo Mkhize,University of the Witwatersrand,Arts,1,94.9,95.0,0,4,0,LOW
NSFAS003876,Themba Khumalo,University of Johannesburg,Arts,4,73.4,79.0,0,0,0,LOW
NSFAS003877,Lindiwe Khumalo,University of the Witwatersrand,Science,3,75.0,91.0,0,0,0,LOW
NSFAS003878,Nomsa Zulu,University of the Witwatersrand,Engineering,3,40.0,65.0,3,1,100,HIGH
NSFAS003879,Nomsa Mthembu,University of the Free State,Arts,4,47.69,44.0,3,4,100,HIGH
NSFAS003880,Nokuthula Molefe,University of the Witwatersrand,Commerce,1,66.16,85.0,0,2,0,LOW
NSFAS003881,Kagiso Ngcobo,University of Stellenbosch,Science,4,40.0,20.0,2,5,80,HIGH
NSFAS003882,Kagiso Molefe,University of KwaZulu-Natal,Science,3,75.0,91.0,0,5,0,LOW
NSFAS003883,Kagiso Molefe,University of the Free State,Education,1,43.45,38.0,1,3,80,HIGH
NSFAS003884,Nomsa Mokoena,University of Cape Town,Arts,2,84.54,95.0,1,2,0,LOW
NSFAS003885,Themba Khumalo,University of the Free State,Education,2,30.0,59.0,4,5,100,HIGH
NSFAS003886,Andile Mthethwa,University of Cape Town,Law,4,48.14,25.0,4,3,100,HIGH
NSFAS003887,Mpho Mkhize,University of Pretoria,Commerce,1,59.75,65.0,1,5,40,MEDIUM
NSFAS003888,Phumzile Mkhize,University of Johannesburg,Arts,4,59.58,57.0,1,2,40,MEDIUM
NSFAS003889,Mpho Mkhize,University of Stellenbosch,Commerce,4,41.67,34.0,4,0,100,HIGH
NSFAS003890,Andile Mhlongo,University of KwaZulu-Natal,Engineering,1,40.0,34.0,4,5,100,HIGH
NSFAS003891,Busisiwe Molefe,University of KwaZulu-Natal,Arts,3,40.0,65.0,3,1,100,HIGH
NSFAS003892,Sibusiso Mkhize,University of Cape Town,Education,2,75.0,84.0,1,2,0,LOW
NSFAS003893,Thabo Mthethwa,University of the Free State,Law,1,75.0,95.0,0,1,0,LOW
NSFAS003894,Andile Mokoena,North-West University,Arts,2,65.85,61.0,1,1,40,MEDIUM
NSFAS003895,Sipho Mhlongo,North-West University,Education,2,62.76,85.0,0,0,0,LOW
NSFAS003896,Phumzile Zulu,North-West University,Engineering,3,30.0,41.0,2,0,80,HIGH
NSFAS003897,Sipho Mhlongo,North-West University,Education,4,61.21,58.0,1,4,40,MEDIUM
NSFAS003898,Nokuthula Zulu,North-West University,Engineering,2,40.0,60.0,4,5,100,HIGH
NSFAS003899,Nomsa Mthembu,University of Stellenbosch,Engineering,4,30.0,61.0,1,3,80,HIGH
NSFAS003900,Lerato Mkhize,University of KwaZulu-Natal,Commerce,1,50.72,84.0,1,5,0,LOW
NSFAS003901,Phumzile Mhlongo,University of the Witwatersrand,Law,2,71.76,76.0,0,2,0,LOW
NSFAS003902,Themba Khumalo,University of KwaZulu-Natal,Law,4,65.22,66.0,0,5,40,MEDIUM
NSFAS003903,Nokuthula Molefe,University of the Witwatersrand,Science,1,68.08,76.0,0,1,0,LOW
NSFAS003904,Lindiwe Mokoena,University of Cape Town,Commerce,2,40.0,22.0,2,1,80,HIGH
NSFAS003905,Sibusiso Mahlangu,University of Stellenbosch,Law,3,40.0,42.0,4,5,100,HIGH
NSFAS003906,Tshepo Zulu,University of Stellenbosch,Arts,3,75.0,77.0,0,4,0,LOW
NSFAS003907,Zanele Mokoena,University of Pretoria,Commerce,1,58.14,71.0,1,3,0,LOW
NSFAS003908,Themba Mhlongo,University of KwaZulu-Natal,Education,1,75.0,88.0,1,3,0,LOW
NSFAS003909,Themba Nkosi,University of Johannesburg,Law,1,40.0,41.0,2,4,80,HIGH
NSFAS003910,Nomsa Mokoena,University of the Witwatersrand,Education,2,75.0,92.0,0,3,0,LOW
NSFAS003911,Lerato Mthembu,University of Stellenbosch,Education,3,75.0,92.0,0,5,0,LOW
NSFAS003912,Phumzile Dlamini,University of the Free State,Engineering,3,56.35,76.0,1,2,0,LOW
NSFAS003913,Mpho Mokoena,University of KwaZulu-Natal,Science,4,75.0,90.0,1,0,0,LOW
NSFAS003914,Themba Dlamini,University of Cape Town,Arts,2,30.0,55.0,2,1,80,HIGH
NSFAS003915,Sibusiso Mabaso,University of Stellenbosch,Science,3,69.72,64.0,0,3,40,MEDIUM
NSFAS003916,Thabo Nkosi,University of the Free State,Science,2,75.0,85.0,0,0,0,LOW
NSFAS003917,Themba Zulu,University of KwaZulu-Natal,Arts,2,40.12,45.0,2,0,80,HIGH
NSFAS003918,Thabo Mabaso,University of Cape Town,Engineering,4,47.83,43.0,3,4,100,HIGH
NSFAS003919,Nokuthula Khumalo,University of the Witwatersrand,Education,3,70.09,86.0,1,3,0,LOW
NSFAS003920,Lindiwe Mokoena,University of KwaZulu-Natal,Engineering,1,51.99,60.0,0,5,40,MEDIUM
NSFAS003921,Phumzile Mthembu,University of the Witwatersrand,Education,1,75.0,95.0,1,0,0,LOW
NSFAS003922,Kagiso Mahlangu,University of Stellenbosch,Arts,1,40.0,40.0,2,3,80,HIGH
NSFAS003923,Sibusiso Dlamini,University of Pretoria,Arts,3,40.0,57.0,3,2,100,HIGH
NSFAS003924,Nokuthula Khumalo,University of Stellenbosch,Law,3,47.81,52.0,4,4,100,HIGH
NSFAS003925,Sibusiso Mokoena,University of Pretoria,Science,2,40.0,23.0,4,5,100,HIGH
NSFAS003926,Sibusiso Mahlangu,University of Pretoria,Law,3,40.0,30.0,2,4,80,HIGH
NSFAS003927,Busisiwe Mthethwa,University of KwaZulu-Natal,Commerce,2,57.09,71.0,1,0,0,LOW
NSFAS003928,Tshepo Molefe,North-West University,Commerce,3,72.55,79.0,1,5,0,LOW
NSFAS003929,Andile Mokoena,University of KwaZulu-Natal,Engineering,2,67.62,77.0,0,0,0,LOW
NSFAS003930,Lindiwe Molefe,University of Johannesburg,Commerce,2,40.0,47.0,4,1,100,HIGH
NSFAS003931,Tshepo Mkhize,University of Pretoria,Law,3,40.0,41.0,2,4,80,HIGH
NSFAS003932,Lerato Zulu,University of KwaZulu-Natal,Engineering,4,44.69,58.0,4,5,100,HIGH
NSFAS003933,Busisiwe Zulu,University of Stellenbosch,Education,3,40.0,24.0,2,4,80,HIGH
NSFAS003934,Mpho Dlamini,University of the Witwatersrand,Commerce,3,30.0,46.0,2,1,80,HIGH
NSFAS003935,Sibusiso Mabaso,University of the Witwatersrand,Law,4,58.68,65.0,1,4,40,MEDIUM
NSFAS003936,Nokuthula Khumalo,University of KwaZulu-Natal,Education,4,40.0,65.0,4,0,100,HIGH
NSFAS003937,Lerato Khumalo,North-West University,Commerce,2,40.0,62.0,4,5,100,HIGH
NSFAS003938,Tshepo Molefe,University of KwaZulu-Natal,Commerce,2,75.0,90.0,0,4,0,LOW
NSFAS003939,Andile Mokoena,University of the Free State,Commerce,2,43.57,63.0,1,2,80,HIGH
NSFAS003940,Busisiwe Mthethwa,University of Stellenbosch,Education,4,92.35,86.0,0,3,0,LOW
NSFAS003941,Sibusiso Mkhize,University of Stellenbosch,Education,3,40.0,37.0,1,0,80,HIGH
NSFAS003942,Lindiwe Mthethwa,North-West University,Commerce,2,30.0,45.0,2,0,80,HIGH
NSFAS003943,Lerato Nkosi,University of Johannesburg,Commerce,4,40.0,34.0,1,2,80,HIGH
NSFAS003944,Zanele Molefe,University of Johannesburg,Education,4,65.17,71.0,1,2,0,LOW
NSFAS003945,Lindiwe Molefe,University of the Witwatersrand,Law,2,40.0,49.0,4,2,100,HIGH
NSFAS003946,Nokuthula Mkhize,University of Pretoria,Science,3,51.09,0.0,0,3,40,MEDIUM
NSFAS003947,Lerato Mthethwa,University of Stellenbosch,Law,4,40.0,36.0,4,5,100,HIGH
NSFAS003948,Nokuthula Nkosi,University of KwaZulu-Natal,Education,2,75.0,92.0,1,1,0,LOW
NSFAS003949,Sibusiso Mabaso,University of Stellenbosch,Engineering,4,30.0,33.0,1,2,80,HIGH
NSFAS003950,Busisiwe Mkhize,University of Johannesburg,Engineering,4,75.0,93.0,1,1,0,LOW
NSFAS003951,Nokuthula Mhlongo,University of the Free State,Arts,4,95.0,89.0,1,3,0,LOW
NSFAS003952,Thabo Nkosi,North-West University,Commerce,2,75.0,91.0,0,0,0,LOW
NSFAS003953,Mpho Ngcobo,University of the Witwatersrand,Commerce,1,51.55,73.0,0,1,0,LOW
NSFAS003954,Kagiso Mabaso,North-West University,Arts,1,40.0,62.0,4,0,100,HIGH
NSFAS003955,Themba Ngcobo,University of the Witwatersrand,Science,4,75.0,95.0,0,5,0,LOW
NSFAS003956,Lerato Khumalo,University of Cape Town,Arts,3,61.22,63.0,1,3,40,MEDIUM
NSFAS003957,Nokuthula Molefe,University of Johannesburg,Engineering,2,56.97,63.0,0,5,40,MEDIUM
NSFAS003958,Themba Molefe,University of KwaZulu-Natal,Law,2,40.0,22.0,3,1,100,HIGH
NSFAS003959,Themba Mokoena,University of KwaZulu-Natal,Law,2,40.12,55.0,4,0,100,HIGH
NSFAS003960,Tshepo Nkosi,University of Pretoria,Arts,1,50.95,57.0,1,3,40,MEDIUM
NSFAS003961,Tshepo Mhlongo,University of the Free State,Law,1,75.0,95.0,1,2,0,LOW
NSFAS003962,Lerato Ngcobo,University of the Witwatersrand,Commerce,3,58.13,0.0,0,4,40,MEDIUM
NSFAS003963,Mpho Khumalo,University of Pretoria,Education,1,75.0,93.0,0,3,0,LOW
NSFAS003964,Zanele Mokoena,University of Johannesburg,Law,3,40.0,48.0,1,4,80,HIGH
NSFAS003965,Busisiwe Dlamini,University of the Witwatersrand,Engineering,1,47.84,57.0,4,4,100,HIGH
NSFAS003966,Tshepo Mhlongo,University of Pretoria,Law,4,68.04,62.0,0,5,40,MEDIUM
NSFAS003967,Lindiwe Mthembu,University of Cape Town,Education,1,60.44,70.0,1,3,0,LOW
NSFAS003968,Phumzile Mhlongo,University of Cape Town,Commerce,3,75.0,94.0,1,1,0,LOW
NSFAS003969,Sibusiso Dlamini,University of the Free State,Engineering,4,40.0,59.0,2,2,80,HIGH
NSFAS003970,Kagiso Mthethwa,University of Johannesburg,Law,4,49.0,29.0,1,4,80,HIGH
NSFAS003971,Kagiso Ngcobo,University of the Witwatersrand,Arts,4,30.0,51.0,4,2,100,HIGH
NSFAS003972,Andile Mthethwa,North-West University,Arts,4,50.94,69.0,0,3,40,MEDIUM
NSFAS003973,Thabo Ngcobo,University of Cape Town,Commerce,3,45.29,58.0,4,5,100,HIGH
NSFAS003974,Sipho Ngcobo,University of the Witwatersrand,Science,4,41.25,51.0,2,2,80,HIGH
NSFAS003975,Thabo Mabaso,University of Johannesburg,Commerce,2,49.25,56.0,3,3,100,HIGH
NSFAS003976,Phumzile Nkosi,North-West University,Engineering,1,87.33,95.0,0,2,0,LOW
NSFAS003977,Lerato Khumalo,University of KwaZulu-Natal,Education,4,42.98,33.0,1,4,80,HIGH
NSFAS003978,Andile Mhlongo,University of KwaZulu-Natal,Education,1,67.68,64.0,0,2,40,MEDIUM
NSFAS003979,Mpho Molefe,University of Stellenbosch,Law,4,40.0,34.0,4,1,100,HIGH
NSFAS003980,Sibusiso Nkosi,University of Johannesburg,Arts,1,40.0,51.0,3,3,100,HIGH
NSFAS003981,Andile Nkosi,University of Pretoria,Arts,4,40.0,20.0,3,3,100,HIGH
NSFAS003982,Tshepo Mahlangu,University of Johannesburg,Commerce,1,72.11,87.0,0,3,0,LOW
NSFAS003983,Nomsa Ngcobo,University of Cape Town,Science,4,45.88,61.0,1,3,80,HIGH
NSFAS003984,Zanele Ngcobo,University of Cape Town,Engineering,2,57.04,55.0,3,2,60,HIGH
NSFAS003985,Thabo Khumalo,North-West University,Commerce,3,75.0,76.0,0,4,0,LOW
NSFAS003986,Lindiwe Nkosi,University of Pretoria,Science,1,40.0,53.0,4,5,100,HIGH
NSFAS003987,Phumzile Mthethwa,University of Cape Town,Arts,1,62.97,75.0,1,1,0,LOW
NSFAS003988,Lerato Mhlongo,University of Johannesburg,Engineering,1,75.0,86.0,1,2,0,LOW
NSFAS003989,Sipho Molefe,University of the Free State,Arts,1,75.0,82.0,1,2,0,LOW
NSFAS003990,Andile Ngcobo,University of the Witwatersrand,Engineering,2,66.09,75.0,1,5,0,LOW
NSFAS003991,Andile Khumalo,University of the Free State,Education,2,95.0,91.0,0,5,0,LOW
NSFAS003992,Mpho Mkhize,University of the Witwatersrand,Science,4,75.0,93.0,0,3,0,LOW
NSFAS003993,Themba Mhlongo,North-West University,Engineering,3,45.68,28.0,2,5,80,HIGH
NSFAS003994,Lerato Molefe,University of Johannesburg,Arts,2,40.0,64.0,2,5,80,HIGH
NSFAS003995,Tshepo Nkosi,University of Pretoria,Science,3,75.0,92.0,0,0,0,LOW
NSFAS003996,Andile Mhlongo,University of Stellenbosch,Arts,3,40.0,55.0,3,3,100,HIGH
NSFAS003997,Zanele Khumalo,University of Johannesburg,Engineering,2,50.62,66.0,1,1,40,MEDIUM
NSFAS003998,Andile Mkhize,University of Johannesburg,Commerce,2,75.0,95.0,0,4,0,LOW
NSFAS003999,Themba Mthethwa,University of Johannesburg,Arts,2,30.0,58.0,3,2,100,HIGH
NSFAS004000,Busisiwe Molefe,University of KwaZulu-Natal,Commerce,3,95.0,95.0,1,0,0,LOW
NSFAS004001,Lindiwe Zulu,University of Stellenbosch,Education,4,40.0,33.0,4,0,100,HIGH
NSFAS004002,Mpho Khumalo,University of Stellenbosch,Commerce,2,30.0,29.0,4,0,100,HIGH
NSFAS004003,Andile Ngcobo,University of the Free State,Commerce,2,47.76,53.0,3,2,100,HIGH
NSFAS004004,Lindiwe Mokoena,University of Cape Town,Engineering,2,40.54,55.0,4,0,100,HIGH
NSFAS004005,Mpho Mabaso,University of Cape Town,Science,1,44.67,23.0,4,2,100,HIGH
NSFAS004006,Sipho Mhlongo,University of Johannesburg,Commerce,4,40.0,41.0,4,2,100,HIGH
NSFAS004007,Zanele Khumalo,University of Cape Town,Science,4,58.44,83.0,1,1,0,LOW
NSFAS004008,Sibusiso Mahlangu,University of KwaZulu-Natal,Commerce,3,74.48,95.0,1,2,0,LOW
NSFAS004009,Busisiwe Ngcobo,University of Stellenbosch,Law,2,40.0,43.0,4,0,100,HIGH
NSFAS004010,Sibusiso Mthethwa,University of the Free State,Law,3,30.0,27.0,4,5,100,HIGH
NSFAS004011,Tshepo Nkosi,University of Pretoria,Engineering,4,40.0,37.0,1,2,80,HIGH
NSFAS004012,Phumzile Mhlongo,North-West University,Commerce,4,75.0,95.0,0,1,0,LOW
NSFAS004013,Kagiso Mkhize,University of Stellenbosch,Law,3,66.18,61.0,1,5,40,MEDIUM
NSFAS004014,Mpho Nkosi,University of the Witwatersrand,Commerce,1,43.65,61.0,3,4,100,HIGH
NSFAS004015,Kagiso Mkhize,University of Johannesburg,Commerce,3,40.0,0.0,4,0,100,HIGH
NSFAS004016,Nomsa Zulu,University of Stellenbosch,Commerce,4,40.0,52.0,1,1,80,HIGH
NSFAS004017,Phumzile Zulu,University of Stellenbosch,Engineering,1,30.0,41.0,3,1,100,HIGH
NSFAS004018,Phumzile Nkosi,University of KwaZulu-Natal,Law,4,40.0,49.0,2,4,80,HIGH
NSFAS004019,Themba Molefe,University of the Witwatersrand,Engineering,4,75.0,85.0,0,1,0,LOW
NSFAS004020,Mpho Nkosi,University of Cape Town,Commerce,1,75.0,95.0,0,3,0,LOW
NSFAS004021,Busisiwe Mokoena,University of Pretoria,Science,2,85.38,0.0,1,0,40,MEDIUM
NSFAS004022,Mpho Mkhize,University of the Free State,Arts,4,40.0,49.0,2,2,80,HIGH
NSFAS004023,Sipho Zulu,University of the Free State,Law,2,30.0,23.0,1,0,80,HIGH
NSFAS004024,Thabo Dlamini,University of the Witwatersrand,Engineering,1,40.0,37.0,2,4,80,HIGH
NSFAS004025,Themba Mhlongo,University of the Free State,Engineering,4,38.6,63.0,2,3,80,HIGH
NSFAS004026,Sibusiso Ngcobo,University of KwaZulu-Natal,Arts,2,46.19,58.0,2,2,80,HIGH
NSFAS004027,Thabo Mahlangu,University of KwaZulu-Natal,Engineering,2,41.46,49.0,1,0,80,HIGH
NSFAS004028,Zanele Zulu,University of Pretoria,Education,3,75.0,95.0,0,5,0,LOW
NSFAS004029,Phumzile Nkosi,North-West University,Law,4,50.97,56.0,1,5,40,MEDIUM
NSFAS004030,Sibusiso Ngcobo,University of KwaZulu-Natal,Arts,4,55.86,74.0,0,1,0,LOW
NSFAS004031,Andile Zulu,University of Stellenbosch,Commerce,2,34.09,28.0,3,3,100,HIGH
NSFAS004032,Nomsa Mthethwa,University of Johannesburg,Arts,2,41.92,39.0,2,4,80,HIGH
NSFAS004033,Lindiwe Mkhize,University of KwaZulu-Natal,Engineering,3,75.0,92.0,1,2,0,LOW
NSFAS004034,Lerato Mthethwa,University of Cape Town,Arts,4,40.0,56.0,2,1,80,HIGH
NSFAS004035,Lerato Mokoena,University of Cape Town,Arts,3,49.0,24.0,3,1,100,HIGH
NSFAS004036,Lerato Mabaso,University of Stellenbosch,Engineering,3,40.0,50.0,3,0,100,HIGH
NSFAS004037,Nokuthula Mahlangu,University of Johannesburg,Science,3,40.0,44.0,4,5,100,HIGH
NSFAS004038,Kagiso Khumalo,University of the Witwatersrand,Commerce,1,60.93,76.0,1,1,0,LOW
NSFAS004039,Mpho Ngcobo,University of the Free State,Arts,2,48.76,32.0,4,5,100,HIGH
NSFAS004040,Phumzile Dlamini,University of Cape Town,Science,3,50.94,67.0,1,4,40,MEDIUM
NSFAS004041,Mpho Nkosi,University of the Witwatersrand,Education,1,30.0,65.0,2,4,80,HIGH
NSFAS004042,Mpho Mhlongo,University of Johannesburg,Law,4,31.71,55.0,4,3,100,HIGH
NSFAS004043,Lerato Nkosi,University of Stellenbosch,Arts,1,82.57,95.0,0,2,0,LOW
NSFAS004044,Mpho Mthethwa,University of Stellenbosch,Law,3,40.0,35.0,1,4,80,HIGH
NSFAS004045,Thabo Ngcobo,University of the Free State,Law,1,75.0,95.0,0,0,0,LOW
NSFAS004046,Andile Zulu,University of the Free State,Education,3,57.42,66.0,1,2,40,MEDIUM
NSFAS004047,Nokuthula Mhlongo,University of Johannesburg,Science,1,30.0,22.0,4,3,100,HIGH
NSFAS004048,Tshepo Ngcobo,University of KwaZulu-Natal,Commerce,1,48.72,56.0,1,2,80,HIGH
NSFAS004049,Kagiso Mthethwa,University of the Free State,Arts,1,70.23,89.0,0,1,0,LOW
NSFAS004050,Andile Mokoena,University of Johannesburg,Arts,3,40.0,52.0,1,0,80,HIGH
NSFAS004051,Mpho Dlamini,University of Pretoria,Science,4,40.0,26.0,2,4,80,HIGH
NSFAS004052,Kagiso Nkosi,University of Pretoria,Engineering,1,75.0,80.0,1,1,0,LOW
NSFAS004053,Mpho Molefe,University of Stellenbosch,Law,1,40.0,30.0,3,2,100,HIGH
NSFAS004054,Busisiwe Ngcobo,North-West University,Law,2,66.22,70.0,0,4,0,LOW
NSFAS004055,Zanele Ngcobo,University of Pretoria,Engineering,1,86.25,89.0,0,0,0,LOW
NSFAS004056,Busisiwe Mabaso,University of Stellenbosch,Commerce,1,63.6,76.0,0,4,0,LOW
NSFAS004057,Zanele Khumalo,North-West University,Education,1,40.0,62.0,3,0,100,HIGH
NSFAS004058,Zanele Mabaso,University of Cape Town,Law,3,40.0,63.0,2,0,80,HIGH
NSFAS004059,Nokuthula Molefe,University of the Free State,Arts,2,46.72,62.0,1,0,80,HIGH
NSFAS004060,Zanele Zulu,University of the Witwatersrand,Commerce,2,40.0,20.0,1,2,80,HIGH
NSFAS004061,Sipho Molefe,University of Pretoria,Law,4,59.33,84.0,0,2,0,LOW
NSFAS004062,Andile Mhlongo,University of the Witwatersrand,Science,1,49.0,26.0,3,4,100,HIGH
NSFAS004063,Andile Mokoena,University of KwaZulu-Natal,Arts,2,49.28,26.0,3,2,100,HIGH
NSFAS004064,Phumzile Khumalo,University of Pretoria,Education,1,75.0,92.0,0,3,0,LOW
NSFAS004065,Lerato Mthembu,University of the Free State,Law,2,40.0,65.0,3,4,100,HIGH
NSFAS004066,Themba Mthembu,North-West University,Science,1,75.0,0.0,1,4,40,MEDIUM
NSFAS004067,Phumzile Mhlongo,University of Stellenbosch,Education,1,54.53,68.0,1,5,40,MEDIUM
NSFAS004068,Phumzile Zulu,University of Pretoria,Arts,4,72.71,87.0,0,2,0,LOW
NSFAS004069,Themba Mokoena,University of Stellenbosch,Education,3,45.69,47.0,4,4,100,HIGH
NSFAS004070,Themba Ngcobo,University of Cape Town,Arts,1,40.0,54.0,3,5,100,HIGH
NSFAS004071,Sibusiso Nkosi,University of Cape Town,Education,1,40.0,35.0,4,0,100,HIGH
NSFAS004072,Busisiwe Nkosi,University of Johannesburg,Science,1,75.0,88.0,0,0,0,LOW
NSFAS004073,Sibusiso Khumalo,University of Pretoria,Education,4,75.0,76.0,0,2,0,LOW
NSFAS004074,Mpho Zulu,University of Stellenbosch,Commerce,1,40.0,51.0,2,5,80,HIGH
NSFAS004075,Sipho Khumalo,University of the Free State,Arts,4,49.0,50.0,4,4,100,HIGH
NSFAS004076,Busisiwe Mahlangu,North-West University,Commerce,1,40.04,26.0,3,5,100,HIGH
NSFAS004077,Tshepo Khumalo,University of Cape Town,Arts,4,40.0,35.0,3,3,100,HIGH
NSFAS004078,Nomsa Ngcobo,University of Johannesburg,Commerce,1,48.27,55.0,3,2,100,HIGH
NSFAS004079,Nokuthula Mkhize,University of Pretoria,Education,2,40.0,59.0,3,2,100,HIGH
NSFAS004080,Lindiwe Zulu,University of Stellenbosch,Commerce,2,49.0,23.0,1,5,80,HIGH
NSFAS004081,Kagiso Zulu,University of Pretoria,Science,4,66.79,56.0,4,0,60,HIGH
NSFAS004082,Kagiso Khumalo,University of Pretoria,Science,1,40.0,26.0,3,3,100,HIGH
NSFAS004083,Kagiso Mabaso,University of Cape Town,Law,3,30.6,26.0,3,0,100,HIGH
NSFAS004084,Lerato Nkosi,University of Johannesburg,Commerce,4,30.0,63.0,1,4,80,HIGH
NSFAS004085,Nokuthula Mthembu,University of the Free State,Commerce,4,38.02,33.0,4,4,100,HIGH
NSFAS004086,Zanele Nkosi,University of KwaZulu-Natal,Engineering,3,45.34,50.0,4,1,100,HIGH
NSFAS004087,Sipho Dlamini,North-West University,Law,2,30.0,65.0,4,1,100,HIGH
NSFAS004088,Kagiso Mthembu,University of Stellenbosch,Commerce,2,75.0,95.0,0,2,0,LOW
NSFAS004089,Nokuthula Ngcobo,University of Johannesburg,Law,3,75.0,81.0,0,1,0,LOW
NSFAS004090,Kagiso Mhlongo,University of the Witwatersrand,Arts,4,75.0,78.0,1,5,0,LOW
NSFAS004091,Kagiso Khumalo,University of the Free State,Education,1,40.0,56.0,1,0,80,HIGH
NSFAS004092,Lindiwe Mokoena,University of Stellenbosch,Commerce,2,40.0,46.0,4,2,100,HIGH
NSFAS004093,Lerato Molefe,University of Johannesburg,Arts,4,95.0,92.0,0,2,0,LOW
NSFAS004094,Busisiwe Mabaso,University of the Free State,Engineering,1,40.0,64.0,2,5,80,HIGH
NSFAS004095,Nomsa Mahlangu,North-West University,Arts,1,34.19,53.0,3,4,100,HIGH
NSFAS004096,Kagiso Nkosi,University of the Free State,Law,1,45.94,36.0,1,3,80,HIGH
NSFAS004097,Lerato Mthethwa,North-West University,Education,1,41.84,37.0,3,5,100,HIGH
NSFAS004098,Tshepo Molefe,North-West University,Law,4,30.0,65.0,3,4,100,HIGH
NSFAS004099,Sipho Molefe,University of the Free State,Education,4,75.0,93.0,0,1,0,LOW
NSFAS004100,Mpho Mhlongo,University of the Witwatersrand,Law,1,40.0,35.0,2,1,80,HIGH
NSFAS004101,Andile Ngcobo,University of Stellenbosch,Education,1,64.29,67.0,0,3,40,MEDIUM
NSFAS004102,Kagiso Mthethwa,North-West University,Science,2,57.75,0.0,1,4,40,MEDIUM
NSFAS004103,Sipho Molefe,North-West University,Commerce,3,40.0,22.0,2,1,80,HIGH
NSFAS004104,Phumzile Nkosi,University of Cape Town,Arts,2,40.0,24.0,4,0,100,HIGH
NSFAS004105,Andile Dlamini,University of KwaZulu-Natal,Commerce,3,40.0,60.0,2,2,80,HIGH
NSFAS004106,Kagiso Ngcobo,North-West University,Law,1,40.0,41.0,2,3,80,HIGH
NSFAS004107,Sibusiso Molefe,University of the Witwatersrand,Science,2,75.0,95.0,0,0,0,LOW
NSFAS004108,Busisiwe Dlamini,University of Stellenbosch,Science,4,68.68,81.0,0,3,0,LOW
NSFAS004109,Thabo Mokoena,University of the Witwatersrand,Law,3,65.97,0.0,0,2,40,MEDIUM
NSFAS004110,Sipho Khumalo,University of Cape Town,Science,2,57.31,60.0,1,3,40,MEDIUM
NSFAS004111,Tshepo Ngcobo,University of Cape Town,Science,2,75.0,76.0,0,3,0,LOW
NSFAS004112,Zanele Molefe,North-West University,Commerce,4,53.05,58.0,3,0,60,HIGH
NSFAS004113,Sibusiso Mabaso,University of the Witwatersrand,Engineering,4,40.0,20.0,1,4,80,HIGH
NSFAS004114,Tshepo Ngcobo,University of Cape Town,Science,2,52.25,76.0,1,1,0,LOW
NSFAS004115,Kagiso Mhlongo,University of the Free State,Arts,2,40.0,24.0,1,1,80,HIGH
NSFAS004116,Mpho Molefe,North-West University,Commerce,3,95.0,83.0,1,0,0,LOW
NSFAS004117,Phumzile Ngcobo,University of Cape Town,Education,1,46.13,33.0,4,1,100,HIGH
NSFAS004118,Andile Nkosi,University of Johannesburg,Science,3,56.25,67.0,1,3,40,MEDIUM
NSFAS004119,Lerato Khumalo,University of KwaZulu-Natal,Commerce,3,95.0,88.0,0,2,0,LOW
NSFAS004120,Mpho Zulu,University of Stellenbosch,Engineering,4,64.93,59.0,1,5,40,MEDIUM
NSFAS004121,Themba Mthembu,University of Cape Town,Education,3,46.1,40.0,4,1,100,HIGH
NSFAS004122,Zanele Zulu,University of the Free State,Engineering,3,40.0,42.0,4,4,100,HIGH
NSFAS004123,Mpho Mokoena,University of the Free State,Science,4,75.0,86.0,0,1,0,LOW
NSFAS004124,Lerato Molefe,University of the Free State,Engineering,3,44.69,54.0,3,3,100,HIGH
NSFAS004125,Mpho Mhlongo,University of Stellenbosch,Law,3,49.0,44.0,2,0,80,HIGH
NSFAS004126,Andile Mkhize,University of Cape Town,Commerce,1,69.87,82.0,1,0,0,LOW
NSFAS004127,Phumzile Mkhize,University of KwaZulu-Natal,Education,1,72.22,89.0,0,5,0,LOW
NSFAS004128,Sibusiso Zulu,University of Cape Town,Engineering,3,43.67,55.0,1,3,80,HIGH
NSFAS004129,Busisiwe Mthembu,University of KwaZulu-Natal,Commerce,3,30.0,35.0,2,5,80,HIGH
NSFAS004130,Busisiwe Mthethwa,North-West University,Science,3,40.0,0.0,4,4,100,HIGH
NSFAS004131,Busisiwe Zulu,University of the Witwatersrand,Law,2,40.0,50.0,1,1,80,HIGH
NSFAS004132,Phumzile Zulu,University of KwaZulu-Natal,Engineering,3,72.1,95.0,0,2,0,LOW
NSFAS004133,Busisiwe Mahlangu,University of the Free State,Law,3,56.61,56.0,2,4,40,MEDIUM
NSFAS004134,Lerato Mhlongo,University of KwaZulu-Natal,Law,4,40.0,61.0,2,5,80,HIGH
NSFAS004135,Lindiwe Mabaso,University of the Free State,Law,3,40.0,47.0,2,0,80,HIGH
NSFAS004136,Nomsa Mahlangu,University of the Witwatersrand,Arts,3,40.0,57.0,3,0,100,HIGH
NSFAS004137,Phumzile Mhlongo,University of Stellenbosch,Commerce,1,66.38,81.0,1,2,0,LOW
NSFAS004138,Phumzile Mahlangu,University of KwaZulu-Natal,Science,2,73.9,92.0,0,1,0,LOW
NSFAS004139,Phumzile Mahlangu,University of the Free State,Law,2,75.0,87.0,1,5,0,LOW
NSFAS004140,Lindiwe Molefe,University of Cape Town,Science,3,40.0,40.0,2,0,80,HIGH
NSFAS004141,Kagiso Mabaso,University of the Free State,Arts,4,49.0,65.0,0,0,80,HIGH
NSFAS004142,Mpho Mkhize,University of KwaZulu-Natal,Arts,2,46.66,26.0,2,5,80,HIGH
NSFAS004143,Kagiso Khumalo,North-West University,Engineering,3,40.0,55.0,4,0,100,HIGH
NSFAS004144,Sipho Ngcobo,North-West University,Arts,3,87.0,90.0,1,4,0,LOW
NSFAS004145,Thabo Mabaso,University of the Witwatersrand,Arts,4,75.0,93.0,0,2,0,LOW
NSFAS004146,Mpho Mthethwa,University of the Free State,Commerce,1,40.0,23.0,1,5,80,HIGH
NSFAS004147,Mpho Molefe,University of Cape Town,Engineering,3,75.0,88.0,1,4,0,LOW
NSFAS004148,Themba Dlamini,University of KwaZulu-Natal,Science,1,35.24,32.0,3,4,100,HIGH
NSFAS004149,Lindiwe Nkosi,University of Johannesburg,Education,4,30.0,53.0,1,0,80,HIGH
NSFAS004150,Lindiwe Molefe,North-West University,Arts,1,40.0,44.0,3,4,100,HIGH
NSFAS004151,Sibusiso Ngcobo,University of the Free State,Education,2,43.94,37.0,1,5,80,HIGH
NSFAS004152,Sipho Ngcobo,University of Johannesburg,Law,2,30.0,51.0,4,5,100,HIGH
NSFAS004153,Kagiso Dlamini,University of Stellenbosch,Commerce,1,42.53,64.0,1,2,80,HIGH
NSFAS004154,Lindiwe Nkosi,University of the Witwatersrand,Arts,4,75.0,95.0,0,1,0,LOW
NSFAS004155,Thabo Nkosi,University of the Free State,Science,4,40.0,26.0,2,3,80,HIGH
NSFAS004156,Kagiso Mokoena,University of KwaZulu-Natal,Science,1,75.0,82.0,0,2,0,LOW
NSFAS004157,Lindiwe Nkosi,University of KwaZulu-Natal,Arts,4,75.0,95.0,1,5,0,LOW
NSFAS004158,Andile Mahlangu,University of the Free State,Commerce,2,46.68,54.0,3,2,100,HIGH
NSFAS004159,Lindiwe Ngcobo,University of Pretoria,Law,4,63.87,74.0,0,3,0,LOW
NSFAS004160,Thabo Khumalo,University of the Witwatersrand,Education,1,53.62,61.0,1,1,40,MEDIUM
NSFAS004161,Nomsa Mkhize,North-West University,Commerce,3,75.0,95.0,1,1,0,LOW
NSFAS004162,Lindiwe Mkhize,University of KwaZulu-Natal,Science,4,75.0,92.0,0,2,0,LOW
NSFAS004163,Nomsa Mthembu,University of Johannesburg,Science,1,40.0,40.0,2,1,80,HIGH
NSFAS004164,Lindiwe Mahlangu,University of Johannesburg,Science,2,75.0,95.0,0,3,0,LOW
NSFAS004165,Themba Mthethwa,University of Johannesburg,Science,1,40.0,60.0,3,4,100,HIGH
NSFAS004166,Tshepo Mthembu,University of the Free State,Education,3,40.0,53.0,3,0,100,HIGH
NSFAS004167,Nomsa Mabaso,North-West University,Commerce,3,58.51,85.0,1,5,0,LOW
NSFAS004168,Kagiso Mabaso,North-West University,Law,2,40.0,58.0,3,0,100,HIGH
NSFAS004169,Busisiwe Mahlangu,University of Johannesburg,Arts,3,75.0,95.0,0,2,0,LOW
NSFAS004170,Mpho Mthethwa,University of Stellenbosch,Science,3,40.0,38.0,1,1,80,HIGH
NSFAS004171,Nomsa Khumalo,University of the Free State,Education,3,75.0,89.0,1,3,0,LOW
NSFAS004172,Thabo Mhlongo,University of KwaZulu-Natal,Education,2,75.0,84.0,0,4,0,LOW
NSFAS004173,Nokuthula Molefe,University of Stellenbosch,Law,3,40.0,47.0,4,1,100,HIGH
NSFAS004174,Tshepo Dlamini,University of KwaZulu-Natal,Commerce,3,56.34,80.0,1,0,0,LOW
NSFAS004175,Phumzile Nkosi,University of the Free State,Science,3,59.04,60.0,0,3,40,MEDIUM
NSFAS004176,Zanele Mkhize,University of Pretoria,Law,1,54.68,80.0,0,4,0,LOW
NSFAS004177,Busisiwe Molefe,University of Cape Town,Arts,1,85.56,95.0,1,0,0,LOW
NSFAS004178,Nomsa Mabaso,University of Cape Town,Commerce,1,40.0,62.0,4,2,100,HIGH
NSFAS004179,Nomsa Mahlangu,North-West University,Commerce,1,48.2,47.0,4,1,100,HIGH
NSFAS004180,Sibusiso Khumalo,University of Cape Town,Science,3,30.0,39.0,2,4,80,HIGH
NSFAS004181,Mpho Mahlangu,University of KwaZulu-Natal,Education,2,66.37,73.0,1,1,0,LOW
NSFAS004182,Phumzile Dlamini,University of KwaZulu-Natal,Science,4,84.2,88.0,0,1,0,LOW
NSFAS004183,Phumzile Mabaso,University of Johannesburg,Education,4,40.0,59.0,3,4,100,HIGH
NSFAS004184,Lindiwe Mabaso,University of Johannesburg,Commerce,3,75.0,95.0,0,3,0,LOW
NSFAS004185,Sibusiso Zulu,University of Stellenbosch,Engineering,1,75.0,81.0,0,3,0,LOW
NSFAS004186,Phumzile Molefe,University of KwaZulu-Natal,Education,4,51.13,73.0,1,4,0,LOW
NSFAS004187,Mpho Zulu,University of the Witwatersrand,Arts,3,55.27,78.0,0,1,0,LOW
NSFAS004188,Sipho Ngcobo,North-West University,Education,4,40.0,63.0,1,1,80,HIGH
NSFAS004189,Nokuthula Mthethwa,University of Johannesburg,Commerce,4,74.04,95.0,0,1,0,LOW
NSFAS004190,Nokuthula Dlamini,University of Pretoria,Engineering,4,75.0,91.0,0,5,0,LOW
NSFAS004191,Themba Molefe,University of Johannesburg,Engineering,4,75.0,93.0,1,2,0,LOW
NSFAS004192,Lerato Mhlongo,University of Stellenbosch,Law,2,71.54,76.0,0,2,0,LOW
NSFAS004193,Phumzile Mahlangu,University of the Free State,Commerce,4,33.68,43.0,2,4,80,HIGH
NSFAS004194,Andile Ngcobo,University of the Witwatersrand,Engineering,2,75.0,95.0,1,2,0,LOW
NSFAS004195,Kagiso Mthembu,University of Pretoria,Education,2,52.78,58.0,3,0,60,HIGH
NSFAS004196,Mpho Mthembu,University of Cape Town,Engineering,3,74.28,86.0,1,2,0,LOW
NSFAS004197,Nomsa Mabaso,University of KwaZulu-Natal,Education,4,45.98,28.0,3,0,100,HIGH
NSFAS004198,Lerato Zulu,North-West University,Science,1,62.62,66.0,0,2,40,MEDIUM
NSFAS004199,Nomsa Nkosi,University of KwaZulu-Natal,Education,2,70.03,95.0,0,1,0,LOW
NSFAS004200,Nomsa Mhlongo,North-West University,Law,1,42.3,64.0,1,1,80,HIGH
NSFAS004201,Nomsa Mkhize,University of the Witwatersrand,Law,2,54.62,62.0,0,5,40,MEDIUM
NSFAS004202,Nokuthula Ngcobo,University of Johannesburg,Engineering,1,40.0,27.0,1,1,80,HIGH
NSFAS004203,Lerato Dlamini,University of Cape Town,Law,1,69.59,84.0,0,0,0,LOW
NSFAS004204,Sibusiso Mahlangu,University of the Free State,Arts,4,75.0,89.0,0,1,0,LOW
NSFAS004205,Busisiwe Ngcobo,North-West University,Science,2,40.0,64.0,1,0,80,HIGH
NSFAS004206,Busisiwe Mthethwa,North-West University,Science,4,30.0,44.0,4,2,100,HIGH
NSFAS004207,Mpho Molefe,University of Pretoria,Science,3,40.0,51.0,2,0,80,HIGH
NSFAS004208,Mpho Mthembu,University of Johannesburg,Commerce,3,65.07,71.0,0,3,0,LOW
NSFAS004209,Busisiwe Mthembu,North-West University,Arts,4,74.82,84.0,0,1,0,LOW
NSFAS004210,Andile Mthembu,University of KwaZulu-Natal,Science,1,60.12,59.0,3,2,60,HIGH
NSFAS004211,Zanele Mahlangu,University of Johannesburg,Law,3,40.0,24.0,2,5,80,HIGH
NSFAS004212,Themba Mhlongo,University of Johannesburg,Education,3,30.0,62.0,3,0,100,HIGH
NSFAS004213,Nomsa Khumalo,University of Johannesburg,Law,4,44.48,26.0,3,3,100,HIGH
NSFAS004214,Themba Mahlangu,University of the Witwatersrand,Arts,2,71.64,85.0,0,4,0,LOW
NSFAS004215,Kagiso Mahlangu,University of Cape Town,Commerce,1,81.7,95.0,1,2,0,LOW
NSFAS004216,Kagiso Ngcobo,University of Johannesburg,Law,1,30.0,43.0,3,0,100,HIGH
NSFAS004217,Themba Mkhize,North-West University,Engineering,2,65.89,59.0,3,4,60,HIGH
NSFAS004218,Mpho Mhlongo,University of the Free State,Arts,2,30.0,23.0,2,0,80,HIGH
NSFAS004219,Nomsa Molefe,North-West University,Engineering,1,40.0,45.0,3,3,100,HIGH
NSFAS004220,Zanele Zulu,University of Cape Town,Commerce,2,40.0,52.0,3,1,100,HIGH
NSFAS004221,Phumzile Ngcobo,North-West University,Engineering,4,40.0,39.0,3,0,100,HIGH
NSFAS004222,Sibusiso Molefe,University of KwaZulu-Natal,Engineering,1,75.0,79.0,0,3,0,LOW
NSFAS004223,Lindiwe Mkhize,University of Pretoria,Education,4,75.0,95.0,0,4,0,LOW
NSFAS004224,Phumzile Mthembu,University of the Witwatersrand,Science,2,50.22,75.0,1,2,0,LOW
NSFAS004225,Nokuthula Mhlongo,North-West University,Commerce,4,40.0,30.0,1,0,80,HIGH
NSFAS004226,Busisiwe Zulu,University of Johannesburg,Science,4,30.0,60.0,4,5,100,HIGH
NSFAS004227,Nokuthula Khumalo,University of the Free State,Arts,2,40.0,26.0,4,2,100,HIGH
NSFAS004228,Nomsa Mhlongo,North-West University,Engineering,2,48.75,59.0,1,1,80,HIGH
NSFAS004229,Thabo Mabaso,University of Cape Town,Commerce,1,60.55,80.0,1,0,0,LOW
NSFAS004230,Lindiwe Mabaso,University of Johannesburg,Education,4,46.4,65.0,0,2,80,HIGH
NSFAS004231,Andile Mthembu,University of KwaZulu-Natal,Arts,2,40.0,25.0,2,5,80,HIGH
NSFAS004232,Nomsa Mhlongo,University of Johannesburg,Arts,4,40.13,24.0,1,4,80,HIGH
NSFAS004233,Nokuthula Mthethwa,University of KwaZulu-Natal,Education,4,40.0,43.0,3,0,100,HIGH
NSFAS004234,Zanele Dlamini,University of Pretoria,Science,3,78.51,88.0,0,4,0,LOW
NSFAS004235,Nokuthula Ngcobo,North-West University,Science,4,38.18,20.0,1,5,80,HIGH
NSFAS004236,Zanele Ngcobo,University of Stellenbosch,Commerce,2,75.0,79.0,0,2,0,LOW
NSFAS004237,Phumzile Molefe,University of Stellenbosch,Education,3,63.86,81.0,1,2,0,LOW
NSFAS004238,Sipho Zulu,University of the Free State,Commerce,2,40.0,40.0,1,1,80,HIGH
NSFAS004239,Tshepo Molefe,University of the Free State,Science,2,46.95,58.0,3,0,100,HIGH
NSFAS004240,Nomsa Mhlongo,University of KwaZulu-Natal,Arts,3,61.01,79.0,1,1,0,LOW
NSFAS004241,Tshepo Mkhize,University of Johannesburg,Science,2,46.62,32.0,1,5,80,HIGH
NSFAS004242,Lindiwe Dlamini,University of Pretoria,Commerce,3,54.35,78.0,0,1,0,LOW
NSFAS004243,Sibusiso Mabaso,University of Pretoria,Science,3,75.0,95.0,0,0,0,LOW
NSFAS004244,Sipho Nkosi,University of KwaZulu-Natal,Law,1,75.0,80.0,0,5,0,LOW
NSFAS004245,Tshepo Zulu,University of the Witwatersrand,Education,4,40.0,23.0,3,2,100,HIGH
NSFAS004246,Sibusiso Nkosi,University of Pretoria,Science,1,75.0,87.0,1,0,0,LOW
NSFAS004247,Zanele Zulu,University of the Witwatersrand,Law,1,65.76,0.0,0,1,40,MEDIUM
NSFAS004248,Lerato Mthethwa,University of the Witwatersrand,Law,2,75.0,82.0,0,2,0,LOW
NSFAS004249,Lindiwe Mokoena,North-West University,Engineering,3,40.0,49.0,4,5,100,HIGH
NSFAS004250,Tshepo Mthethwa,North-West University,Education,4,34.46,64.0,4,2,100,HIGH
NSFAS004251,Thabo Mthethwa,University of the Witwatersrand,Arts,3,40.0,41.0,3,4,100,HIGH
NSFAS004252,Tshepo Mthethwa,University of Pretoria,Arts,3,40.0,28.0,1,3,80,HIGH
NSFAS004253,Kagiso Molefe,University of KwaZulu-Natal,Education,3,75.0,85.0,0,4,0,LOW
NSFAS004254,Andile Mahlangu,University of the Witwatersrand,Engineering,1,30.0,36.0,2,2,80,HIGH
NSFAS004255,Mpho Mahlangu,University of the Free State,Commerce,3,67.48,60.0,0,4,40,MEDIUM
NSFAS004256,Mpho Khumalo,North-West University,Commerce,1,40.0,41.0,1,2,80,HIGH
NSFAS004257,Sipho Nkosi,University of Stellenbosch,Commerce,4,30.0,31.0,4,0,100,HIGH
NSFAS004258,Sibusiso Mthembu,University of the Witwatersrand,Arts,4,75.0,81.0,1,4,0,LOW
NSFAS004259,Tshepo Mahlangu,University of Stellenbosch,Engineering,1,62.8,55.0,2,4,40,MEDIUM
NSFAS004260,Zanele Ngcobo,University of KwaZulu-Natal,Arts,3,41.75,26.0,1,5,80,HIGH
NSFAS004261,Thabo Mokoena,University of Johannesburg,Science,3,54.54,65.0,0,4,40,MEDIUM
NSFAS004262,Thabo Mahlangu,University of the Free State,Arts,1,47.38,51.0,1,4,80,HIGH
NSFAS004263,Nokuthula Dlamini,University of KwaZulu-Natal,Law,3,40.0,27.0,3,1,100,HIGH
NSFAS004264,Sibusiso Mahlangu,University of Pretoria,Law,2,40.0,62.0,1,5,80,HIGH
NSFAS004265,Nokuthula Ngcobo,University of Stellenbosch,Law,3,40.0,54.0,4,2,100,HIGH
NSFAS004266,Nomsa Mahlangu,North-West University,Law,1,87.49,91.0,0,0,0,LOW
NSFAS004267,Tshepo Khumalo,University of KwaZulu-Natal,Science,2,42.08,44.0,1,2,80,HIGH
NSFAS004268,Busisiwe Nkosi,University of Johannesburg,Education,3,75.0,79.0,0,1,0,LOW
NSFAS004269,Busisiwe Zulu,University of Pretoria,Law,4,41.37,29.0,4,4,100,HIGH
NSFAS004270,Nomsa Mkhize,University of Johannesburg,Education,3,30.0,57.0,4,1,100,HIGH
NSFAS004271,Nokuthula Ngcobo,North-West University,Education,3,95.0,76.0,0,3,0,LOW
NSFAS004272,Lindiwe Khumalo,University of Johannesburg,Engineering,4,40.0,32.0,3,5,100,HIGH
NSFAS004273,Phumzile Mhlongo,University of Johannesburg,Arts,4,75.0,84.0,1,5,0,LOW
NSFAS004274,Phumzile Molefe,University of Pretoria,Science,3,49.0,30.0,4,5,100,HIGH
NSFAS004275,Zanele Mokoena,University of Cape Town,Commerce,2,75.0,80.0,0,1,0,LOW
NSFAS004276,Kagiso Mabaso,North-West University,Engineering,3,75.0,95.0,0,2,0,LOW
NSFAS004277,Busisiwe Mthembu,University of Johannesburg,Arts,4,66.06,76.0,1,5,0,LOW
NSFAS004278,Kagiso Mahlangu,University of Cape Town,Arts,2,41.06,37.0,3,3,100,HIGH
NSFAS004279,Lindiwe Dlamini,University of Stellenbosch,Arts,3,45.96,44.0,2,5,80,HIGH
NSFAS004280,Themba Molefe,North-West University,Arts,2,74.1,95.0,0,3,0,LOW
NSFAS004281,Kagiso Nkosi,University of Johannesburg,Law,3,67.52,77.0,1,2,0,LOW
NSFAS004282,Sipho Mhlongo,University of Cape Town,Commerce,2,75.0,93.0,0,0,0,LOW
NSFAS004283,Zanele Nkosi,North-West University,Engineering,1,40.0,37.0,4,1,100,HIGH
NSFAS004284,Phumzile Mthethwa,University of Pretoria,Science,4,40.0,25.0,1,5,80,HIGH
NSFAS004285,Nokuthula Zulu,University of Stellenbosch,Commerce,3,75.0,95.0,1,2,0,LOW
NSFAS004286,Nokuthula Mthethwa,North-West University,Science,4,62.97,66.0,0,0,40,MEDIUM
NSFAS004287,Themba Dlamini,University of Johannesburg,Arts,1,40.0,23.0,3,1,100,HIGH
NSFAS004288,Sibusiso Nkosi,North-West University,Engineering,1,63.4,62.0,0,1,40,MEDIUM
NSFAS004289,Sipho Zulu,University of the Witwatersrand,Science,4,75.0,95.0,0,0,0,LOW
NSFAS004290,Tshepo Mahlangu,University of Cape Town,Science,3,40.0,41.0,3,5,100,HIGH
NSFAS004291,Busisiwe Mahlangu,University of Pretoria,Arts,3,40.0,57.0,4,3,100,HIGH
NSFAS004292,Thabo Zulu,University of the Free State,Science,4,40.0,45.0,4,5,100,HIGH
NSFAS004293,Phumzile Mabaso,University of Pretoria,Science,4,40.0,34.0,1,0,80,HIGH
NSFAS004294,Nokuthula Khumalo,University of Johannesburg,Arts,1,40.0,28.0,2,0,80,HIGH
NSFAS004295,Kagiso Ngcobo,University of Johannesburg,Commerce,4,40.0,53.0,2,4,80,HIGH
NSFAS004296,Busisiwe Mthembu,University of Stellenbosch,Engineering,4,51.83,77.0,0,5,0,LOW
NSFAS004297,Nomsa Mahlangu,University of the Free State,Arts,2,40.0,28.0,2,4,80,HIGH
NSFAS004298,Nomsa Mabaso,University of Johannesburg,Education,2,69.59,68.0,0,0,40,MEDIUM
NSFAS004299,Busisiwe Ngcobo,University of the Free State,Commerce,4,40.0,27.0,1,0,80,HIGH
NSFAS004300,Sipho Mthembu,North-West University,Science,3,47.22,24.0,1,4,80,HIGH
NSFAS004301,Tshepo Nkosi,University of Stellenbosch,Education,3,75.0,89.0,1,5,0,LOW
NSFAS004302,Kagiso Zulu,University of KwaZulu-Natal,Commerce,1,56.94,83.0,0,3,0,LOW
NSFAS004303,Thabo Molefe,University of Cape Town,Commerce,2,80.62,95.0,1,2,0,LOW
NSFAS004304,Zanele Molefe,University of Pretoria,Engineering,2,60.51,70.0,0,4,0,LOW
NSFAS004305,Tshepo Nkosi,University of KwaZulu-Natal,Science,3,59.6,61.0,1,5,40,MEDIUM
NSFAS004306,Thabo Mokoena,University of Stellenbosch,Law,2,64.56,73.0,0,0,0,LOW
NSFAS004307,Nokuthula Mthethwa,University of the Witwatersrand,Engineering,3,49.99,63.0,1,2,80,HIGH
NSFAS004308,Lindiwe Mthethwa,University of Stellenbosch,Science,4,75.0,91.0,1,3,0,LOW
NSFAS004309,Sibusiso Mabaso,University of Johannesburg,Education,2,52.45,55.0,2,0,40,MEDIUM
NSFAS004310,Busisiwe Mkhize,University of Johannesburg,Commerce,3,75.0,95.0,0,3,0,LOW
NSFAS004311,Nokuthula Mthethwa,University of the Free State,Commerce,3,75.0,79.0,0,4,0,LOW
NSFAS004312,Kagiso Nkosi,University of Johannesburg,Law,3,40.0,40.0,4,4,100,HIGH
NSFAS004313,Themba Molefe,University of Cape Town,Science,2,40.0,23.0,4,0,100,HIGH
NSFAS004314,Lerato Mhlongo,University of Johannesburg,Engineering,3,95.0,91.0,0,3,0,LOW
NSFAS004315,Zanele Khumalo,University of KwaZulu-Natal,Commerce,3,75.0,95.0,0,2,0,LOW
NSFAS004316,Mpho Zulu,University of Stellenbosch,Law,3,63.26,60.0,1,0,40,MEDIUM
NSFAS004317,Phumzile Dlamini,North-West University,Commerce,1,56.4,60.0,1,3,40,MEDIUM
NSFAS004318,Lerato Mkhize,University of Cape Town,Arts,3,75.0,95.0,0,3,0,LOW
NSFAS004319,Mpho Nkosi,University of Johannesburg,Commerce,3,82.11,94.0,1,1,0,LOW
NSFAS004320,Themba Nkosi,University of KwaZulu-Natal,Commerce,2,40.0,23.0,4,1,100,HIGH
NSFAS004321,Kagiso Zulu,University of the Witwatersrand,Commerce,1,40.0,49.0,2,5,80,HIGH
NSFAS004322,Themba Khumalo,University of the Witwatersrand,Education,4,49.0,35.0,3,4,100,HIGH
NSFAS004323,Nomsa Khumalo,University of KwaZulu-Natal,Arts,3,63.11,56.0,3,1,60,HIGH
NSFAS004324,Themba Ngcobo,University of the Free State,Commerce,3,56.66,63.0,0,2,40,MEDIUM
NSFAS004325,Andile Khumalo,University of Johannesburg,Science,4,40.0,64.0,4,2,100,HIGH
NSFAS004326,Lerato Mokoena,University of the Free State,Law,2,40.0,47.0,1,2,80,HIGH
NSFAS004327,Tshepo Dlamini,University of Johannesburg,Commerce,3,74.47,88.0,0,3,0,LOW
NSFAS004328,Kagiso Mthethwa,University of Johannesburg,Science,3,66.5,56.0,2,3,40,MEDIUM
NSFAS004329,Sibusiso Zulu,University of KwaZulu-Natal,Education,3,30.0,36.0,3,0,100,HIGH
NSFAS004330,Andile Mokoena,University of KwaZulu-Natal,Engineering,2,63.32,55.0,3,4,60,HIGH
NSFAS004331,Kagiso Mthembu,University of Cape Town,Science,2,75.0,88.0,1,4,0,LOW
NSFAS004332,Lindiwe Mkhize,University of Johannesburg,Science,2,83.57,95.0,1,3,0,LOW
NSFAS004333,Andile Mabaso,University of KwaZulu-Natal,Commerce,2,41.69,49.0,2,0,80,HIGH
NSFAS004334,Themba Nkosi,University of Cape Town,Engineering,3,40.0,35.0,1,2,80,HIGH
NSFAS004335,Busisiwe Dlamini,University of the Free State,Science,2,40.0,45.0,4,3,100,HIGH
NSFAS004336,Lerato Mhlongo,University of KwaZulu-Natal,Commerce,2,75.0,89.0,1,0,0,LOW
NSFAS004337,Tshepo Dlamini,University of Cape Town,Law,3,75.0,95.0,0,4,0,LOW
NSFAS004338,Busisiwe Mthembu,University of Stellenbosch,Law,3,66.92,78.0,1,0,0,LOW
NSFAS004339,Sipho Mthembu,University of the Witwatersrand,Education,4,75.0,77.0,1,1,0,LOW
NSFAS004340,Lerato Zulu,University of the Witwatersrand,Arts,4,75.0,76.0,0,5,0,LOW
NSFAS004341,Sibusiso Ngcobo,University of the Free State,Education,1,40.0,22.0,1,2,80,HIGH
NSFAS004342,Lindiwe Khumalo,University of KwaZulu-Natal,Arts,1,75.0,76.0,0,0,0,LOW
NSFAS004343,Nomsa Ngcobo,University of KwaZulu-Natal,Education,1,70.72,81.0,1,2,0,LOW
NSFAS004344,Lerato Mahlangu,University of the Witwatersrand,Commerce,2,59.2,60.0,1,5,40,MEDIUM
NSFAS004345,Nomsa Ngcobo,University of Johannesburg,Arts,1,88.32,75.0,1,2,0,LOW
NSFAS004346,Mpho Mthembu,North-West University,Law,2,57.7,78.0,1,2,0,LOW
NSFAS004347,Sibusiso Mthethwa,University of Pretoria,Law,1,75.0,75.0,1,5,0,LOW
NSFAS004348,Andile Mokoena,University of the Witwatersrand,Engineering,1,40.0,35.0,1,4,80,HIGH
NSFAS004349,Kagiso Mkhize,North-West University,Science,1,40.0,0.0,4,2,100,HIGH
NSFAS004350,Nomsa Nkosi,University of the Witwatersrand,Science,4,42.03,61.0,2,1,80,HIGH
NSFAS004351,Sipho Khumalo,University of the Free State,Commerce,3,72.51,84.0,1,4,0,LOW
NSFAS004352,Sipho Mthethwa,University of Cape Town,Arts,2,40.0,56.0,4,3,100,HIGH
NSFAS004353,Phumzile Mokoena,North-West University,Science,1,54.42,74.0,0,5,0,LOW
NSFAS004354,Mpho Nkosi,University of Stellenbosch,Science,3,40.0,49.0,1,3,80,HIGH
NSFAS004355,Nomsa Mthembu,University of Cape Town,Law,3,40.0,28.0,4,3,100,HIGH
NSFAS004356,Sibusiso Mokoena,University of Johannesburg,Arts,3,70.5,95.0,1,0,0,LOW
NSFAS004357,Phumzile Khumalo,University of KwaZulu-Natal,Arts,1,40.0,45.0,4,4,100,HIGH
NSFAS004358,Sipho Mthethwa,University of Johannesburg,Science,4,54.53,62.0,1,2,40,MEDIUM
NSFAS004359,Sipho Nkosi,University of the Free State,Engineering,3,42.9,46.0,1,5,80,HIGH
NSFAS004360,Thabo Mhlongo,University of the Witwatersrand,Science,3,75.0,84.0,0,4,0,LOW
NSFAS004361,Themba Mahlangu,University of Johannesburg,Arts,1,64.79,79.0,1,3,0,LOW
NSFAS004362,Themba Khumalo,University of Johannesburg,Education,2,75.0,95.0,1,2,0,LOW
NSFAS004363,Thabo Ngcobo,University of KwaZulu-Natal,Law,4,53.03,56.0,1,4,40,MEDIUM
NSFAS004364,Nomsa Zulu,University of Cape Town,Commerce,4,73.93,79.0,0,5,0,LOW
NSFAS004365,Andile Dlamini,North-West University,Law,3,86.41,80.0,1,5,0,LOW
NSFAS004366,Themba Mhlongo,University of Pretoria,Education,3,40.0,53.0,1,0,80,HIGH
NSFAS004367,Phumzile Mthethwa,North-West University,Science,1,67.41,57.0,3,3,60,HIGH
NSFAS004368,Nokuthula Mthethwa,University of Cape Town,Science,3,40.0,57.0,3,2,100,HIGH
NSFAS004369,Thabo Dlamini,University of the Free State,Commerce,3,40.0,54.0,3,0,100,HIGH
NSFAS004370,Zanele Molefe,University of Johannesburg,Education,4,43.07,34.0,3,2,100,HIGH
NSFAS004371,Sipho Mokoena,University of Cape Town,Engineering,3,30.0,40.0,2,3,80,HIGH
NSFAS004372,Thabo Khumalo,University of Stellenbosch,Engineering,3,75.0,84.0,0,3,0,LOW
NSFAS004373,Sibusiso Khumalo,University of Stellenbosch,Commerce,3,75.0,95.0,0,4,0,LOW
NSFAS004374,Lerato Nkosi,University of KwaZulu-Natal,Science,4,75.0,84.0,1,5,0,LOW
NSFAS004375,Phumzile Dlamini,North-West University,Law,4,49.0,30.0,4,5,100,HIGH
NSFAS004376,Busisiwe Mhlongo,University of Stellenbosch,Commerce,3,40.0,57.0,2,3,80,HIGH
NSFAS004377,Phumzile Mthembu,University of Pretoria,Commerce,2,30.0,26.0,3,4,100,HIGH
NSFAS004378,Phumzile Ngcobo,University of Johannesburg,Education,3,40.0,65.0,1,4,80,HIGH
NSFAS004379,Nomsa Mabaso,University of KwaZulu-Natal,Science,3,67.39,65.0,1,3,40,MEDIUM
NSFAS004380,Tshepo Nkosi,North-West University,Law,2,40.0,32.0,2,2,80,HIGH
NSFAS004381,Busisiwe Molefe,North-West University,Science,4,61.43,72.0,0,2,0,LOW
NSFAS004382,Andile Khumalo,University of KwaZulu-Natal,Engineering,2,40.0,62.0,3,0,100,HIGH
NSFAS004383,Phumzile Mahlangu,University of KwaZulu-Natal,Arts,2,61.33,84.0,0,5,0,LOW
NSFAS004384,Themba Nkosi,University of the Free State,Law,2,40.0,65.0,1,3,80,HIGH
NSFAS004385,Nokuthula Mthembu,University of Cape Town,Education,4,40.0,25.0,1,1,80,HIGH
NSFAS004386,Sipho Nkosi,North-West University,Science,1,42.64,31.0,4,2,100,HIGH
NSFAS004387,Nokuthula Mthembu,University of KwaZulu-Natal,Arts,2,57.87,62.0,1,1,40,MEDIUM
NSFAS004388,Sipho Mthethwa,University of Pretoria,Science,2,61.34,68.0,0,4,40,MEDIUM
NSFAS004389,Themba Dlamini,University of the Witwatersrand,Law,3,30.0,0.0,1,3,80,HIGH
NSFAS004390,Themba Mthembu,University of the Free State,Engineering,4,40.0,38.0,2,5,80,HIGH
NSFAS004391,Mpho Mabaso,University of Johannesburg,Engineering,1,49.69,34.0,1,2,80,HIGH
NSFAS004392,Nomsa Mabaso,University of Cape Town,Arts,1,75.0,83.0,0,5,0,LOW
NSFAS004393,Sipho Zulu,University of the Witwatersrand,Arts,1,42.84,21.0,3,4,100,HIGH
NSFAS004394,Tshepo Mabaso,North-West University,Education,3,75.0,82.0,1,4,0,LOW
NSFAS004395,Nokuthula Mhlongo,University of the Witwatersrand,Science,4,40.0,25.0,2,5,80,HIGH
NSFAS004396,Busisiwe Mhlongo,University of Stellenbosch,Science,4,30.0,52.0,4,1,100,HIGH
NSFAS004397,Phumzile Dlamini,University of Johannesburg,Engineering,1,51.65,69.0,0,3,40,MEDIUM
NSFAS004398,Nokuthula Mhlongo,University of Stellenbosch,Arts,1,49.0,58.0,2,2,80,HIGH
NSFAS004399,Busisiwe Dlamini,North-West University,Commerce,3,42.55,47.0,4,3,100,HIGH
NSFAS004400,Zanele Zulu,University of Cape Town,Engineering,1,30.0,55.0,3,1,100,HIGH
NSFAS004401,Andile Mahlangu,University of Cape Town,Commerce,4,75.0,83.0,0,3,0,LOW
NSFAS004402,Zanele Mhlongo,University of the Free State,Arts,4,40.0,36.0,4,4,100,HIGH
NSFAS004403,Zanele Zulu,University of the Witwatersrand,Science,2,30.0,45.0,1,1,80,HIGH
NSFAS004404,Nokuthula Dlamini,University of Cape Town,Commerce,3,52.09,78.0,1,1,0,LOW
NSFAS004405,Thabo Molefe,University of Cape Town,Arts,4,75.0,95.0,1,1,0,LOW
NSFAS004406,Sibusiso Ngcobo,University of KwaZulu-Natal,Law,1,60.62,72.0,0,3,0,LOW
NSFAS004407,Themba Mhlongo,University of Pretoria,Commerce,4,70.0,80.0,1,2,0,LOW
NSFAS004408,Andile Ngcobo,University of Pretoria,Commerce,2,48.79,48.0,2,3,80,HIGH
NSFAS004409,Thabo Zulu,University of KwaZulu-Natal,Engineering,4,40.0,0.0,1,0,80,HIGH
NSFAS004410,Thabo Mahlangu,University of the Witwatersrand,Commerce,4,40.0,24.0,2,2,80,HIGH
NSFAS004411,Phumzile Mahlangu,University of Stellenbosch,Engineering,4,40.0,0.0,3,4,100,HIGH
NSFAS004412,Kagiso Mthembu,University of the Witwatersrand,Arts,2,40.0,54.0,1,5,80,HIGH
NSFAS004413,Kagiso Mhlongo,University of Stellenbosch,Education,4,30.0,63.0,2,2,80,HIGH
NSFAS004414,Themba Mkhize,University of Cape Town,Engineering,2,40.0,22.0,4,4,100,HIGH
NSFAS004415,Kagiso Mthethwa,University of Pretoria,Arts,2,40.0,56.0,4,2,100,HIGH
NSFAS004416,Busisiwe Mthembu,University of Stellenbosch,Science,1,49.72,61.0,1,0,80,HIGH
NSFAS004417,Busisiwe Mhlongo,University of Pretoria,Commerce,1,61.15,69.0,0,5,40,MEDIUM
NSFAS004418,Mpho Mthembu,University of Stellenbosch,Science,4,40.0,28.0,1,5,80,HIGH
NSFAS004419,Mpho Ngcobo,University of Stellenbosch,Law,1,75.0,87.0,1,3,0,LOW
NSFAS004420,Lerato Mkhize,University of Pretoria,Science,1,57.12,81.0,0,3,0,LOW
NSFAS004421,Nokuthula Dlamini,North-West University,Law,3,30.0,59.0,3,5,100,HIGH
NSFAS004422,Nokuthula Mabaso,University of Cape Town,Law,1,30.0,49.0,2,5,80,HIGH
NSFAS004423,Nomsa Mabaso,University of the Free State,Education,4,67.7,63.0,0,3,40,MEDIUM
NSFAS004424,Phumzile Mhlongo,University of Pretoria,Commerce,3,30.0,38.0,1,3,80,HIGH
NSFAS004425,Zanele Mthethwa,University of Stellenbosch,Arts,1,65.57,65.0,0,4,40,MEDIUM
NSFAS004426,Zanele Zulu,University of Pretoria,Engineering,3,75.0,95.0,1,5,0,LOW
NSFAS004427,Mpho Mthembu,University of Johannesburg,Arts,4,40.0,41.0,1,0,80,HIGH
NSFAS004428,Kagiso Khumalo,North-West University,Arts,4,74.37,88.0,0,2,0,LOW
NSFAS004429,Lindiwe Mokoena,University of Cape Town,Law,3,45.24,36.0,2,5,80,HIGH
NSFAS004430,Thabo Zulu,University of Johannesburg,Arts,3,42.75,34.0,1,3,80,HIGH
NSFAS004431,Mpho Mthembu,University of Stellenbosch,Engineering,2,59.58,60.0,0,5,40,MEDIUM
NSFAS004432,Lerato Zulu,University of KwaZulu-Natal,Engineering,3,43.93,60.0,1,1,80,HIGH
NSFAS004433,Themba Dlamini,University of Cape Town,Science,1,30.0,42.0,3,2,100,HIGH
NSFAS004434,Themba Dlamini,University of Stellenbosch,Arts,3,30.0,65.0,2,4,80,HIGH
NSFAS004435,Sipho Mthembu,University of the Witwatersrand,Engineering,1,30.0,65.0,1,3,80,HIGH
NSFAS004436,Sibusiso Mthembu,University of Johannesburg,Arts,2,40.0,35.0,3,2,100,HIGH
NSFAS004437,Busisiwe Mthembu,University of the Free State,Commerce,4,40.0,37.0,1,3,80,HIGH
NSFAS004438,Sipho Khumalo,University of the Witwatersrand,Education,4,64.18,82.0,0,1,0,LOW
NSFAS004439,Themba Mkhize,University of Johannesburg,Arts,2,40.0,21.0,3,0,100,HIGH
NSFAS004440,Themba Molefe,University of Cape Town,Science,2,49.0,28.0,1,3,80,HIGH
NSFAS004441,Mpho Nkosi,University of Pretoria,Engineering,3,60.94,74.0,1,4,0,LOW
NSFAS004442,Tshepo Mahlangu,University of the Free State,Education,1,51.06,67.0,0,3,40,MEDIUM
NSFAS004443,Lerato Mthembu,University of Stellenbosch,Commerce,3,75.0,85.0,0,1,0,LOW
NSFAS004444,Thabo Mkhize,University of the Free State,Science,1,72.01,82.0,1,4,0,LOW
NSFAS004445,Phumzile Molefe,University of the Free State,Arts,4,40.0,61.0,2,5,80,HIGH
NSFAS004446,Themba Nkosi,University of the Witwatersrand,Commerce,3,51.14,62.0,1,2,40,MEDIUM
NSFAS004447,Andile Mkhize,University of Johannesburg,Engineering,3,40.0,32.0,3,3,100,HIGH
NSFAS004448,Mpho Mthethwa,University of the Free State,Arts,1,75.0,95.0,1,1,0,LOW
NSFAS004449,Nomsa Mahlangu,North-West University,Law,2,89.92,95.0,0,2,0,LOW
NSFAS004450,Tshepo Mahlangu,University of KwaZulu-Natal,Commerce,1,40.0,23.0,1,4,80,HIGH
NSFAS004451,Busisiwe Mkhize,University of Stellenbosch,Engineering,1,75.0,76.0,0,2,0,LOW
NSFAS004452,Andile Khumalo,University of KwaZulu-Natal,Commerce,3,74.31,86.0,1,2,0,LOW
NSFAS004453,Sipho Dlamini,North-West University,Engineering,4,56.79,71.0,1,2,0,LOW
NSFAS004454,Nokuthula Mthethwa,University of KwaZulu-Natal,Science,4,35.44,59.0,3,1,100,HIGH
NSFAS004455,Phumzile Ngcobo,University of the Witwatersrand,Science,4,45.91,64.0,1,1,80,HIGH
NSFAS004456,Themba Khumalo,University of the Free State,Engineering,2,75.0,79.0,0,4,0,LOW
NSFAS004457,Lerato Mthembu,University of the Witwatersrand,Arts,1,69.66,67.0,0,1,40,MEDIUM
NSFAS004458,Busisiwe Mhlongo,North-West University,Law,2,75.0,84.0,1,0,0,LOW
NSFAS004459,Nomsa Dlamini,University of the Free State,Science,4,40.0,30.0,4,1,100,HIGH
NSFAS004460,Kagiso Dlamini,University of Johannesburg,Science,1,75.0,85.0,1,2,0,LOW
NSFAS004461,Themba Mokoena,University of Stellenbosch,Commerce,1,75.0,91.0,0,0,0,LOW
NSFAS004462,Thabo Khumalo,University of Pretoria,Education,1,40.0,48.0,1,4,80,HIGH
NSFAS004463,Zanele Mokoena,University of Johannesburg,Law,4,30.0,49.0,2,0,80,HIGH
NSFAS004464,Sibusiso Mthembu,University of Johannesburg,Arts,2,45.44,23.0,2,3,80,HIGH
NSFAS004465,Thabo Mokoena,University of KwaZulu-Natal,Engineering,2,44.9,65.0,1,2,80,HIGH
NSFAS004466,Kagiso Molefe,University of Stellenbosch,Law,4,40.0,39.0,4,1,100,HIGH
NSFAS004467,Sibusiso Mahlangu,North-West University,Engineering,4,40.0,41.0,1,2,80,HIGH
NSFAS004468,Tshepo Mthethwa,North-West University,Education,3,58.13,78.0,0,1,0,LOW
NSFAS004469,Sipho Ngcobo,University of the Witwatersrand,Engineering,3,66.9,65.0,1,2,40,MEDIUM
NSFAS004470,Themba Mahlangu,North-West University,Commerce,1,40.0,23.0,4,1,100,HIGH
NSFAS004471,Nokuthula Mthembu,University of the Free State,Science,4,75.0,81.0,1,5,0,LOW
NSFAS004472,Kagiso Mhlongo,University of Stellenbosch,Engineering,3,55.69,62.0,0,5,40,MEDIUM
NSFAS004473,Sipho Mhlongo,North-West University,Engineering,4,49.0,51.0,2,0,80,HIGH
NSFAS004474,Nokuthula Mhlongo,University of Cape Town,Education,3,31.77,48.0,2,2,80,HIGH
NSFAS004475,Lindiwe Mthembu,University of KwaZulu-Natal,Law,2,40.0,53.0,3,0,100,HIGH
NSFAS004476,Busisiwe Dlamini,University of the Witwatersrand,Science,2,40.0,34.0,3,4,100,HIGH
NSFAS004477,Lindiwe Khumalo,University of Pretoria,Science,1,40.0,38.0,4,4,100,HIGH
NSFAS004478,Thabo Nkosi,University of the Witwatersrand,Education,3,75.0,86.0,1,4,0,LOW
NSFAS004479,Lerato Mhlongo,University of KwaZulu-Natal,Engineering,3,54.95,70.0,1,2,0,LOW
NSFAS004480,Mpho Nkosi,University of KwaZulu-Natal,Education,2,40.0,27.0,1,0,80,HIGH
NSFAS004481,Sipho Khumalo,University of KwaZulu-Natal,Arts,2,58.85,56.0,1,5,40,MEDIUM
NSFAS004482,Sibusiso Mthembu,University of KwaZulu-Natal,Science,1,49.58,25.0,1,0,80,HIGH
NSFAS004483,Sibusiso Mokoena,University of Pretoria,Engineering,1,40.0,40.0,3,0,100,HIGH
NSFAS004484,Nokuthula Mabaso,University of Stellenbosch,Arts,2,47.66,42.0,1,2,80,HIGH
NSFAS004485,Nokuthula Zulu,University of KwaZulu-Natal,Law,3,75.0,95.0,0,1,0,LOW
NSFAS004486,Phumzile Dlamini,University of the Witwatersrand,Education,1,50.96,61.0,0,2,40,MEDIUM
NSFAS004487,Tshepo Nkosi,University of the Witwatersrand,Science,3,61.19,60.0,0,1,40,MEDIUM
NSFAS004488,Andile Zulu,University of Stellenbosch,Engineering,3,30.0,63.0,4,3,100,HIGH
NSFAS004489,Andile Mhlongo,University of the Witwatersrand,Law,3,75.0,89.0,0,1,0,LOW
NSFAS004490,Zanele Khumalo,University of Pretoria,Arts,1,40.0,42.0,2,1,80,HIGH
NSFAS004491,Mpho Ngcobo,University of Stellenbosch,Law,2,75.0,95.0,0,5,0,LOW
NSFAS004492,Themba Zulu,University of Pretoria,Commerce,1,40.0,26.0,2,0,80,HIGH
NSFAS004493,Mpho Mthethwa,University of Stellenbosch,Engineering,4,30.0,63.0,1,2,80,HIGH
NSFAS004494,Mpho Mahlangu,University of Stellenbosch,Education,2,40.0,33.0,4,3,100,HIGH
NSFAS004495,Lindiwe Mahlangu,University of Johannesburg,Law,4,40.0,37.0,1,1,80,HIGH
NSFAS004496,Zanele Dlamini,North-West University,Education,2,39.38,23.0,1,5,80,HIGH
NSFAS004497,Sipho Mokoena,University of the Witwatersrand,Arts,1,40.0,35.0,2,5,80,HIGH
NSFAS004498,Lerato Mabaso,University of Johannesburg,Science,1,54.28,67.0,1,5,40,MEDIUM
NSFAS004499,Mpho Zulu,University of Stellenbosch,Science,1,43.69,25.0,1,3,80,HIGH
NSFAS004500,Nomsa Khumalo,University of the Witwatersrand,Science,1,70.96,95.0,0,0,0,LOW
NSFAS004501,Sibusiso Mabaso,University of the Free State,Science,2,53.11,64.0,1,1,40,MEDIUM
NSFAS004502,Mpho Nkosi,University of the Free State,Engineering,4,51.06,63.0,1,0,40,MEDIUM
NSFAS004503,Lindiwe Mkhize,University of Stellenbosch,Commerce,3,40.0,58.0,4,2,100,HIGH
NSFAS004504,Phumzile Ngcobo,University of Johannesburg,Law,3,75.0,85.0,0,1,0,LOW
NSFAS004505,Nokuthula Khumalo,University of the Witwatersrand,Science,2,49.0,37.0,1,4,80,HIGH
NSFAS004506,Tshepo Mokoena,University of Stellenbosch,Engineering,1,67.16,63.0,1,4,40,MEDIUM
NSFAS004507,Sibusiso Mahlangu,North-West University,Commerce,3,94.51,94.0,0,5,0,LOW
NSFAS004508,Mpho Mkhize,University of Cape Town,Commerce,3,40.0,61.0,2,0,80,HIGH
NSFAS004509,Nomsa Mthembu,University of Pretoria,Science,4,47.22,64.0,1,3,80,HIGH
NSFAS004510,Phumzile Mthethwa,University of Stellenbosch,Commerce,2,65.48,85.0,1,0,0,LOW
NSFAS004511,Kagiso Mhlongo,University of KwaZulu-Natal,Engineering,3,40.0,36.0,3,2,100,HIGH
NSFAS004512,Andile Mhlongo,University of the Witwatersrand,Law,1,44.64,59.0,4,4,100,HIGH
NSFAS004513,Mpho Dlamini,North-West University,Law,4,52.86,83.0,0,2,0,LOW
NSFAS004514,Andile Mokoena,University of the Witwatersrand,Education,1,40.0,32.0,1,0,80,HIGH
NSFAS004515,Busisiwe Mokoena,University of KwaZulu-Natal,Engineering,3,55.59,77.0,1,5,0,LOW
NSFAS004516,Zanele Nkosi,University of Johannesburg,Law,1,40.0,20.0,4,1,100,HIGH
NSFAS004517,Lerato Mabaso,North-West University,Law,3,54.48,83.0,1,4,0,LOW
NSFAS004518,Zanele Mokoena,University of Cape Town,Commerce,4,75.0,83.0,1,3,0,LOW
NSFAS004519,Zanele Mokoena,North-West University,Education,4,42.46,53.0,2,1,80,HIGH
NSFAS004520,Sibusiso Molefe,University of the Free State,Commerce,3,59.95,0.0,0,1,40,MEDIUM
NSFAS004521,Nokuthula Zulu,University of Johannesburg,Science,4,94.12,95.0,0,3,0,LOW
NSFAS004522,Themba Mthethwa,University of Cape Town,Law,2,40.0,30.0,2,4,80,HIGH
NSFAS004523,Mpho Mabaso,University of the Free State,Arts,1,40.0,26.0,1,0,80,HIGH
NSFAS004524,Kagiso Mthembu,University of KwaZulu-Natal,Law,4,75.0,85.0,1,5,0,LOW
NSFAS004525,Mpho Khumalo,North-West University,Engineering,1,75.0,87.0,1,5,0,LOW
NSFAS004526,Zanele Zulu,University of KwaZulu-Natal,Science,1,63.4,62.0,1,2,40,MEDIUM
NSFAS004527,Sipho Nkosi,University of KwaZulu-Natal,Engineering,1,40.0,65.0,3,5,100,HIGH
NSFAS004528,Phumzile Khumalo,University of Pretoria,Law,1,58.9,55.0,3,5,60,HIGH
NSFAS004529,Phumzile Mthethwa,University of Stellenbosch,Education,3,30.0,43.0,4,1,100,HIGH
NSFAS004530,Nomsa Molefe,University of Stellenbosch,Science,3,40.0,39.0,2,2,80,HIGH
NSFAS004531,Sibusiso Mabaso,University of Stellenbosch,Arts,4,40.0,46.0,2,4,80,HIGH
NSFAS004532,Andile Mabaso,North-West University,Engineering,1,75.0,95.0,1,0,0,LOW
NSFAS004533,Lerato Ngcobo,North-West University,Arts,3,40.0,64.0,1,2,80,HIGH
NSFAS004534,Busisiwe Mkhize,University of Cape Town,Education,3,40.0,48.0,2,5,80,HIGH
NSFAS004535,Phumzile Khumalo,North-West University,Arts,3,58.25,70.0,1,0,0,LOW
NSFAS004536,Lerato Khumalo,North-West University,Education,2,40.0,59.0,1,2,80,HIGH
NSFAS004537,Andile Ngcobo,University of Stellenbosch,Arts,3,30.0,21.0,3,2,100,HIGH
NSFAS004538,Andile Ngcobo,University of Johannesburg,Science,4,63.02,68.0,1,5,40,MEDIUM
NSFAS004539,Thabo Nkosi,University of Cape Town,Arts,2,47.98,51.0,1,5,80,HIGH
NSFAS004540,Lindiwe Dlamini,North-West University,Arts,1,55.92,58.0,1,4,40,MEDIUM
NSFAS004541,Andile Mthethwa,University of Johannesburg,Arts,2,75.0,95.0,0,5,0,LOW
NSFAS004542,Mpho Mthethwa,North-West University,Engineering,2,40.0,57.0,4,0,100,HIGH
NSFAS004543,Lindiwe Khumalo,University of KwaZulu-Natal,Law,2,75.0,78.0,1,5,0,LOW
NSFAS004544,Lindiwe Mkhize,University of the Free State,Education,3,77.11,92.0,1,5,0,LOW
NSFAS004545,Lindiwe Dlamini,University of Stellenbosch,Law,2,56.46,70.0,0,2,0,LOW
NSFAS004546,Sibusiso Khumalo,North-West University,Arts,3,40.0,30.0,4,5,100,HIGH
NSFAS004547,Sipho Zulu,University of Pretoria,Commerce,4,66.63,55.0,1,3,40,MEDIUM
NSFAS004548,Nomsa Khumalo,University of Cape Town,Engineering,1,85.74,95.0,1,0,0,LOW
NSFAS004549,Sibusiso Mahlangu,University of KwaZulu-Natal,Science,1,75.0,95.0,0,0,0,LOW
NSFAS004550,Andile Mthembu,University of Pretoria,Commerce,2,83.68,81.0,1,4,0,LOW
NSFAS004551,Andile Khumalo,University of the Free State,Science,2,48.91,27.0,1,2,80,HIGH
NSFAS004552,Sibusiso Mthembu,University of Stellenbosch,Law,2,75.0,76.0,0,1,0,LOW
NSFAS004553,Zanele Nkosi,North-West University,Science,2,45.5,27.0,4,4,100,HIGH
NSFAS004554,Lindiwe Mokoena,University of KwaZulu-Natal,Science,4,44.66,52.0,2,1,80,HIGH
NSFAS004555,Nokuthula Mhlongo,University of Stellenbosch,Law,4,40.0,37.0,2,1,80,HIGH
NSFAS004556,Kagiso Mkhize,North-West University,Arts,1,67.49,68.0,0,4,40,MEDIUM
NSFAS004557,Lindiwe Mthethwa,University of Cape Town,Science,1,40.0,57.0,2,0,80,HIGH
NSFAS004558,Zanele Mokoena,University of Pretoria,Commerce,2,40.0,64.0,2,2,80,HIGH
NSFAS004559,Themba Mabaso,University of the Witwatersrand,Education,2,40.0,27.0,3,2,100,HIGH
NSFAS004560,Nomsa Mhlongo,University of the Free State,Engineering,4,40.0,62.0,1,4,80,HIGH
NSFAS004561,Sibusiso Mthethwa,University of Stellenbosch,Law,4,69.02,76.0,0,3,0,LOW
NSFAS004562,Sibusiso Mokoena,University of Pretoria,Arts,4,69.35,72.0,0,4,0,LOW
NSFAS004563,Lerato Ngcobo,North-West University,Engineering,4,40.0,56.0,3,0,100,HIGH
NSFAS004564,Thabo Dlamini,North-West University,Law,3,40.0,0.0,1,0,80,HIGH
NSFAS004565,Nomsa Khumalo,University of Cape Town,Arts,3,75.0,75.0,0,4,0,LOW
NSFAS004566,Zanele Mthethwa,North-West University,Law,3,63.71,0.0,0,5,40,MEDIUM
NSFAS004567,Lindiwe Zulu,North-West University,Education,2,30.0,25.0,3,3,100,HIGH
NSFAS004568,Themba Nkosi,University of Cape Town,Commerce,3,41.13,31.0,2,1,80,HIGH
NSFAS004569,Nokuthula Khumalo,University of Johannesburg,Arts,1,40.0,27.0,2,5,80,HIGH
NSFAS004570,Thabo Mkhize,University of Johannesburg,Science,1,40.51,0.0,2,4,80,HIGH
NSFAS004571,Kagiso Khumalo,University of Johannesburg,Commerce,1,50.22,0.0,1,0,40,MEDIUM
NSFAS004572,Thabo Ngcobo,University of Johannesburg,Commerce,1,34.61,37.0,4,4,100,HIGH
NSFAS004573,Nokuthula Mhlongo,University of Pretoria,Science,2,30.0,28.0,4,5,100,HIGH
NSFAS004574,Zanele Khumalo,University of the Witwatersrand,Arts,4,30.0,55.0,3,4,100,HIGH
NSFAS004575,Sibusiso Mthethwa,University of the Witwatersrand,Law,4,75.0,76.0,0,2,0,LOW
NSFAS004576,Busisiwe Mokoena,University of Johannesburg,Commerce,3,40.0,43.0,4,0,100,HIGH
NSFAS004577,Andile Nkosi,University of KwaZulu-Natal,Law,3,68.47,83.0,0,4,0,LOW
NSFAS004578,Lindiwe Ngcobo,University of Cape Town,Law,4,40.0,54.0,3,4,100,HIGH
NSFAS004579,Lerato Mabaso,University of Pretoria,Education,3,55.78,80.0,0,4,0,LOW
NSFAS004580,Sipho Khumalo,North-West University,Arts,1,40.28,43.0,4,0,100,HIGH
NSFAS004581,Busisiwe Mahlangu,University of KwaZulu-Natal,Science,2,40.0,41.0,2,0,80,HIGH
NSFAS004582,Tshepo Mahlangu,University of the Witwatersrand,Education,1,46.07,33.0,2,0,80,HIGH
NSFAS004583,Sibusiso Dlamini,University of Stellenbosch,Science,3,75.0,95.0,0,3,0,LOW
NSFAS004584,Tshepo Mahlangu,University of Pretoria,Arts,1,40.0,34.0,1,5,80,HIGH
NSFAS004585,Nomsa Mthembu,University of Stellenbosch,Engineering,3,68.66,83.0,1,1,0,LOW
NSFAS004586,Lindiwe Molefe,University of Pretoria,Education,2,75.0,90.0,1,1,0,LOW
NSFAS004587,Phumzile Mthembu,University of KwaZulu-Natal,Education,4,40.0,48.0,2,3,80,HIGH
NSFAS004588,Sipho Mkhize,University of Pretoria,Arts,3,75.0,88.0,1,0,0,LOW
NSFAS004589,Andile Mkhize,University of Johannesburg,Law,4,30.0,0.0,3,0,100,HIGH
NSFAS004590,Nomsa Dlamini,University of KwaZulu-Natal,Arts,2,61.47,57.0,1,1,40,MEDIUM
NSFAS004591,Themba Mabaso,University of Stellenbosch,Education,3,39.75,28.0,3,3,100,HIGH
NSFAS004592,Tshepo Khumalo,University of the Witwatersrand,Education,1,68.77,77.0,0,0,0,LOW
NSFAS004593,Nomsa Mabaso,University of KwaZulu-Natal,Commerce,1,54.45,82.0,1,1,0,LOW
NSFAS004594,Themba Khumalo,University of Cape Town,Law,4,40.0,26.0,2,2,80,HIGH
NSFAS004595,Sibusiso Dlamini,University of Pretoria,Commerce,3,30.0,49.0,4,4,100,HIGH
NSFAS004596,Sibusiso Mthembu,University of Johannesburg,Commerce,3,65.65,59.0,3,1,60,HIGH
NSFAS004597,Sibusiso Ngcobo,University of Johannesburg,Law,2,67.55,67.0,0,3,40,MEDIUM
NSFAS004598,Lindiwe Khumalo,University of Stellenbosch,Engineering,1,44.08,37.0,4,0,100,HIGH
NSFAS004599,Mpho Molefe,University of KwaZulu-Natal,Engineering,4,50.79,83.0,1,0,0,LOW
NSFAS004600,Lindiwe Khumalo,University of the Witwatersrand,Engineering,3,57.07,64.0,0,2,40,MEDIUM
NSFAS004601,Andile Mokoena,University of KwaZulu-Natal,Education,3,40.0,23.0,1,4,80,HIGH
NSFAS004602,Zanele Mokoena,University of KwaZulu-Natal,Arts,3,48.66,61.0,1,4,80,HIGH
NSFAS004603,Nomsa Mkhize,University of Pretoria,Law,1,43.84,46.0,4,3,100,HIGH
NSFAS004604,Nomsa Zulu,University of the Witwatersrand,Engineering,2,40.0,35.0,4,3,100,HIGH
NSFAS004605,Phumzile Mkhize,North-West University,Education,2,49.0,54.0,1,5,80,HIGH
NSFAS004606,Nokuthula Khumalo,University of Johannesburg,Arts,4,61.4,80.0,1,1,0,LOW
NSFAS004607,Nokuthula Mokoena,University of Cape Town,Science,3,42.93,53.0,3,2,100,HIGH
NSFAS004608,Zanele Mthethwa,University of KwaZulu-Natal,Commerce,2,40.0,61.0,1,0,80,HIGH
NSFAS004609,Lindiwe Mthethwa,University of Cape Town,Arts,4,54.29,81.0,0,2,0,LOW
NSFAS004610,Busisiwe Molefe,University of the Free State,Commerce,3,40.0,55.0,4,1,100,HIGH
NSFAS004611,Sipho Mhlongo,University of KwaZulu-Natal,Science,2,53.18,79.0,1,4,0,LOW
NSFAS004612,Lindiwe Mokoena,North-West University,Law,2,75.0,75.0,0,3,0,LOW
NSFAS004613,Andile Molefe,University of Pretoria,Engineering,4,55.9,82.0,0,2,0,LOW
NSFAS004614,Busisiwe Khumalo,University of Johannesburg,Science,4,41.64,39.0,1,0,80,HIGH
NSFAS004615,Mpho Mhlongo,University of the Witwatersrand,Science,2,49.0,50.0,3,5,100,HIGH
NSFAS004616,Sipho Mthembu,University of Stellenbosch,Science,1,75.0,77.0,1,3,0,LOW
NSFAS004617,Lerato Mahlangu,University of the Witwatersrand,Education,4,75.0,94.0,0,2,0,LOW
NSFAS004618,Themba Mokoena,University of the Free State,Engineering,4,54.66,72.0,1,3,0,LOW
NSFAS004619,Thabo Dlamini,University of the Witwatersrand,Commerce,3,30.0,62.0,1,0,80,HIGH
NSFAS004620,Tshepo Khumalo,North-West University,Engineering,2,30.0,48.0,3,0,100,HIGH
NSFAS004621,Nomsa Nkosi,University of Cape Town,Science,4,61.11,74.0,1,5,0,LOW
NSFAS004622,Tshepo Mthembu,University of Stellenbosch,Law,4,40.0,44.0,3,5,100,HIGH
NSFAS004623,Andile Molefe,University of Johannesburg,Arts,2,30.0,25.0,4,4,100,HIGH
NSFAS004624,Mpho Mthembu,University of the Free State,Commerce,4,75.0,85.0,0,0,0,LOW
NSFAS004625,Zanele Nkosi,University of the Free State,Law,2,48.05,49.0,4,4,100,HIGH
NSFAS004626,Themba Dlamini,University of the Witwatersrand,Commerce,2,40.0,42.0,1,5,80,HIGH
NSFAS004627,Mpho Ngcobo,University of the Witwatersrand,Engineering,1,58.37,59.0,1,0,40,MEDIUM
NSFAS004628,Busisiwe Mokoena,University of Cape Town,Law,1,41.05,42.0,4,2,100,HIGH
NSFAS004629,Themba Mkhize,University of Johannesburg,Arts,4,30.0,44.0,2,3,80,HIGH
NSFAS004630,Sipho Mthembu,University of the Free State,Law,4,48.13,57.0,3,1,100,HIGH
NSFAS004631,Busisiwe Mhlongo,University of Johannesburg,Law,3,83.62,84.0,1,2,0,LOW
NSFAS004632,Tshepo Mthethwa,University of the Free State,Engineering,2,52.36,67.0,1,0,40,MEDIUM
NSFAS004633,Zanele Mthembu,University of Cape Town,Arts,4,57.74,76.0,0,0,0,LOW
NSFAS004634,Thabo Mthembu,University of the Free State,Engineering,2,40.0,45.0,3,5,100,HIGH
NSFAS004635,Thabo Zulu,University of Johannesburg,Science,1,47.25,35.0,2,4,80,HIGH
NSFAS004636,Sibusiso Mhlongo,University of Johannesburg,Law,2,95.0,78.0,1,4,0,LOW
NSFAS004637,Mpho Mhlongo,University of Pretoria,Arts,2,40.0,64.0,3,5,100,HIGH
NSFAS004638,Nomsa Mahlangu,University of the Witwatersrand,Law,1,40.0,40.0,2,0,80,HIGH
NSFAS004639,Nomsa Molefe,University of KwaZulu-Natal,Law,1,65.82,83.0,0,1,0,LOW
NSFAS004640,Andile Zulu,University of Pretoria,Law,4,49.0,57.0,1,4,80,HIGH
NSFAS004641,Andile Molefe,North-West University,Arts,4,30.0,0.0,3,4,100,HIGH
NSFAS004642,Sibusiso Khumalo,University of the Witwatersrand,Commerce,4,49.0,46.0,2,1,80,HIGH
NSFAS004643,Busisiwe Mokoena,University of Johannesburg,Law,3,75.0,77.0,0,0,0,LOW
NSFAS004644,Mpho Ngcobo,University of the Free State,Arts,2,34.48,30.0,2,5,80,HIGH
NSFAS004645,Nokuthula Nkosi,University of Cape Town,Arts,3,40.0,29.0,1,4,80,HIGH
NSFAS004646,Nomsa Mabaso,University of Cape Town,Education,1,74.54,95.0,1,3,0,LOW
NSFAS004647,Kagiso Dlamini,University of Johannesburg,Arts,1,40.0,38.0,3,5,100,HIGH
NSFAS004648,Kagiso Nkosi,University of the Free State,Arts,3,40.0,33.0,1,0,80,HIGH
NSFAS004649,Kagiso Dlamini,University of Pretoria,Engineering,1,40.0,47.0,2,2,80,HIGH
NSFAS004650,Themba Mhlongo,North-West University,Engineering,4,60.23,75.0,1,1,0,LOW
NSFAS004651,Themba Dlamini,University of Johannesburg,Engineering,1,55.67,66.0,0,5,40,MEDIUM
NSFAS004652,Nokuthula Mokoena,University of the Free State,Law,1,75.0,92.0,1,4,0,LOW
NSFAS004653,Phumzile Khumalo,University of Cape Town,Engineering,2,40.0,28.0,4,2,100,HIGH
NSFAS004654,Nomsa Mabaso,University of Cape Town,Law,2,70.59,78.0,0,4,0,LOW
NSFAS004655,Kagiso Mthethwa,University of the Free State,Education,1,40.0,31.0,4,0,100,HIGH
NSFAS004656,Sipho Mhlongo,University of Stellenbosch,Science,1,75.0,95.0,0,0,0,LOW
NSFAS004657,Thabo Mokoena,University of Stellenbosch,Science,3,55.59,75.0,1,3,0,LOW
NSFAS004658,Lerato Khumalo,University of Stellenbosch,Commerce,4,75.0,89.0,1,4,0,LOW
NSFAS004659,Thabo Mthethwa,North-West University,Arts,4,68.99,73.0,1,5,0,LOW
NSFAS004660,Sibusiso Mahlangu,University of the Free State,Education,1,60.92,57.0,3,0,60,HIGH
NSFAS004661,Andile Mahlangu,University of the Witwatersrand,Law,4,69.33,79.0,1,5,0,LOW
NSFAS004662,Mpho Mahlangu,University of Pretoria,Science,2,62.47,67.0,0,2,40,MEDIUM
NSFAS004663,Nomsa Mabaso,University of Pretoria,Engineering,1,75.0,86.0,0,0,0,LOW
NSFAS004664,Lindiwe Mthembu,University of Pretoria,Law,3,47.49,28.0,2,2,80,HIGH
NSFAS004665,Nokuthula Mkhize,University of Johannesburg,Commerce,4,40.0,22.0,3,5,100,HIGH
NSFAS004666,Lindiwe Mhlongo,University of Johannesburg,Engineering,2,48.7,48.0,2,3,80,HIGH
NSFAS004667,Thabo Mabaso,University of KwaZulu-Natal,Education,1,75.0,85.0,0,4,0,LOW
NSFAS004668,Busisiwe Mabaso,University of Johannesburg,Engineering,2,30.0,46.0,1,5,80,HIGH
NSFAS004669,Mpho Molefe,University of Stellenbosch,Law,4,40.0,47.0,2,2,80,HIGH
NSFAS004670,Nomsa Mahlangu,University of Johannesburg,Law,1,40.0,49.0,4,3,100,HIGH
NSFAS004671,Nomsa Khumalo,North-West University,Education,2,40.0,49.0,3,3,100,HIGH
NSFAS004672,Tshepo Mahlangu,University of KwaZulu-Natal,Engineering,3,69.77,62.0,0,4,40,MEDIUM
NSFAS004673,Andile Ngcobo,University of Cape Town,Commerce,2,40.0,44.0,4,5,100,HIGH
NSFAS004674,Thabo Ngcobo,University of KwaZulu-Natal,Arts,1,36.59,21.0,1,2,80,HIGH
NSFAS004675,Tshepo Mhlongo,University of Johannesburg,Law,3,56.03,79.0,1,0,0,LOW
NSFAS004676,Tshepo Mabaso,University of Cape Town,Law,3,40.0,29.0,2,1,80,HIGH
NSFAS004677,Kagiso Mabaso,University of Cape Town,Arts,4,49.0,52.0,4,3,100,HIGH
NSFAS004678,Andile Zulu,North-West University,Engineering,3,52.87,63.0,1,2,40,MEDIUM
NSFAS004679,Lindiwe Nkosi,University of Stellenbosch,Commerce,2,40.0,59.0,2,4,80,HIGH
NSFAS004680,Sipho Mthethwa,University of Johannesburg,Law,1,75.0,84.0,0,4,0,LOW
NSFAS004681,Themba Mthembu,University of Johannesburg,Education,4,44.33,50.0,4,3,100,HIGH
NSFAS004682,Kagiso Mahlangu,University of Pretoria,Engineering,2,71.76,86.0,1,5,0,LOW
NSFAS004683,Zanele Mokoena,University of Johannesburg,Education,2,49.0,35.0,3,5,100,HIGH
NSFAS004684,Sipho Mokoena,University of Johannesburg,Science,4,40.0,42.0,2,2,80,HIGH
NSFAS004685,Sibusiso Mhlongo,University of the Witwatersrand,Commerce,3,40.0,54.0,3,1,100,HIGH
NSFAS004686,Themba Mokoena,University of the Witwatersrand,Arts,1,57.15,73.0,0,5,0,LOW
NSFAS004687,Lindiwe Mhlongo,University of KwaZulu-Natal,Commerce,3,40.0,38.0,2,0,80,HIGH
NSFAS004688,Themba Mthembu,University of KwaZulu-Natal,Science,1,40.0,31.0,1,2,80,HIGH
NSFAS004689,Andile Ngcobo,University of Cape Town,Law,4,40.0,35.0,4,1,100,HIGH
NSFAS004690,Lindiwe Khumalo,University of the Free State,Engineering,1,75.0,91.0,0,1,0,LOW
NSFAS004691,Kagiso Mokoena,University of Pretoria,Engineering,2,40.0,40.0,4,5,100,HIGH
NSFAS004692,Tshepo Mahlangu,University of the Witwatersrand,Commerce,3,30.0,44.0,4,3,100,HIGH
NSFAS004693,Themba Ngcobo,University of KwaZulu-Natal,Arts,3,75.0,93.0,1,4,0,LOW
NSFAS004694,Andile Mkhize,University of Johannesburg,Education,3,40.0,22.0,2,1,80,HIGH
NSFAS004695,Zanele Nkosi,University of Cape Town,Education,2,75.0,87.0,0,3,0,LOW
NSFAS004696,Sibusiso Mabaso,University of the Free State,Education,4,75.0,93.0,0,4,0,LOW
NSFAS004697,Thabo Mhlongo,University of Johannesburg,Engineering,3,66.32,76.0,1,2,0,LOW
NSFAS004698,Andile Mahlangu,University of the Witwatersrand,Education,4,75.0,0.0,1,0,40,MEDIUM
NSFAS004699,Mpho Ngcobo,University of Stellenbosch,Commerce,2,48.03,64.0,0,0,80,HIGH
NSFAS004700,Sibusiso Mkhize,University of the Witwatersrand,Science,3,64.42,57.0,2,0,40,MEDIUM
NSFAS004701,Kagiso Khumalo,University of Cape Town,Science,3,75.0,83.0,1,3,0,LOW
NSFAS004702,Zanele Mokoena,North-West University,Science,3,40.0,40.0,3,4,100,HIGH
NSFAS004703,Sibusiso Mthethwa,University of Johannesburg,Science,2,40.0,36.0,1,2,80,HIGH
NSFAS004704,Kagiso Mabaso,University of Cape Town,Education,4,72.41,85.0,0,3,0,LOW
NSFAS004705,Thabo Mthembu,University of KwaZulu-Natal,Science,3,40.0,32.0,4,1,100,HIGH
NSFAS004706,Sipho Zulu,University of Cape Town,Law,1,61.72,84.0,0,5,0,LOW
NSFAS004707,Sibusiso Mabaso,University of Stellenbosch,Commerce,3,75.0,92.0,1,3,0,LOW
NSFAS004708,Busisiwe Molefe,North-West University,Engineering,3,40.0,48.0,4,0,100,HIGH
NSFAS004709,Phumzile Zulu,University of Johannesburg,Engineering,2,40.82,60.0,4,0,100,HIGH
NSFAS004710,Phumzile Mhlongo,University of Johannesburg,Science,2,68.81,55.0,3,1,60,HIGH
NSFAS004711,Nokuthula Molefe,University of Johannesburg,Commerce,1,44.59,25.0,4,4,100,HIGH
NSFAS004712,Zanele Ngcobo,University of the Free State,Law,3,52.74,70.0,0,2,0,LOW
NSFAS004713,Sipho Mahlangu,University of the Free State,Law,3,43.09,21.0,3,2,100,HIGH
NSFAS004714,Kagiso Mahlangu,University of KwaZulu-Natal,Commerce,3,64.2,0.0,1,4,40,MEDIUM
NSFAS004715,Lindiwe Nkosi,University of the Witwatersrand,Arts,2,40.0,50.0,1,1,80,HIGH
NSFAS004716,Lindiwe Mhlongo,University of KwaZulu-Natal,Education,4,30.0,41.0,2,1,80,HIGH
NSFAS004717,Busisiwe Molefe,University of Johannesburg,Science,1,75.0,86.0,1,0,0,LOW
NSFAS004718,Mpho Molefe,University of the Free State,Law,1,40.0,29.0,4,4,100,HIGH
NSFAS004719,Mpho Mabaso,University of Cape Town,Commerce,1,40.0,43.0,3,4,100,HIGH
NSFAS004720,Zanele Zulu,University of the Free State,Arts,3,33.94,45.0,1,3,80,HIGH
NSFAS004721,Mpho Mahlangu,University of Cape Town,Science,2,40.0,54.0,4,1,100,HIGH
NSFAS004722,Thabo Mkhize,University of Cape Town,Commerce,1,30.0,35.0,3,2,100,HIGH
NSFAS004723,Sipho Nkosi,North-West University,Arts,1,59.6,70.0,1,1,0,LOW
NSFAS004724,Busisiwe Mabaso,University of Stellenbosch,Science,2,49.08,22.0,1,5,80,HIGH
NSFAS004725,Lerato Ngcobo,University of Johannesburg,Law,1,30.0,23.0,2,5,80,HIGH
NSFAS004726,Kagiso Mthethwa,University of KwaZulu-Natal,Arts,2,40.0,52.0,2,5,80,HIGH
NSFAS004727,Busisiwe Mokoena,University of Johannesburg,Commerce,4,40.0,58.0,2,5,80,HIGH
NSFAS004728,Andile Mhlongo,University of the Witwatersrand,Engineering,2,30.0,20.0,2,4,80,HIGH
NSFAS004729,Themba Mhlongo,University of Johannesburg,Engineering,3,40.0,49.0,3,0,100,HIGH
NSFAS004730,Zanele Dlamini,University of Cape Town,Education,3,52.95,59.0,3,3,60,HIGH
NSFAS004731,Lindiwe Zulu,University of Cape Town,Engineering,4,64.93,81.0,1,0,0,LOW
NSFAS004732,Andile Ngcobo,University of Johannesburg,Education,4,52.27,71.0,0,1,0,LOW
NSFAS004733,Lindiwe Molefe,University of the Free State,Commerce,4,40.0,40.0,4,4,100,HIGH
NSFAS004734,Thabo Zulu,North-West University,Arts,3,48.64,48.0,2,1,80,HIGH
NSFAS004735,Nokuthula Khumalo,University of Stellenbosch,Engineering,1,49.0,49.0,4,3,100,HIGH
NSFAS004736,Nomsa Khumalo,University of Stellenbosch,Education,1,38.22,51.0,2,5,80,HIGH
NSFAS004737,Sibusiso Zulu,University of the Witwatersrand,Law,3,46.09,36.0,2,4,80,HIGH
NSFAS004738,Nokuthula Nkosi,North-West University,Education,4,75.0,87.0,1,1,0,LOW
NSFAS004739,Zanele Mthethwa,University of KwaZulu-Natal,Arts,3,30.0,55.0,4,3,100,HIGH
NSFAS004740,Tshepo Ngcobo,University of Stellenbosch,Science,3,40.0,46.0,2,3,80,HIGH
NSFAS004741,Tshepo Mthembu,University of Cape Town,Education,3,75.0,75.0,0,1,0,LOW
NSFAS004742,Tshepo Mahlangu,University of Stellenbosch,Arts,4,49.0,22.0,3,4,100,HIGH
NSFAS004743,Tshepo Mhlongo,University of the Witwatersrand,Commerce,3,75.0,84.0,0,5,0,LOW
NSFAS004744,Kagiso Mahlangu,North-West University,Science,4,68.64,56.0,4,3,60,HIGH
NSFAS004745,Zanele Mthembu,North-West University,Commerce,2,64.22,73.0,0,0,0,LOW
NSFAS004746,Lindiwe Mokoena,University of the Free State,Education,1,75.0,92.0,0,3,0,LOW
NSFAS004747,Kagiso Mabaso,University of the Free State,Education,2,75.0,90.0,1,1,0,LOW
NSFAS004748,Busisiwe Mthembu,University of Cape Town,Law,2,75.0,87.0,1,5,0,LOW
NSFAS004749,Mpho Mahlangu,University of the Witwatersrand,Commerce,4,59.25,71.0,0,4,0,LOW
NSFAS004750,Themba Khumalo,University of the Free State,Education,3,30.0,37.0,3,4,100,HIGH
NSFAS004751,Lerato Mthethwa,University of Stellenbosch,Science,1,40.0,52.0,1,2,80,HIGH
NSFAS004752,Tshepo Khumalo,University of the Free State,Law,2,40.0,51.0,2,5,80,HIGH
NSFAS004753,Andile Mthembu,University of the Free State,Commerce,1,75.0,84.0,0,3,0,LOW
NSFAS004754,Themba Mhlongo,North-West University,Law,2,30.0,53.0,3,4,100,HIGH
NSFAS004755,Phumzile Ngcobo,University of Johannesburg,Arts,2,45.8,38.0,1,0,80,HIGH
NSFAS004756,Busisiwe Mahlangu,North-West University,Commerce,3,49.0,31.0,3,2,100,HIGH
NSFAS004757,Lerato Mabaso,University of Johannesburg,Commerce,2,75.0,95.0,0,5,0,LOW
NSFAS004758,Andile Khumalo,University of the Free State,Science,1,40.0,23.0,3,1,100,HIGH
NSFAS004759,Themba Mhlongo,University of Stellenbosch,Education,4,30.0,25.0,4,1,100,HIGH
NSFAS004760,Lerato Mhlongo,University of Stellenbosch,Education,4,40.0,37.0,1,1,80,HIGH
NSFAS004761,Zanele Mhlongo,University of Cape Town,Engineering,1,40.0,58.0,1,0,80,HIGH
NSFAS004762,Andile Mahlangu,University of KwaZulu-Natal,Law,3,67.58,68.0,1,4,40,MEDIUM
NSFAS004763,Kagiso Mhlongo,North-West University,Engineering,3,30.0,45.0,2,3,80,HIGH
NSFAS004764,Sipho Mhlongo,University of Stellenbosch,Commerce,1,75.0,93.0,0,2,0,LOW
NSFAS004765,Phumzile Mahlangu,University of the Free State,Arts,1,40.0,64.0,4,5,100,HIGH
NSFAS004766,Lindiwe Mkhize,University of Johannesburg,Education,3,49.53,57.0,2,3,80,HIGH
NSFAS004767,Tshepo Dlamini,University of Cape Town,Engineering,3,75.0,85.0,0,5,0,LOW
NSFAS004768,Thabo Ngcobo,University of KwaZulu-Natal,Engineering,2,40.0,47.0,3,3,100,HIGH
NSFAS004769,Mpho Mkhize,University of the Free State,Commerce,4,90.54,91.0,1,5,0,LOW
NSFAS004770,Lindiwe Zulu,University of KwaZulu-Natal,Commerce,3,40.0,45.0,3,1,100,HIGH
NSFAS004771,Kagiso Molefe,North-West University,Law,1,40.0,44.0,3,2,100,HIGH
NSFAS004772,Phumzile Molefe,North-West University,Arts,1,52.53,60.0,0,4,40,MEDIUM
NSFAS004773,Sibusiso Mthembu,North-West University,Arts,4,73.52,76.0,0,0,0,LOW
NSFAS004774,Lindiwe Zulu,University of Cape Town,Law,3,75.0,80.0,0,4,0,LOW
NSFAS004775,Sibusiso Mahlangu,University of KwaZulu-Natal,Education,4,67.26,55.0,4,2,60,HIGH
NSFAS004776,Phumzile Mthembu,University of Stellenbosch,Arts,3,35.46,24.0,4,4,100,HIGH
NSFAS004777,Lerato Nkosi,University of Pretoria,Education,1,40.0,61.0,1,5,80,HIGH
NSFAS004778,Phumzile Molefe,North-West University,Commerce,1,40.0,48.0,3,5,100,HIGH
NSFAS004779,Busisiwe Dlamini,University of Pretoria,Law,2,70.47,95.0,0,1,0,LOW
NSFAS004780,Themba Mkhize,University of Johannesburg,Arts,4,70.54,92.0,0,2,0,LOW
NSFAS004781,Kagiso Mahlangu,University of the Witwatersrand,Arts,1,49.0,41.0,1,4,80,HIGH
NSFAS004782,Kagiso Ngcobo,University of Cape Town,Commerce,3,45.95,52.0,2,0,80,HIGH
NSFAS004783,Andile Mhlongo,University of KwaZulu-Natal,Arts,1,75.0,87.0,1,5,0,LOW
NSFAS004784,Nomsa Ngcobo,University of Pretoria,Engineering,3,40.0,57.0,3,0,100,HIGH
NSFAS004785,Sibusiso Mthethwa,University of Stellenbosch,Commerce,1,48.64,37.0,4,3,100,HIGH
NSFAS004786,Sipho Mahlangu,University of the Free State,Arts,3,75.0,95.0,1,1,0,LOW
NSFAS004787,Kagiso Zulu,University of Cape Town,Engineering,2,62.76,77.0,1,0,0,LOW
NSFAS004788,Sipho Mokoena,University of Stellenbosch,Science,2,75.0,95.0,1,3,0,LOW
NSFAS004789,Sibusiso Mthembu,University of KwaZulu-Natal,Engineering,3,55.95,59.0,4,5,60,HIGH
NSFAS004790,Sibusiso Khumalo,University of Johannesburg,Arts,2,75.0,85.0,0,5,0,LOW
NSFAS004791,Andile Mabaso,University of the Witwatersrand,Engineering,4,49.0,26.0,3,3,100,HIGH
NSFAS004792,Thabo Mahlangu,University of Johannesburg,Science,4,30.0,25.0,4,3,100,HIGH
NSFAS004793,Phumzile Mabaso,North-West University,Law,4,40.0,47.0,2,5,80,HIGH
NSFAS004794,Mpho Mahlangu,University of Cape Town,Education,3,55.98,79.0,0,5,0,LOW
NSFAS004795,Sipho Mthembu,University of Johannesburg,Law,2,75.0,79.0,1,1,0,LOW
NSFAS004796,Kagiso Mokoena,North-West University,Law,4,60.6,84.0,1,4,0,LOW
NSFAS004797,Sibusiso Khumalo,North-West University,Education,3,66.88,55.0,3,4,60,HIGH
NSFAS004798,Tshepo Molefe,University of Pretoria,Arts,2,42.7,61.0,1,5,80,HIGH
NSFAS004799,Sibusiso Mahlangu,University of the Witwatersrand,Commerce,1,40.0,33.0,1,3,80,HIGH
NSFAS004800,Lerato Nkosi,University of Johannesburg,Commerce,2,30.0,37.0,3,4,100,HIGH
NSFAS004801,Kagiso Mabaso,North-West University,Education,1,40.0,54.0,3,1,100,HIGH
NSFAS004802,Thabo Khumalo,University of the Free State,Science,2,75.0,86.0,0,5,0,LOW
NSFAS004803,Kagiso Mkhize,North-West University,Science,4,75.0,83.0,1,3,0,LOW
NSFAS004804,Thabo Mabaso,University of Johannesburg,Commerce,3,75.0,94.0,0,2,0,LOW
NSFAS004805,Phumzile Mokoena,University of Pretoria,Law,1,40.0,22.0,2,1,80,HIGH
NSFAS004806,Mpho Ngcobo,University of Pretoria,Engineering,3,48.12,44.0,3,0,100,HIGH
NSFAS004807,Thabo Mkhize,University of the Free State,Commerce,3,36.26,25.0,4,2,100,HIGH
NSFAS004808,Busisiwe Mkhize,University of the Witwatersrand,Arts,3,40.0,58.0,1,4,80,HIGH
NSFAS004809,Sibusiso Mabaso,University of KwaZulu-Natal,Arts,3,30.0,61.0,3,5,100,HIGH
NSFAS004810,Sipho Mabaso,North-West University,Commerce,3,75.0,78.0,0,0,0,LOW
NSFAS004811,Kagiso Mokoena,University of Johannesburg,Engineering,4,40.0,53.0,2,3,80,HIGH
NSFAS004812,Lerato Ngcobo,University of Cape Town,Science,1,45.29,48.0,4,1,100,HIGH
NSFAS004813,Zanele Mkhize,University of the Witwatersrand,Law,1,75.0,87.0,0,0,0,LOW
NSFAS004814,Thabo Molefe,University of the Witwatersrand,Engineering,2,40.0,41.0,4,2,100,HIGH
NSFAS004815,Sipho Mokoena,North-West University,Education,4,75.0,85.0,0,5,0,LOW
NSFAS004816,Phumzile Mthethwa,North-West University,Arts,4,75.0,81.0,1,5,0,LOW
NSFAS004817,Zanele Dlamini,University of Pretoria,Education,4,40.0,57.0,4,0,100,HIGH
NSFAS004818,Lerato Molefe,University of KwaZulu-Natal,Arts,1,30.84,20.0,4,1,100,HIGH
NSFAS004819,Thabo Khumalo,University of Pretoria,Education,2,47.36,33.0,1,0,80,HIGH
NSFAS004820,Thabo Mabaso,University of Stellenbosch,Commerce,3,41.17,44.0,3,2,100,HIGH
NSFAS004821,Nomsa Mthethwa,University of the Witwatersrand,Science,1,40.0,51.0,4,5,100,HIGH
NSFAS004822,Tshepo Mthethwa,University of Johannesburg,Science,3,95.0,87.0,1,1,0,LOW
NSFAS004823,Sibusiso Nkosi,North-West University,Arts,4,30.43,43.0,2,3,80,HIGH
NSFAS004824,Themba Ngcobo,University of Pretoria,Commerce,1,40.0,29.0,3,1,100,HIGH
NSFAS004825,Thabo Mthembu,University of Johannesburg,Engineering,3,71.45,76.0,0,5,0,LOW
NSFAS004826,Sibusiso Nkosi,University of Pretoria,Arts,4,72.53,86.0,0,3,0,LOW
NSFAS004827,Mpho Mhlongo,University of Cape Town,Education,2,75.0,86.0,0,5,0,LOW
NSFAS004828,Zanele Mthembu,University of Stellenbosch,Commerce,1,75.0,84.0,0,0,0,LOW
NSFAS004829,Sipho Mthembu,North-West University,Science,3,40.0,25.0,2,1,80,HIGH
NSFAS004830,Kagiso Mokoena,University of the Free State,Science,1,44.8,57.0,1,0,80,HIGH
NSFAS004831,Nomsa Mkhize,University of the Witwatersrand,Arts,1,85.76,78.0,0,5,0,LOW
NSFAS004832,Lerato Mthembu,University of Pretoria,Engineering,2,44.56,55.0,4,4,100,HIGH
NSFAS004833,Nomsa Mkhize,University of the Witwatersrand,Law,1,75.0,88.0,0,0,0,LOW
NSFAS004834,Lerato Mthembu,University of the Witwatersrand,Engineering,4,40.0,28.0,1,4,80,HIGH
NSFAS004835,Kagiso Khumalo,University of Stellenbosch,Arts,2,44.98,46.0,2,3,80,HIGH
NSFAS004836,Phumzile Mthethwa,University of Pretoria,Law,1,61.65,73.0,0,2,0,LOW
NSFAS004837,Sipho Mhlongo,University of Stellenbosch,Arts,2,95.0,86.0,1,1,0,LOW
NSFAS004838,Busisiwe Mabaso,University of Johannesburg,Arts,3,65.44,55.0,3,0,60,HIGH
NSFAS004839,Kagiso Mthembu,University of the Witwatersrand,Commerce,2,49.0,31.0,3,4,100,HIGH
NSFAS004840,Lindiwe Ngcobo,University of the Witwatersrand,Arts,4,40.38,63.0,4,0,100,HIGH
NSFAS004841,Zanele Ngcobo,University of the Free State,Science,4,40.0,47.0,2,4,80,HIGH
NSFAS004842,Zanele Mhlongo,University of the Witwatersrand,Law,3,40.0,56.0,1,2,80,HIGH
NSFAS004843,Phumzile Mahlangu,University of KwaZulu-Natal,Science,3,40.0,58.0,2,2,80,HIGH
NSFAS004844,Sipho Mahlangu,University of Stellenbosch,Law,4,55.82,70.0,1,0,0,LOW
NSFAS004845,Sipho Mkhize,University of Cape Town,Engineering,2,48.7,23.0,3,0,100,HIGH
NSFAS004846,Mpho Mthembu,North-West University,Arts,2,37.04,64.0,4,4,100,HIGH
NSFAS004847,Mpho Zulu,University of the Witwatersrand,Science,2,30.0,38.0,4,3,100,HIGH
NSFAS004848,Sipho Mthembu,University of Cape Town,Engineering,2,56.48,67.0,0,5,40,MEDIUM
NSFAS004849,Mpho Ngcobo,University of Johannesburg,Arts,2,72.91,84.0,0,4,0,LOW
NSFAS004850,Tshepo Mabaso,North-West University,Law,4,30.0,62.0,1,5,80,HIGH
NSFAS004851,Mpho Khumalo,University of Johannesburg,Science,3,63.28,63.0,1,0,40,MEDIUM
NSFAS004852,Zanele Mabaso,North-West University,Arts,1,40.0,33.0,1,3,80,HIGH
NSFAS004853,Lindiwe Zulu,North-West University,Engineering,3,75.0,90.0,1,3,0,LOW
NSFAS004854,Lindiwe Molefe,University of the Witwatersrand,Commerce,3,36.93,47.0,1,3,80,HIGH
NSFAS004855,Nomsa Mthethwa,University of the Free State,Arts,3,40.0,40.0,3,5,100,HIGH
NSFAS004856,Kagiso Ngcobo,University of the Free State,Education,4,40.0,38.0,3,1,100,HIGH
NSFAS004857,Lerato Zulu,North-West University,Science,2,51.36,62.0,1,0,40,MEDIUM
NSFAS004858,Nokuthula Ngcobo,University of the Witwatersrand,Commerce,4,75.0,79.0,1,5,0,LOW
NSFAS004859,Zanele Mahlangu,University of the Free State,Engineering,1,30.0,52.0,4,5,100,HIGH
NSFAS004860,Tshepo Mhlongo,University of Pretoria,Law,4,30.29,44.0,1,4,80,HIGH
NSFAS004861,Themba Zulu,University of KwaZulu-Natal,Arts,4,40.0,55.0,1,1,80,HIGH
NSFAS004862,Kagiso Khumalo,University of KwaZulu-Natal,Commerce,3,55.61,76.0,1,1,0,LOW
NSFAS004863,Busisiwe Mahlangu,University of Cape Town,Education,3,75.0,91.0,0,0,0,LOW
NSFAS004864,Lerato Mabaso,University of KwaZulu-Natal,Education,3,40.0,56.0,3,0,100,HIGH
NSFAS004865,Busisiwe Zulu,University of Stellenbosch,Commerce,1,65.99,66.0,0,5,40,MEDIUM
NSFAS004866,Sipho Khumalo,University of Pretoria,Engineering,1,49.0,37.0,4,2,100,HIGH
NSFAS004867,Lindiwe Molefe,University of KwaZulu-Natal,Engineering,2,30.0,37.0,1,1,80,HIGH
NSFAS004868,Busisiwe Ngcobo,University of the Witwatersrand,Commerce,4,30.0,22.0,4,4,100,HIGH
NSFAS004869,Busisiwe Mkhize,University of Cape Town,Arts,1,75.0,81.0,1,1,0,LOW
NSFAS004870,Busisiwe Dlamini,University of the Free State,Arts,2,40.0,56.0,1,1,80,HIGH
NSFAS004871,Themba Mkhize,University of Pretoria,Law,2,45.04,51.0,2,5,80,HIGH
NSFAS004872,Kagiso Ngcobo,University of Pretoria,Engineering,2,75.0,91.0,0,0,0,LOW
NSFAS004873,Phumzile Molefe,University of Pretoria,Engineering,3,71.09,90.0,0,2,0,LOW
NSFAS004874,Kagiso Nkosi,University of KwaZulu-Natal,Education,1,40.0,39.0,4,1,100,HIGH
NSFAS004875,Nokuthula Mthethwa,University of Pretoria,Commerce,4,58.08,63.0,1,1,40,MEDIUM
NSFAS004876,Phumzile Mabaso,University of KwaZulu-Natal,Science,4,75.0,95.0,0,0,0,LOW
NSFAS004877,Mpho Mthethwa,University of Stellenbosch,Law,3,59.23,63.0,1,0,40,MEDIUM
NSFAS004878,Nokuthula Ngcobo,University of Cape Town,Education,3,40.0,30.0,3,0,100,HIGH
NSFAS004879,Andile Mthethwa,University of Stellenbosch,Commerce,3,47.94,47.0,3,0,100,HIGH
NSFAS004880,Sipho Khumalo,University of KwaZulu-Natal,Arts,3,40.0,59.0,2,2,80,HIGH
NSFAS004881,Nokuthula Zulu,University of Stellenbosch,Engineering,3,75.0,94.0,0,3,0,LOW
NSFAS004882,Phumzile Zulu,University of the Witwatersrand,Science,2,47.48,30.0,2,2,80,HIGH
NSFAS004883,Mpho Mabaso,University of Pretoria,Engineering,1,40.0,35.0,1,3,80,HIGH
NSFAS004884,Themba Mthethwa,North-West University,Arts,2,62.62,82.0,1,1,0,LOW
NSFAS004885,Mpho Mabaso,North-West University,Commerce,1,38.12,26.0,4,4,100,HIGH
NSFAS004886,Andile Mabaso,University of Cape Town,Engineering,3,79.19,85.0,0,5,0,LOW
NSFAS004887,Tshepo Mahlangu,University of the Witwatersrand,Arts,2,85.74,93.0,0,3,0,LOW
NSFAS004888,Lerato Dlamini,University of the Free State,Commerce,4,75.0,82.0,1,3,0,LOW
NSFAS004889,Lerato Dlamini,University of Cape Town,Science,1,75.0,94.0,0,5,0,LOW
NSFAS004890,Nomsa Mokoena,University of the Free State,Law,1,40.0,60.0,4,0,100,HIGH
NSFAS004891,Sipho Mkhize,University of Stellenbosch,Education,4,75.0,91.0,0,3,0,LOW
NSFAS004892,Sipho Mkhize,University of Stellenbosch,Arts,4,75.0,92.0,1,1,0,LOW
NSFAS004893,Nomsa Mokoena,University of the Witwatersrand,Law,3,49.0,47.0,4,3,100,HIGH
NSFAS004894,Phumzile Mabaso,University of Cape Town,Law,2,75.0,92.0,1,5,0,LOW
NSFAS004895,Nokuthula Mthethwa,University of the Witwatersrand,Law,4,40.0,38.0,4,5,100,HIGH
NSFAS004896,Tshepo Mokoena,North-West University,Law,1,75.0,89.0,0,0,0,LOW
NSFAS004897,Phumzile Dlamini,University of the Free State,Arts,3,50.02,70.0,1,2,0,LOW
NSFAS004898,Sibusiso Molefe,University of the Witwatersrand,Law,3,58.83,62.0,1,3,40,MEDIUM
NSFAS004899,Themba Mabaso,University of Cape Town,Science,2,85.0,95.0,0,3,0,LOW
NSFAS004900,Nokuthula Mthethwa,University of the Free State,Engineering,3,40.0,47.0,1,5,80,HIGH
NSFAS004901,Zanele Dlamini,University of Stellenbosch,Arts,1,75.0,78.0,1,4,0,LOW
NSFAS004902,Lerato Mhlongo,University of Stellenbosch,Law,2,72.72,93.0,1,3,0,LOW
NSFAS004903,Themba Mahlangu,University of the Free State,Law,4,75.0,79.0,0,1,0,LOW
NSFAS004904,Busisiwe Mhlongo,University of Pretoria,Science,1,40.0,30.0,3,1,100,HIGH
NSFAS004905,Sipho Molefe,University of Johannesburg,Commerce,4,75.0,92.0,1,0,0,LOW
NSFAS004906,Kagiso Mahlangu,University of Stellenbosch,Science,4,35.35,57.0,1,0,80,HIGH
NSFAS004907,Zanele Molefe,University of Stellenbosch,Law,3,40.0,65.0,4,2,100,HIGH
NSFAS004908,Sibusiso Molefe,North-West University,Education,3,46.17,45.0,3,4,100,HIGH
NSFAS004909,Themba Mthembu,University of the Free State,Engineering,4,61.3,67.0,0,4,40,MEDIUM
NSFAS004910,Tshepo Ngcobo,University of Stellenbosch,Science,2,40.0,20.0,3,1,100,HIGH
NSFAS004911,Busisiwe Zulu,University of KwaZulu-Natal,Engineering,4,75.0,93.0,0,3,0,LOW
NSFAS004912,Lerato Khumalo,University of the Witwatersrand,Law,2,46.34,40.0,4,0,100,HIGH
NSFAS004913,Andile Mahlangu,University of Pretoria,Law,1,48.79,61.0,0,4,80,HIGH
NSFAS004914,Sibusiso Khumalo,University of Pretoria,Education,3,75.0,88.0,1,3,0,LOW
NSFAS004915,Zanele Dlamini,North-West University,Arts,3,75.0,88.0,0,5,0,LOW
NSFAS004916,Mpho Khumalo,University of Pretoria,Science,3,40.0,44.0,2,0,80,HIGH
NSFAS004917,Busisiwe Nkosi,University of Johannesburg,Commerce,3,40.0,32.0,3,5,100,HIGH
NSFAS004918,Kagiso Mthembu,University of the Witwatersrand,Science,1,41.28,45.0,1,4,80,HIGH
NSFAS004919,Nokuthula Mthembu,University of Johannesburg,Law,4,90.4,81.0,0,4,0,LOW
NSFAS004920,Lerato Nkosi,North-West University,Engineering,2,66.55,73.0,1,2,0,LOW
NSFAS004921,Andile Mokoena,University of the Free State,Commerce,1,49.06,35.0,1,3,80,HIGH
NSFAS004922,Themba Mabaso,University of the Free State,Science,3,59.87,59.0,3,5,60,HIGH
NSFAS004923,Andile Mokoena,University of the Free State,Engineering,2,40.0,35.0,3,1,100,HIGH
NSFAS004924,Phumzile Molefe,University of Johannesburg,Education,4,50.03,60.0,1,4,40,MEDIUM
NSFAS004925,Busisiwe Mabaso,University of Stellenbosch,Commerce,1,30.0,24.0,4,3,100,HIGH
NSFAS004926,Nomsa Mahlangu,University of Cape Town,Law,4,77.63,83.0,1,5,0,LOW
NSFAS004927,Nomsa Mthethwa,University of the Witwatersrand,Engineering,3,40.0,33.0,2,4,80,HIGH
NSFAS004928,Nokuthula Dlamini,University of Stellenbosch,Engineering,4,55.69,64.0,0,0,40,MEDIUM
NSFAS004929,Phumzile Mabaso,University of Stellenbosch,Law,3,40.0,33.0,1,5,80,HIGH
NSFAS004930,Nokuthula Mhlongo,North-West University,Science,4,58.93,62.0,0,1,40,MEDIUM
NSFAS004931,Thabo Mahlangu,University of Pretoria,Law,3,40.0,57.0,2,5,80,HIGH
NSFAS004932,Lerato Mahlangu,University of KwaZulu-Natal,Law,1,40.0,24.0,3,5,100,HIGH
NSFAS004933,Themba Zulu,University of the Witwatersrand,Engineering,3,95.0,92.0,0,0,0,LOW
NSFAS004934,Sibusiso Mahlangu,University of the Free State,Commerce,3,45.18,45.0,2,2,80,HIGH
NSFAS004935,Tshepo Mhlongo,University of the Free State,Science,4,55.49,72.0,1,0,0,LOW
NSFAS004936,Sipho Mhlongo,University of Johannesburg,Science,4,30.0,63.0,3,0,100,HIGH
NSFAS004937,Tshepo Zulu,University of Johannesburg,Science,3,40.0,51.0,3,3,100,HIGH
NSFAS004938,Lindiwe Zulu,University of Cape Town,Education,1,51.69,0.0,0,2,40,MEDIUM
NSFAS004939,Mpho Mthethwa,North-West University,Law,1,32.21,29.0,3,4,100,HIGH
NSFAS004940,Tshepo Ngcobo,North-West University,Commerce,3,69.76,79.0,1,1,0,LOW
NSFAS004941,Busisiwe Nkosi,University of Stellenbosch,Arts,2,75.0,85.0,0,1,0,LOW
NSFAS004942,Themba Nkosi,University of Cape Town,Science,1,40.0,33.0,2,4,80,HIGH
NSFAS004943,Thabo Molefe,North-West University,Law,4,40.0,48.0,1,1,80,HIGH
NSFAS004944,Kagiso Dlamini,University of the Free State,Law,1,30.0,27.0,3,2,100,HIGH
NSFAS004945,Thabo Nkosi,University of Pretoria,Arts,4,46.92,51.0,2,4,80,HIGH
NSFAS004946,Mpho Mthembu,University of Pretoria,Law,1,40.0,47.0,4,5,100,HIGH
NSFAS004947,Tshepo Mthembu,University of KwaZulu-Natal,Commerce,3,40.0,35.0,4,2,100,HIGH
NSFAS004948,Lerato Mhlongo,University of KwaZulu-Natal,Commerce,4,56.34,74.0,1,4,0,LOW
NSFAS004949,Sibusiso Mhlongo,University of the Witwatersrand,Science,2,40.0,28.0,4,1,100,HIGH
NSFAS004950,Andile Mabaso,University of Stellenbosch,Science,4,59.57,79.0,1,5,0,LOW
NSFAS004951,Mpho Mokoena,North-West University,Arts,1,40.0,49.0,4,4,100,HIGH
NSFAS004952,Thabo Mkhize,University of Cape Town,Education,4,40.0,20.0,2,2,80,HIGH
NSFAS004953,Nomsa Mabaso,University of the Free State,Law,4,40.0,60.0,4,3,100,HIGH
NSFAS004954,Thabo Zulu,University of the Witwatersrand,Engineering,1,57.64,72.0,0,2,0,LOW
NSFAS004955,Sipho Mabaso,University of Stellenbosch,Education,1,40.61,52.0,2,4,80,HIGH
NSFAS004956,Sibusiso Mahlangu,University of Johannesburg,Science,1,63.34,69.0,1,0,40,MEDIUM
NSFAS004957,Andile Khumalo,University of the Witwatersrand,Engineering,3,75.0,85.0,0,3,0,LOW
NSFAS004958,Busisiwe Mhlongo,University of Johannesburg,Education,2,61.95,57.0,3,0,60,HIGH
NSFAS004959,Themba Mthembu,University of the Witwatersrand,Education,2,54.35,73.0,1,2,0,LOW
NSFAS004960,Themba Zulu,North-West University,Arts,1,75.0,78.0,0,1,0,LOW
NSFAS004961,Nomsa Molefe,University of the Witwatersrand,Law,3,49.0,52.0,2,1,80,HIGH
NSFAS004962,Phumzile Zulu,University of Cape Town,Education,4,75.0,89.0,1,4,0,LOW
NSFAS004963,Zanele Mkhize,University of Pretoria,Engineering,4,44.46,29.0,4,5,100,HIGH
NSFAS004964,Tshepo Mhlongo,University of KwaZulu-Natal,Law,2,75.0,93.0,0,3,0,LOW
NSFAS004965,Thabo Khumalo,University of Cape Town,Commerce,4,54.17,58.0,4,0,60,HIGH
NSFAS004966,Thabo Khumalo,University of the Witwatersrand,Education,4,30.0,47.0,3,2,100,HIGH
NSFAS004967,Kagiso Mahlangu,University of the Witwatersrand,Education,4,40.0,64.0,2,0,80,HIGH
NSFAS004968,Phumzile Mthembu,University of Cape Town,Engineering,4,46.13,38.0,2,5,80,HIGH
NSFAS004969,Sipho Mhlongo,University of Cape Town,Arts,2,40.0,21.0,3,3,100,HIGH
NSFAS004970,Busisiwe Mkhize,University of Pretoria,Arts,3,55.72,78.0,1,4,0,LOW
NSFAS004971,Busisiwe Mhlongo,University of Johannesburg,Arts,4,40.0,30.0,4,4,100,HIGH
NSFAS004972,Phumzile Mkhize,North-West University,Engineering,2,66.14,79.0,0,2,0,LOW
NSFAS004973,Mpho Mokoena,University of Johannesburg,Engineering,2,51.03,61.0,1,5,40,MEDIUM
NSFAS004974,Phumzile Ngcobo,University of KwaZulu-Natal,Law,3,55.75,64.0,1,4,40,MEDIUM
NSFAS004975,Zanele Mhlongo,University of KwaZulu-Natal,Science,1,75.0,77.0,0,0,0,LOW
NSFAS004976,Thabo Mahlangu,North-West University,Science,2,53.26,63.0,0,4,40,MEDIUM
NSFAS004977,Themba Mthembu,University of Cape Town,Law,1,40.0,61.0,4,3,100,HIGH
NSFAS004978,Kagiso Mkhize,University of Johannesburg,Arts,3,62.84,77.0,0,5,0,LOW
NSFAS004979,Nomsa Mthethwa,University of the Free State,Science,2,75.0,75.0,0,1,0,LOW
NSFAS004980,Zanele Mkhize,University of the Witwatersrand,Education,2,75.0,84.0,0,3,0,LOW
NSFAS004981,Nokuthula Khumalo,University of Cape Town,Engineering,2,40.0,32.0,3,0,100,HIGH
NSFAS004982,Nokuthula Mokoena,University of the Free State,Commerce,1,41.37,58.0,3,2,100,HIGH
NSFAS004983,Busisiwe Mahlangu,University of Pretoria,Education,4,30.0,21.0,2,3,80,HIGH
NSFAS004984,Thabo Mhlongo,University of the Witwatersrand,Law,4,40.0,48.0,3,3,100,HIGH
NSFAS004985,Mpho Ngcobo,University of the Free State,Education,1,55.6,65.0,1,0,40,MEDIUM
NSFAS004986,Nokuthula Molefe,University of the Witwatersrand,Engineering,4,75.0,86.0,0,4,0,LOW
NSFAS004987,Phumzile Mkhize,University of Stellenbosch,Law,1,74.67,79.0,0,2,0,LOW
NSFAS004988,Sibusiso Khumalo,North-West University,Education,2,40.0,38.0,3,0,100,HIGH
NSFAS004989,Themba Mabaso,North-West University,Law,4,31.96,61.0,3,5,100,HIGH
NSFAS004990,Thabo Mokoena,University of the Free State,Law,2,66.12,84.0,1,0,0,LOW
NSFAS004991,Andile Khumalo,North-West University,Commerce,2,74.06,95.0,0,3,0,LOW
NSFAS004992,Andile Mkhize,University of Cape Town,Education,4,56.03,0.0,0,5,40,MEDIUM
NSFAS004993,Lerato Mthethwa,University of Pretoria,Commerce,4,75.0,91.0,1,0,0,LOW
NSFAS004994,Thabo Mthethwa,University of Cape Town,Education,3,75.0,95.0,1,4,0,LOW
NSFAS004995,Zanele Mkhize,University of Pretoria,Engineering,4,66.02,84.0,0,1,0,LOW
NSFAS004996,Themba Mthethwa,University of the Free State,Education,1,50.62,63.0,0,3,40,MEDIUM
NSFAS004997,Nokuthula Mkhize,University of KwaZulu-Natal,Law,2,72.71,95.0,0,5,0,LOW
NSFAS004998,Lerato Mhlongo,University of the Witwatersrand,Education,3,62.78,0.0,0,5,40,MEDIUM
NSFAS004999,Sipho Mokoena,North-West University,Engineering,1,60.81,55.0,4,5,60,HIGH
NSFAS005000,Sibusiso Khumalo,University of Pretoria,Commerce,1,75.0,88.0,1,1,0,LOW
NSFAS005001,Andile Mokoena,University of the Free State,Law,3,55.7,79.0,0,3,0,LOW
NSFAS005002,Nomsa Mabaso,University of Stellenbosch,Law,2,75.0,92.0,0,2,0,LOW
NSFAS005003,Sipho Khumalo,University of Pretoria,Law,2,40.0,26.0,3,0,100,HIGH
NSFAS005004,Zanele Dlamini,North-West University,Engineering,2,72.36,80.0,1,3,0,LOW
NSFAS005005,Phumzile Dlamini,University of Cape Town,Arts,2,40.0,21.0,3,0,100,HIGH
NSFAS005006,Thabo Zulu,University of Johannesburg,Education,3,30.0,40.0,2,1,80,HIGH
NSFAS005007,Mpho Mahlangu,North-West University,Commerce,2,40.0,49.0,3,5,100,HIGH
NSFAS005008,Thabo Zulu,University of the Free State,Commerce,3,40.0,41.0,1,2,80,HIGH
NSFAS005009,Nomsa Mokoena,North-West University,Arts,2,30.0,61.0,2,1,80,HIGH
NSFAS005010,Lerato Molefe,University of Pretoria,Education,1,75.0,0.0,1,3,40,MEDIUM
NSFAS005011,Kagiso Zulu,University of Stellenbosch,Commerce,2,40.0,26.0,3,1,100,HIGH
NSFAS005012,Mpho Zulu,University of Pretoria,Science,2,49.53,36.0,4,2,100,HIGH
NSFAS005013,Nomsa Molefe,University of Cape Town,Education,4,30.0,36.0,2,0,80,HIGH
NSFAS005014,Sibusiso Mabaso,North-West University,Law,1,40.0,55.0,3,3,100,HIGH
NSFAS005015,Sibusiso Mokoena,University of the Free State,Education,3,40.0,53.0,1,4,80,HIGH
NSFAS005016,Nomsa Zulu,University of Cape Town,Engineering,2,61.13,69.0,0,4,40,MEDIUM
NSFAS005017,Themba Mokoena,University of the Free State,Law,4,30.0,63.0,4,3,100,HIGH
NSFAS005018,Sipho Zulu,University of the Free State,Commerce,1,75.0,95.0,1,2,0,LOW
NSFAS005019,Thabo Nkosi,University of Pretoria,Commerce,3,40.0,42.0,4,3,100,HIGH
NSFAS005020,Mpho Mthethwa,University of the Witwatersrand,Law,1,40.0,51.0,3,0,100,HIGH
NSFAS005021,Sibusiso Ngcobo,University of the Free State,Commerce,4,40.0,57.0,2,3,80,HIGH
NSFAS005022,Nomsa Mkhize,North-West University,Education,3,37.2,25.0,4,2,100,HIGH
NSFAS005023,Lerato Molefe,North-West University,Science,3,59.65,55.0,1,5,40,MEDIUM
NSFAS005024,Sibusiso Khumalo,University of KwaZulu-Natal,Science,4,57.96,77.0,1,2,0,LOW
NSFAS005025,Sibusiso Nkosi,University of the Witwatersrand,Commerce,1,78.61,94.0,1,4,0,LOW
NSFAS005026,Lerato Mthembu,University of the Free State,Science,1,75.0,92.0,0,1,0,LOW
NSFAS005027,Sibusiso Khumalo,University of the Free State,Commerce,1,79.71,91.0,1,0,0,LOW
NSFAS005028,Thabo Mabaso,University of Stellenbosch,Education,4,95.0,91.0,1,4,0,LOW
NSFAS005029,Andile Mabaso,University of Stellenbosch,Arts,1,53.71,55.0,2,4,40,MEDIUM
NSFAS005030,Themba Nkosi,University of Johannesburg,Law,3,72.45,81.0,0,3,0,LOW
NSFAS005031,Phumzile Khumalo,University of Johannesburg,Engineering,1,65.03,64.0,1,2,40,MEDIUM
NSFAS005032,Nokuthula Nkosi,University of KwaZulu-Natal,Arts,1,40.0,34.0,2,2,80,HIGH
NSFAS005033,Phumzile Dlamini,University of the Free State,Arts,2,30.0,53.0,1,1,80,HIGH
NSFAS005034,Tshepo Mkhize,University of the Free State,Arts,4,43.96,23.0,1,5,80,HIGH
NSFAS005035,Themba Nkosi,University of the Free State,Engineering,1,48.43,38.0,2,0,80,HIGH
NSFAS005036,Nokuthula Mthethwa,North-West University,Science,1,64.51,82.0,0,1,0,LOW
NSFAS005037,Mpho Molefe,University of Pretoria,Science,2,41.28,32.0,1,5,80,HIGH
NSFAS005038,Nokuthula Mkhize,University of the Free State,Law,4,30.0,20.0,3,0,100,HIGH
NSFAS005039,Themba Ngcobo,University of Cape Town,Education,4,40.0,21.0,1,5,80,HIGH
NSFAS005040,Sipho Dlamini,University of the Witwatersrand,Commerce,3,49.0,30.0,4,5,100,HIGH
NSFAS005041,Tshepo Mabaso,University of KwaZulu-Natal,Science,2,75.0,79.0,1,2,0,LOW
NSFAS005042,Zanele Molefe,University of Johannesburg,Engineering,4,40.0,65.0,1,1,80,HIGH
NSFAS005043,Sipho Mhlongo,University of KwaZulu-Natal,Law,1,56.18,73.0,0,0,0,LOW
NSFAS005044,Themba Ngcobo,University of the Free State,Arts,3,74.74,0.0,1,0,40,MEDIUM
NSFAS005045,Lindiwe Mokoena,University of Pretoria,Science,1,40.0,31.0,1,0,80,HIGH
NSFAS005046,Thabo Mokoena,University of the Free State,Commerce,1,77.93,80.0,0,2,0,LOW
NSFAS005047,Lindiwe Mokoena,University of the Free State,Commerce,3,75.0,95.0,1,0,0,LOW
NSFAS005048,Lerato Mkhize,North-West University,Commerce,3,40.0,61.0,1,5,80,HIGH
NSFAS005049,Thabo Mokoena,University of Pretoria,Law,3,40.0,62.0,4,2,100,HIGH
NSFAS005050,Nomsa Zulu,North-West University,Commerce,3,74.42,95.0,0,4,0,LOW
NSFAS005051,Phumzile Nkosi,University of the Free State,Arts,3,68.25,61.0,0,1,40,MEDIUM
NSFAS005052,Lerato Mthethwa,University of Johannesburg,Commerce,1,61.12,65.0,1,3,40,MEDIUM
NSFAS005053,Nomsa Mthembu,University of the Free State,Law,3,49.47,35.0,4,5,100,HIGH
NSFAS005054,Zanele Molefe,University of KwaZulu-Natal,Education,3,30.0,59.0,1,4,80,HIGH
NSFAS005055,Nokuthula Mthembu,University of Stellenbosch,Law,4,39.07,47.0,4,1,100,HIGH
NSFAS005056,Lerato Mhlongo,North-West University,Science,4,40.0,46.0,1,4,80,HIGH
NSFAS005057,Busisiwe Molefe,University of KwaZulu-Natal,Engineering,1,60.35,61.0,1,1,40,MEDIUM
NSFAS005058,Andile Mhlongo,University of the Witwatersrand,Commerce,4,75.0,95.0,0,0,0,LOW
NSFAS005059,Themba Mthethwa,University of Johannesburg,Commerce,1,74.31,95.0,0,3,0,LOW
NSFAS005060,Thabo Mokoena,University of Stellenbosch,Commerce,4,75.0,95.0,0,2,0,LOW
NSFAS005061,Sibusiso Mokoena,University of Cape Town,Science,4,49.0,25.0,3,4,100,HIGH
NSFAS005062,Lindiwe Mokoena,University of KwaZulu-Natal,Science,2,45.27,32.0,3,2,100,HIGH
NSFAS005063,Tshepo Mokoena,University of Pretoria,Science,4,75.0,76.0,0,4,0,LOW
NSFAS005064,Lerato Mthembu,University of the Free State,Arts,2,58.43,82.0,1,4,0,LOW
NSFAS005065,Sibusiso Dlamini,University of Pretoria,Arts,3,40.0,55.0,4,1,100,HIGH
NSFAS005066,Lerato Mhlongo,North-West University,Education,1,56.49,0.0,0,1,40,MEDIUM
NSFAS005067,Thabo Mokoena,University of KwaZulu-Natal,Science,1,65.08,78.0,1,0,0,LOW
NSFAS005068,Busisiwe Mahlangu,University of Cape Town,Science,4,40.0,30.0,4,3,100,HIGH
NSFAS005069,Nokuthula Khumalo,University of Stellenbosch,Engineering,4,33.73,54.0,1,3,80,HIGH
NSFAS005070,Nokuthula Mokoena,University of Cape Town,Law,3,40.0,33.0,2,1,80,HIGH
NSFAS005071,Nokuthula Zulu,University of the Witwatersrand,Engineering,4,66.76,57.0,1,1,40,MEDIUM
NSFAS005072,Lerato Nkosi,University of Cape Town,Arts,2,60.59,62.0,1,2,40,MEDIUM
NSFAS005073,Mpho Mhlongo,University of Stellenbosch,Engineering,2,57.86,73.0,1,1,0,LOW
NSFAS005074,Lerato Mokoena,University of Johannesburg,Commerce,1,51.03,64.0,1,1,40,MEDIUM
NSFAS005075,Sibusiso Ngcobo,University of the Witwatersrand,Education,1,40.0,28.0,4,2,100,HIGH
NSFAS005076,Zanele Mhlongo,University of Johannesburg,Education,2,66.56,83.0,1,3,0,LOW
NSFAS005077,Sipho Mhlongo,University of Pretoria,Arts,4,54.05,0.0,0,1,40,MEDIUM
NSFAS005078,Mpho Khumalo,University of the Free State,Education,3,49.0,33.0,4,3,100,HIGH
NSFAS005079,Nokuthula Mhlongo,University of Pretoria,Commerce,3,75.0,90.0,0,1,0,LOW
NSFAS005080,Nomsa Mkhize,University of KwaZulu-Natal,Commerce,1,40.81,50.0,4,2,100,HIGH
NSFAS005081,Kagiso Mthembu,University of the Free State,Engineering,1,65.15,83.0,1,5,0,LOW
NSFAS005082,Kagiso Mabaso,University of Cape Town,Engineering,3,40.0,55.0,1,1,80,HIGH
NSFAS005083,Nomsa Mthethwa,University of Stellenbosch,Law,1,50.26,74.0,1,3,0,LOW
NSFAS005084,Kagiso Mabaso,North-West University,Engineering,1,71.05,87.0,0,5,0,LOW
NSFAS005085,Mpho Molefe,University of Pretoria,Engineering,3,75.0,88.0,0,4,0,LOW
NSFAS005086,Sipho Khumalo,University of Pretoria,Science,4,40.74,21.0,2,5,80,HIGH
NSFAS005087,Sipho Mabaso,University of Pretoria,Science,2,40.0,57.0,3,1,100,HIGH
NSFAS005088,Nomsa Mthembu,University of Cape Town,Arts,4,75.0,87.0,0,5,0,LOW
NSFAS005089,Nokuthula Molefe,University of Johannesburg,Engineering,1,40.0,34.0,4,3,100,HIGH
NSFAS005090,Thabo Dlamini,North-West University,Commerce,4,75.0,84.0,1,3,0,LOW
NSFAS005091,Themba Mthembu,University of KwaZulu-Natal,Engineering,2,70.44,76.0,0,1,0,LOW
NSFAS005092,Lerato Mthethwa,University of the Witwatersrand,Engineering,4,57.8,85.0,0,2,0,LOW
NSFAS005093,Mpho Dlamini,University of the Witwatersrand,Science,1,40.0,39.0,1,1,80,HIGH
NSFAS005094,Zanele Dlamini,University of Pretoria,Commerce,2,54.68,62.0,1,2,40,MEDIUM
NSFAS005095,Thabo Zulu,University of the Witwatersrand,Commerce,1,75.0,76.0,1,2,0,LOW
NSFAS005096,Lerato Mthethwa,University of Johannesburg,Science,2,47.14,48.0,2,4,80,HIGH
NSFAS005097,Busisiwe Mokoena,University of Pretoria,Education,4,68.22,61.0,0,0,40,MEDIUM
NSFAS005098,Sibusiso Mahlangu,University of the Free State,Arts,1,61.47,65.0,1,4,40,MEDIUM
NSFAS005099,Lerato Mthembu,University of Stellenbosch,Commerce,4,64.89,65.0,0,1,40,MEDIUM
NSFAS005100,Busisiwe Dlamini,University of Pretoria,Education,4,40.0,49.0,3,5,100,HIGH
NSFAS005101,Nokuthula Mthembu,University of Johannesburg,Science,1,75.0,77.0,0,2,0,LOW
NSFAS005102,Phumzile Dlamini,University of the Witwatersrand,Commerce,4,40.0,22.0,4,1,100,HIGH
NSFAS005103,Lerato Mthethwa,University of Stellenbosch,Law,2,64.63,63.0,0,5,40,MEDIUM
NSFAS005104,Sipho Dlamini,University of Cape Town,Law,3,43.23,50.0,3,3,100,HIGH
NSFAS005105,Busisiwe Zulu,University of Johannesburg,Science,1,75.0,85.0,1,4,0,LOW
NSFAS005106,Tshepo Molefe,University of the Witwatersrand,Education,1,49.62,46.0,4,2,100,HIGH
NSFAS005107,Sipho Molefe,North-West University,Arts,4,50.19,70.0,0,2,0,LOW
NSFAS005108,Busisiwe Mkhize,University of KwaZulu-Natal,Arts,2,30.0,41.0,3,2,100,HIGH
NSFAS005109,Thabo Dlamini,University of Johannesburg,Law,4,75.0,75.0,1,5,0,LOW
NSFAS005110,Lindiwe Mthethwa,University of KwaZulu-Natal,Arts,2,42.98,42.0,3,2,100,HIGH
NSFAS005111,Andile Molefe,University of Stellenbosch,Commerce,1,56.49,56.0,1,2,40,MEDIUM
NSFAS005112,Mpho Mthethwa,University of Johannesburg,Arts,1,75.0,78.0,1,1,0,LOW
NSFAS005113,Sibusiso Mahlangu,University of KwaZulu-Natal,Commerce,1,30.0,29.0,3,5,100,HIGH
NSFAS005114,Themba Mthethwa,University of Johannesburg,Engineering,1,49.0,40.0,2,2,80,HIGH
NSFAS005115,Busisiwe Molefe,University of Cape Town,Arts,2,40.0,31.0,2,0,80,HIGH
NSFAS005116,Busisiwe Zulu,University of the Witwatersrand,Law,1,40.0,59.0,4,2,100,HIGH
NSFAS005117,Thabo Molefe,North-West University,Law,3,40.0,28.0,3,4,100,HIGH
NSFAS005118,Nokuthula Mkhize,University of the Witwatersrand,Education,2,75.0,79.0,1,2,0,LOW
NSFAS005119,Sipho Mkhize,University of KwaZulu-Natal,Engineering,1,30.0,46.0,3,1,100,HIGH
NSFAS005120,Busisiwe Mthethwa,University of Johannesburg,Commerce,4,55.36,84.0,1,3,0,LOW
NSFAS005121,Nokuthula Mthethwa,University of the Witwatersrand,Science,2,55.84,60.0,1,0,40,MEDIUM
NSFAS005122,Kagiso Zulu,North-West University,Education,3,40.27,32.0,2,4,80,HIGH
NSFAS005123,Sipho Mthembu,University of Pretoria,Arts,1,61.31,64.0,1,2,40,MEDIUM
NSFAS005124,Nomsa Nkosi,University of Pretoria,Arts,2,75.0,79.0,1,4,0,LOW
NSFAS005125,Phumzile Dlamini,University of the Witwatersrand,Law,2,55.19,68.0,0,0,40,MEDIUM
NSFAS005126,Nomsa Mokoena,University of Pretoria,Commerce,4,75.0,94.0,0,5,0,LOW
NSFAS005127,Lindiwe Molefe,University of Stellenbosch,Education,4,60.84,67.0,1,5,40,MEDIUM
NSFAS005128,Andile Khumalo,University of Cape Town,Education,4,40.0,46.0,3,3,100,HIGH
NSFAS005129,Kagiso Khumalo,University of the Free State,Commerce,4,75.0,92.0,0,1,0,LOW
NSFAS005130,Zanele Mokoena,University of Cape Town,Law,3,40.0,62.0,1,4,80,HIGH
NSFAS005131,Zanele Mahlangu,University of KwaZulu-Natal,Arts,4,65.41,73.0,0,0,0,LOW
NSFAS005132,Nomsa Mahlangu,University of the Free State,Law,3,75.0,78.0,0,5,0,LOW
NSFAS005133,Mpho Mkhize,University of Johannesburg,Engineering,2,49.0,59.0,3,3,100,HIGH
NSFAS005134,Sibusiso Mthethwa,University of the Free State,Education,4,75.0,94.0,1,4,0,LOW
NSFAS005135,Busisiwe Nkosi,University of Johannesburg,Science,4,75.0,95.0,0,2,0,LOW
NSFAS005136,Busisiwe Dlamini,University of KwaZulu-Natal,Science,4,40.0,50.0,1,3,80,HIGH
NSFAS005137,Tshepo Mabaso,University of Johannesburg,Commerce,3,40.0,42.0,1,0,80,HIGH
NSFAS005138,Lerato Mokoena,University of Cape Town,Commerce,4,42.28,53.0,1,0,80,HIGH
NSFAS005139,Nomsa Khumalo,University of Pretoria,Law,4,40.0,37.0,1,3,80,HIGH
NSFAS005140,Themba Zulu,University of KwaZulu-Natal,Education,1,40.0,47.0,3,4,100,HIGH
NSFAS005141,Andile Mkhize,University of Stellenbosch,Arts,4,55.6,78.0,1,1,0,LOW
NSFAS005142,Sipho Mokoena,University of the Free State,Education,2,40.69,20.0,3,4,100,HIGH
NSFAS005143,Nomsa Mokoena,University of Johannesburg,Education,4,54.65,60.0,0,4,40,MEDIUM
NSFAS005144,Sibusiso Nkosi,University of Cape Town,Engineering,4,30.19,29.0,2,2,80,HIGH
NSFAS005145,Andile Dlamini,University of KwaZulu-Natal,Engineering,4,75.0,95.0,1,3,0,LOW
NSFAS005146,Nomsa Mahlangu,University of the Free State,Law,4,56.93,81.0,1,0,0,LOW
NSFAS005147,Sipho Dlamini,University of Cape Town,Arts,4,75.0,87.0,1,5,0,LOW
NSFAS005148,Nokuthula Khumalo,University of the Free State,Arts,3,57.68,70.0,0,1,0,LOW
NSFAS005149,Busisiwe Mokoena,University of Johannesburg,Education,2,63.27,77.0,0,1,0,LOW
NSFAS005150,Tshepo Khumalo,University of the Free State,Science,4,30.0,57.0,2,2,80,HIGH
NSFAS005151,Sipho Mabaso,University of the Free State,Education,1,40.0,57.0,4,1,100,HIGH
NSFAS005152,Thabo Mabaso,University of Stellenbosch,Science,1,30.0,23.0,2,3,80,HIGH
NSFAS005153,Zanele Mkhize,University of KwaZulu-Natal,Education,1,40.0,25.0,3,3,100,HIGH
NSFAS005154,Kagiso Mkhize,University of Cape Town,Education,1,75.0,81.0,1,1,0,LOW
NSFAS005155,Tshepo Mthethwa,University of the Witwatersrand,Arts,2,40.0,49.0,2,0,80,HIGH
NSFAS005156,Sibusiso Mthembu,University of Stellenbosch,Arts,1,40.0,54.0,4,1,100,HIGH
NSFAS005157,Zanele Dlamini,University of KwaZulu-Natal,Engineering,2,40.0,37.0,3,5,100,HIGH
NSFAS005158,Kagiso Mthembu,University of Johannesburg,Engineering,3,75.0,95.0,1,5,0,LOW
NSFAS005159,Tshepo Mkhize,University of the Free State,Arts,4,40.31,0.0,4,5,100,HIGH
NSFAS005160,Kagiso Ngcobo,University of Stellenbosch,Engineering,3,49.0,40.0,3,4,100,HIGH
NSFAS005161,Phumzile Dlamini,North-West University,Arts,4,75.0,79.0,1,3,0,LOW
NSFAS005162,Mpho Mokoena,University of Pretoria,Law,3,48.81,32.0,4,5,100,HIGH
NSFAS005163,Tshepo Mthethwa,University of Johannesburg,Arts,3,53.82,69.0,1,3,40,MEDIUM
NSFAS005164,Themba Nkosi,University of the Free State,Education,3,68.53,65.0,0,0,40,MEDIUM
NSFAS005165,Lindiwe Mthethwa,North-West University,Commerce,3,49.0,38.0,3,2,100,HIGH
NSFAS005166,Sipho Nkosi,University of the Free State,Science,2,48.69,23.0,1,3,80,HIGH
NSFAS005167,Thabo Dlamini,University of Stellenbosch,Commerce,3,34.69,20.0,4,0,100,HIGH
NSFAS005168,Lindiwe Mokoena,University of Stellenbosch,Science,3,30.0,42.0,2,1,80,HIGH
NSFAS005169,Andile Mthethwa,University of Pretoria,Law,3,93.73,84.0,1,4,0,LOW
NSFAS005170,Mpho Mhlongo,University of Pretoria,Arts,3,48.16,41.0,2,5,80,HIGH
NSFAS005171,Phumzile Molefe,North-West University,Engineering,4,40.89,50.0,4,4,100,HIGH
NSFAS005172,Andile Mthethwa,North-West University,Education,4,49.0,23.0,3,0,100,HIGH
NSFAS005173,Kagiso Dlamini,University of the Free State,Science,1,40.0,44.0,2,4,80,HIGH
NSFAS005174,Tshepo Molefe,University of Pretoria,Education,1,75.0,88.0,1,2,0,LOW
NSFAS005175,Tshepo Molefe,University of KwaZulu-Natal,Science,1,47.2,62.0,0,0,80,HIGH
NSFAS005176,Tshepo Khumalo,University of KwaZulu-Natal,Education,1,75.0,86.0,0,1,0,LOW
NSFAS005177,Busisiwe Mokoena,University of KwaZulu-Natal,Science,4,60.63,73.0,1,2,0,LOW
NSFAS005178,Themba Ngcobo,University of the Free State,Arts,1,52.95,71.0,1,1,0,LOW
NSFAS005179,Thabo Ngcobo,University of Johannesburg,Education,1,40.0,30.0,4,3,100,HIGH
NSFAS005180,Busisiwe Mhlongo,North-West University,Science,2,80.7,75.0,1,3,0,LOW
NSFAS005181,Sipho Dlamini,North-West University,Commerce,1,46.39,61.0,0,0,80,HIGH
NSFAS005182,Nomsa Khumalo,University of KwaZulu-Natal,Science,4,68.02,60.0,0,5,40,MEDIUM
NSFAS005183,Busisiwe Nkosi,University of KwaZulu-Natal,Law,4,40.0,54.0,2,2,80,HIGH
NSFAS005184,Zanele Mhlongo,University of KwaZulu-Natal,Education,1,45.05,30.0,2,5,80,HIGH
NSFAS005185,Tshepo Molefe,University of Cape Town,Science,4,56.33,77.0,1,4,0,LOW
NSFAS005186,Sipho Dlamini,North-West University,Arts,3,40.0,48.0,2,4,80,HIGH
NSFAS005187,Sipho Mkhize,University of the Witwatersrand,Law,2,75.0,93.0,0,3,0,LOW
NSFAS005188,Zanele Mthethwa,University of Stellenbosch,Law,3,48.31,56.0,4,4,100,HIGH
NSFAS005189,Thabo Mthembu,University of Stellenbosch,Law,3,62.03,72.0,0,4,0,LOW
NSFAS005190,Themba Mkhize,University of the Witwatersrand,Engineering,3,75.0,90.0,1,0,0,LOW
NSFAS005191,Phumzile Mhlongo,University of Pretoria,Science,3,95.0,95.0,0,4,0,LOW
NSFAS005192,Mpho Ngcobo,University of Stellenbosch,Commerce,1,65.3,69.0,1,5,40,MEDIUM
NSFAS005193,Themba Mthethwa,University of the Witwatersrand,Arts,4,40.0,42.0,3,0,100,HIGH
NSFAS005194,Sipho Molefe,North-West University,Arts,4,40.0,29.0,2,0,80,HIGH
NSFAS005195,Kagiso Mokoena,University of KwaZulu-Natal,Science,4,40.0,41.0,3,5,100,HIGH
NSFAS005196,Tshepo Dlamini,North-West University,Education,2,56.72,85.0,1,1,0,LOW
NSFAS005197,Thabo Mhlongo,University of KwaZulu-Natal,Arts,1,73.15,89.0,1,1,0,LOW
NSFAS005198,Thabo Nkosi,University of Stellenbosch,Commerce,2,40.0,58.0,3,1,100,HIGH
NSFAS005199,Phumzile Molefe,University of the Free State,Engineering,2,64.45,75.0,0,0,0,LOW
NSFAS005200,Themba Mokoena,University of KwaZulu-Natal,Commerce,4,40.0,48.0,1,5,80,HIGH
NSFAS005201,Nomsa Mahlangu,University of the Witwatersrand,Engineering,1,72.71,93.0,0,4,0,LOW
NSFAS005202,Nomsa Khumalo,University of the Witwatersrand,Engineering,1,49.0,21.0,4,3,100,HIGH
NSFAS005203,Lindiwe Nkosi,University of Stellenbosch,Education,2,64.15,79.0,1,1,0,LOW
NSFAS005204,Tshepo Ngcobo,University of Stellenbosch,Education,2,47.31,53.0,1,4,80,HIGH
NSFAS005205,Zanele Mahlangu,University of Pretoria,Engineering,3,40.0,33.0,2,3,80,HIGH
NSFAS005206,Nomsa Ngcobo,University of KwaZulu-Natal,Science,2,40.0,52.0,1,0,80,HIGH
NSFAS005207,Themba Nkosi,North-West University,Law,3,82.7,82.0,0,0,0,LOW
NSFAS005208,Busisiwe Zulu,University of the Witwatersrand,Commerce,1,38.47,0.0,3,5,100,HIGH
NSFAS005209,Lindiwe Mahlangu,North-West University,Engineering,2,47.48,37.0,3,1,100,HIGH
NSFAS005210,Zanele Molefe,University of KwaZulu-Natal,Law,2,65.24,73.0,0,5,0,LOW
NSFAS005211,Lerato Khumalo,North-West University,Education,3,61.31,69.0,0,2,40,MEDIUM
NSFAS005212,Andile Mabaso,University of KwaZulu-Natal,Science,4,40.0,60.0,1,0,80,HIGH
NSFAS005213,Kagiso Zulu,University of the Witwatersrand,Science,1,57.96,82.0,1,4,0,LOW
NSFAS005214,Zanele Mabaso,University of Cape Town,Arts,3,40.0,20.0,4,2,100,HIGH
NSFAS005215,Phumzile Mthembu,University of Stellenbosch,Science,2,40.0,39.0,2,3,80,HIGH
NSFAS005216,Lerato Khumalo,University of Pretoria,Science,2,57.75,61.0,1,2,40,MEDIUM
NSFAS005217,Andile Mthembu,University of the Witwatersrand,Arts,1,40.0,51.0,1,0,80,HIGH
NSFAS005218,Themba Dlamini,University of Stellenbosch,Education,3,40.0,48.0,2,1,80,HIGH
NSFAS005219,Andile Mahlangu,University of Pretoria,Engineering,4,75.0,94.0,0,3,0,LOW
NSFAS005220,Andile Mokoena,University of Cape Town,Science,2,75.0,81.0,0,0,0,LOW
NSFAS005221,Kagiso Ngcobo,University of Cape Town,Engineering,3,40.0,20.0,4,2,100,HIGH
NSFAS005222,Phumzile Mthembu,University of Cape Town,Engineering,1,59.38,57.0,4,3,60,HIGH
NSFAS005223,Tshepo Mhlongo,University of KwaZulu-Natal,Education,2,40.0,45.0,2,3,80,HIGH
NSFAS005224,Sipho Mkhize,University of the Free State,Law,2,56.63,81.0,0,2,0,LOW
NSFAS005225,Mpho Khumalo,University of the Witwatersrand,Science,2,48.14,39.0,1,0,80,HIGH
NSFAS005226,Sibusiso Mabaso,North-West University,Engineering,1,40.0,50.0,1,2,80,HIGH
NSFAS005227,Lerato Mahlangu,University of the Free State,Commerce,1,40.0,47.0,2,0,80,HIGH
NSFAS005228,Sipho Mahlangu,University of Cape Town,Commerce,1,44.99,63.0,1,4,80,HIGH
NSFAS005229,Thabo Mkhize,University of the Free State,Engineering,2,54.61,55.0,2,4,40,MEDIUM
NSFAS005230,Thabo Khumalo,University of Stellenbosch,Science,2,40.0,23.0,4,1,100,HIGH
NSFAS005231,Thabo Zulu,University of Stellenbosch,Commerce,4,40.0,36.0,3,1,100,HIGH
NSFAS005232,Nokuthula Mhlongo,University of Stellenbosch,Arts,3,40.0,61.0,1,0,80,HIGH
NSFAS005233,Zanele Mokoena,North-West University,Law,2,40.0,49.0,1,5,80,HIGH
NSFAS005234,Thabo Ngcobo,University of Stellenbosch,Engineering,3,62.65,69.0,0,5,40,MEDIUM
NSFAS005235,Lindiwe Mabaso,University of the Witwatersrand,Arts,4,40.0,25.0,3,0,100,HIGH
NSFAS005236,Busisiwe Mthethwa,University of Pretoria,Commerce,4,40.0,39.0,2,0,80,HIGH
NSFAS005237,Sibusiso Khumalo,University of Johannesburg,Arts,4,52.84,0.0,1,0,40,MEDIUM
NSFAS005238,Mpho Zulu,University of the Free State,Law,1,40.0,41.0,2,3,80,HIGH
NSFAS005239,Zanele Mokoena,University of the Witwatersrand,Science,1,81.62,77.0,0,1,0,LOW
NSFAS005240,Thabo Mhlongo,University of Stellenbosch,Science,4,51.69,55.0,4,5,60,HIGH
NSFAS005241,Nomsa Mabaso,University of Pretoria,Law,1,43.72,51.0,1,5,80,HIGH
NSFAS005242,Nomsa Mabaso,University of the Witwatersrand,Arts,1,50.04,76.0,1,2,0,LOW
NSFAS005243,Sipho Mokoena,University of KwaZulu-Natal,Education,2,57.67,62.0,1,5,40,MEDIUM
NSFAS005244,Thabo Mthembu,University of Cape Town,Science,4,74.7,84.0,1,0,0,LOW
NSFAS005245,Nomsa Molefe,University of Johannesburg,Arts,2,30.0,50.0,4,5,100,HIGH
NSFAS005246,Kagiso Mkhize,North-West University,Education,3,45.28,20.0,1,4,80,HIGH
NSFAS005247,Mpho Zulu,University of Cape Town,Arts,2,75.0,83.0,1,0,0,LOW
NSFAS005248,Nokuthula Khumalo,University of Pretoria,Law,3,71.67,75.0,0,2,0,LOW
NSFAS005249,Sipho Khumalo,University of Stellenbosch,Science,4,75.0,88.0,0,2,0,LOW
NSFAS005250,Mpho Mthethwa,University of the Free State,Commerce,4,63.44,65.0,1,3,40,MEDIUM
NSFAS005251,Sibusiso Mabaso,University of Pretoria,Commerce,2,30.0,29.0,3,0,100,HIGH
NSFAS005252,Sipho Mthembu,University of Pretoria,Science,1,62.32,62.0,0,1,40,MEDIUM
NSFAS005253,Sipho Molefe,University of Pretoria,Science,4,52.84,85.0,0,4,0,LOW
NSFAS005254,Mpho Mahlangu,University of the Free State,Arts,3,61.39,83.0,1,5,0,LOW
NSFAS005255,Sibusiso Zulu,University of Cape Town,Education,2,44.36,46.0,3,1,100,HIGH
NSFAS005256,Themba Ngcobo,North-West University,Law,2,43.44,60.0,2,2,80,HIGH
NSFAS005257,Phumzile Khumalo,University of Cape Town,Commerce,4,53.03,57.0,2,3,40,MEDIUM
NSFAS005258,Phumzile Zulu,University of the Free State,Education,2,30.0,25.0,4,5,100,HIGH
NSFAS005259,Zanele Mkhize,University of KwaZulu-Natal,Science,4,75.0,81.0,0,2,0,LOW
NSFAS005260,Sipho Khumalo,University of Stellenbosch,Law,2,49.0,57.0,4,1,100,HIGH
NSFAS005261,Sibusiso Mthembu,North-West University,Education,2,40.0,44.0,3,1,100,HIGH
NSFAS005262,Sibusiso Nkosi,University of Johannesburg,Science,2,45.81,62.0,1,4,80,HIGH
NSFAS005263,Kagiso Mabaso,University of Cape Town,Law,4,75.0,95.0,0,5,0,LOW
NSFAS005264,Mpho Mahlangu,University of Cape Town,Engineering,1,75.0,88.0,0,4,0,LOW
NSFAS005265,Nokuthula Mahlangu,University of Cape Town,Law,4,75.0,82.0,0,1,0,LOW
NSFAS005266,Thabo Molefe,University of Stellenbosch,Law,2,75.0,80.0,1,3,0,LOW
NSFAS005267,Nokuthula Mabaso,University of Pretoria,Engineering,1,53.29,73.0,1,0,0,LOW
NSFAS005268,Themba Mhlongo,University of Johannesburg,Science,2,40.0,24.0,4,1,100,HIGH
NSFAS005269,Mpho Ngcobo,University of KwaZulu-Natal,Education,2,59.54,76.0,0,5,0,LOW
NSFAS005270,Themba Molefe,University of Stellenbosch,Science,4,75.0,77.0,0,5,0,LOW
NSFAS005271,Mpho Zulu,University of KwaZulu-Natal,Law,4,75.0,89.0,1,5,0,LOW
NSFAS005272,Andile Zulu,University of Stellenbosch,Commerce,2,40.0,20.0,4,2,100,HIGH
NSFAS005273,Zanele Nkosi,University of Stellenbosch,Law,4,51.89,78.0,0,3,0,LOW
NSFAS005274,Sibusiso Mokoena,University of the Free State,Science,3,55.93,75.0,1,4,0,LOW
NSFAS005275,Andile Zulu,North-West University,Law,3,55.48,81.0,0,0,0,LOW
NSFAS005276,Lerato Mabaso,University of Stellenbosch,Science,1,49.0,60.0,1,2,80,HIGH
NSFAS005277,Thabo Khumalo,University of Pretoria,Engineering,1,58.14,64.0,0,4,40,MEDIUM
NSFAS005278,Lindiwe Mokoena,University of KwaZulu-Natal,Engineering,2,75.0,77.0,0,3,0,LOW
NSFAS005279,Phumzile Nkosi,University of the Witwatersrand,Commerce,4,40.0,21.0,1,3,80,HIGH
NSFAS005280,Lerato Mahlangu,University of the Free State,Engineering,1,40.0,48.0,2,2,80,HIGH
NSFAS005281,Phumzile Nkosi,University of Cape Town,Commerce,4,64.94,85.0,0,0,0,LOW
NSFAS005282,Andile Mthethwa,University of Cape Town,Science,4,40.0,45.0,3,1,100,HIGH
NSFAS005283,Nokuthula Ngcobo,University of Stellenbosch,Commerce,4,40.0,32.0,1,0,80,HIGH
NSFAS005284,Themba Ngcobo,University of KwaZulu-Natal,Education,4,75.0,84.0,1,5,0,LOW
NSFAS005285,Zanele Mokoena,University of KwaZulu-Natal,Education,3,67.31,79.0,1,4,0,LOW
NSFAS005286,Andile Molefe,University of Cape Town,Education,4,40.0,41.0,3,1,100,HIGH
NSFAS005287,Lerato Mhlongo,University of KwaZulu-Natal,Science,4,40.0,55.0,3,1,100,HIGH
NSFAS005288,Andile Mabaso,University of Stellenbosch,Engineering,4,56.2,66.0,1,0,40,MEDIUM
NSFAS005289,Sibusiso Khumalo,University of Stellenbosch,Engineering,1,74.89,94.0,1,0,0,LOW
NSFAS005290,Nokuthula Mhlongo,North-West University,Arts,2,30.0,45.0,1,4,80,HIGH
NSFAS005291,Nomsa Mthembu,University of KwaZulu-Natal,Commerce,3,45.46,41.0,4,0,100,HIGH
NSFAS005292,Kagiso Zulu,University of Stellenbosch,Law,3,40.0,28.0,4,5,100,HIGH
NSFAS005293,Lerato Mahlangu,University of the Witwatersrand,Law,3,40.0,40.0,1,0,80,HIGH
NSFAS005294,Lerato Dlamini,North-West University,Engineering,1,40.0,23.0,3,3,100,HIGH
NSFAS005295,Nomsa Mthethwa,North-West University,Commerce,2,30.0,46.0,4,1,100,HIGH
NSFAS005296,Andile Khumalo,University of Pretoria,Education,4,75.0,95.0,0,0,0,LOW
NSFAS005297,Zanele Dlamini,University of Cape Town,Arts,1,75.0,88.0,0,5,0,LOW
NSFAS005298,Mpho Mkhize,University of the Free State,Law,4,75.0,75.0,1,2,0,LOW
NSFAS005299,Thabo Mthethwa,University of KwaZulu-Natal,Science,4,75.0,87.0,1,2,0,LOW
NSFAS005300,Themba Mhlongo,University of Cape Town,Law,1,89.59,82.0,1,1,0,LOW
NSFAS005301,Phumzile Molefe,University of Pretoria,Science,4,43.19,0.0,4,4,100,HIGH
NSFAS005302,Lindiwe Khumalo,University of the Free State,Law,1,75.0,89.0,1,0,0,LOW
NSFAS005303,Mpho Ngcobo,North-West University,Arts,1,40.0,59.0,3,1,100,HIGH
NSFAS005304,Nokuthula Mkhize,University of Stellenbosch,Arts,1,49.0,51.0,4,2,100,HIGH
NSFAS005305,Lerato Nkosi,University of the Free State,Education,3,75.0,95.0,1,3,0,LOW
NSFAS005306,Lindiwe Dlamini,University of Pretoria,Arts,3,40.0,63.0,4,5,100,HIGH
NSFAS005307,Sipho Mkhize,University of Stellenbosch,Engineering,4,75.0,89.0,1,0,0,LOW
NSFAS005308,Andile Mokoena,University of Johannesburg,Engineering,1,75.0,91.0,0,3,0,LOW
NSFAS005309,Zanele Mkhize,University of the Witwatersrand,Engineering,4,73.86,76.0,1,2,0,LOW
NSFAS005310,Andile Mkhize,University of Pretoria,Engineering,2,75.0,92.0,0,3,0,LOW
NSFAS005311,Nokuthula Mhlongo,University of Stellenbosch,Education,1,75.0,87.0,0,0,0,LOW
NSFAS005312,Nokuthula Dlamini,University of the Witwatersrand,Science,4,30.0,20.0,1,3,80,HIGH
NSFAS005313,Andile Molefe,University of KwaZulu-Natal,Commerce,1,68.9,68.0,0,4,40,MEDIUM
NSFAS005314,Sipho Ngcobo,University of Cape Town,Arts,1,44.66,40.0,2,2,80,HIGH
NSFAS005315,Sibusiso Mahlangu,University of Cape Town,Commerce,4,56.11,80.0,1,2,0,LOW
NSFAS005316,Sipho Mthethwa,University of Cape Town,Engineering,1,40.0,61.0,1,4,80,HIGH
NSFAS005317,Nokuthula Molefe,University of Cape Town,Education,3,61.36,70.0,1,4,0,LOW
NSFAS005318,Sibusiso Mhlongo,North-West University,Science,3,30.0,46.0,4,1,100,HIGH
NSFAS005319,Themba Mahlangu,University of Stellenbosch,Law,1,72.98,86.0,0,2,0,LOW
NSFAS005320,Sipho Mabaso,University of Pretoria,Commerce,2,40.0,25.0,3,3,100,HIGH
NSFAS005321,Zanele Nkosi,University of the Witwatersrand,Law,2,40.0,43.0,1,4,80,HIGH
NSFAS005322,Themba Mthembu,University of Cape Town,Commerce,3,49.0,28.0,2,3,80,HIGH
NSFAS005323,Nomsa Mhlongo,University of the Witwatersrand,Arts,3,55.42,72.0,0,4,0,LOW
NSFAS005324,Nokuthula Ngcobo,University of KwaZulu-Natal,Engineering,1,75.0,94.0,1,0,0,LOW
NSFAS005325,Busisiwe Nkosi,University of the Free State,Arts,1,48.86,36.0,1,2,80,HIGH
NSFAS005326,Tshepo Mthethwa,University of KwaZulu-Natal,Science,2,45.99,41.0,2,3,80,HIGH
NSFAS005327,Sipho Khumalo,University of the Free State,Engineering,4,77.0,90.0,0,0,0,LOW
NSFAS005328,Kagiso Mabaso,North-West University,Engineering,3,30.0,30.0,4,2,100,HIGH
NSFAS005329,Phumzile Mthembu,University of Cape Town,Education,4,56.76,65.0,0,4,40,MEDIUM
NSFAS005330,Tshepo Ngcobo,University of Pretoria,Education,4,70.09,95.0,0,0,0,LOW
NSFAS005331,Sipho Mabaso,University of Johannesburg,Education,3,30.0,52.0,1,1,80,HIGH
NSFAS005332,Zanele Mahlangu,University of the Witwatersrand,Commerce,4,75.0,81.0,0,3,0,LOW
NSFAS005333,Thabo Molefe,University of Pretoria,Commerce,2,49.0,34.0,1,1,80,HIGH
NSFAS005334,Andile Dlamini,University of KwaZulu-Natal,Arts,4,70.85,95.0,1,2,0,LOW
NSFAS005335,Sibusiso Mthethwa,University of the Witwatersrand,Science,3,40.0,52.0,1,1,80,HIGH
NSFAS005336,Lindiwe Mabaso,University of Johannesburg,Arts,2,40.0,63.0,2,3,80,HIGH
NSFAS005337,Lindiwe Mhlongo,University of Johannesburg,Science,2,40.0,0.0,1,4,80,HIGH
NSFAS005338,Tshepo Mabaso,University of the Witwatersrand,Science,1,40.0,54.0,4,1,100,HIGH
NSFAS005339,Themba Ngcobo,North-West University,Engineering,4,40.0,32.0,1,4,80,HIGH
NSFAS005340,Sibusiso Mthethwa,University of Pretoria,Education,2,40.0,34.0,1,1,80,HIGH
NSFAS005341,Andile Mokoena,University of the Free State,Education,2,47.49,60.0,1,1,80,HIGH
NSFAS005342,Sibusiso Nkosi,University of Cape Town,Law,3,40.0,21.0,3,5,100,HIGH
NSFAS005343,Sibusiso Mahlangu,University of KwaZulu-Natal,Engineering,2,75.0,86.0,0,3,0,LOW
NSFAS005344,Nomsa Ngcobo,North-West University,Law,4,54.38,84.0,0,1,0,LOW
NSFAS005345,Themba Mokoena,North-West University,Arts,2,40.0,51.0,4,2,100,HIGH
NSFAS005346,Themba Nkosi,University of the Free State,Arts,4,40.0,51.0,2,4,80,HIGH
NSFAS005347,Mpho Mhlongo,University of the Free State,Commerce,2,58.98,60.0,0,0,40,MEDIUM
NSFAS005348,Themba Mthembu,North-West University,Commerce,3,95.0,83.0,1,2,0,LOW
NSFAS005349,Nokuthula Mahlangu,University of Pretoria,Commerce,1,48.47,65.0,0,5,80,HIGH
NSFAS005350,Lindiwe Mhlongo,University of the Free State,Engineering,4,40.0,58.0,1,1,80,HIGH
NSFAS005351,Nokuthula Mhlongo,University of the Witwatersrand,Arts,4,58.02,66.0,1,3,40,MEDIUM
NSFAS005352,Sipho Mthethwa,University of Pretoria,Engineering,4,51.33,55.0,4,0,60,HIGH
NSFAS005353,Andile Mabaso,University of the Free State,Commerce,1,63.43,57.0,4,5,60,HIGH
NSFAS005354,Sipho Zulu,University of KwaZulu-Natal,Education,1,75.0,92.0,0,4,0,LOW
NSFAS005355,Phumzile Mokoena,University of the Witwatersrand,Education,2,40.0,39.0,3,1,100,HIGH
NSFAS005356,Nokuthula Mthethwa,University of the Free State,Science,3,75.0,82.0,1,5,0,LOW
NSFAS005357,Nomsa Molefe,North-West University,Engineering,1,62.84,61.0,1,5,40,MEDIUM
NSFAS005358,Mpho Zulu,North-West University,Arts,1,75.0,93.0,1,5,0,LOW
NSFAS005359,Kagiso Dlamini,University of the Witwatersrand,Education,1,46.02,32.0,3,4,100,HIGH
NSFAS005360,Lindiwe Nkosi,University of Cape Town,Commerce,2,75.0,93.0,1,4,0,LOW
NSFAS005361,Themba Khumalo,North-West University,Education,1,58.58,66.0,1,0,40,MEDIUM
NSFAS005362,Sibusiso Khumalo,University of Johannesburg,Engineering,3,41.68,30.0,2,3,80,HIGH
NSFAS005363,Mpho Khumalo,University of the Free State,Education,4,42.5,59.0,1,1,80,HIGH
NSFAS005364,Themba Mthembu,University of the Free State,Law,2,40.0,54.0,4,2,100,HIGH
NSFAS005365,Busisiwe Mthethwa,University of the Free State,Law,1,49.62,58.0,1,1,80,HIGH
NSFAS005366,Nokuthula Mahlangu,University of the Witwatersrand,Education,1,46.2,22.0,2,4,80,HIGH
NSFAS005367,Busisiwe Khumalo,University of Cape Town,Science,2,79.58,81.0,0,3,0,LOW
NSFAS005368,Themba Mokoena,University of Pretoria,Engineering,1,69.81,60.0,0,5,40,MEDIUM
NSFAS005369,Kagiso Nkosi,University of KwaZulu-Natal,Commerce,1,64.92,76.0,1,5,0,LOW
NSFAS005370,Sipho Khumalo,North-West University,Engineering,2,55.88,67.0,0,4,40,MEDIUM
NSFAS005371,Nomsa Mhlongo,North-West University,Education,2,60.93,79.0,0,3,0,LOW
NSFAS005372,Tshepo Mabaso,University of Cape Town,Education,4,66.75,56.0,1,1,40,MEDIUM
NSFAS005373,Kagiso Mthembu,North-West University,Engineering,3,40.0,60.0,3,1,100,HIGH
NSFAS005374,Andile Dlamini,University of KwaZulu-Natal,Arts,3,40.0,57.0,2,4,80,HIGH
NSFAS005375,Kagiso Molefe,University of the Witwatersrand,Arts,3,40.0,0.0,1,5,80,HIGH
NSFAS005376,Sipho Mokoena,University of Cape Town,Education,3,49.0,31.0,4,1,100,HIGH
NSFAS005377,Phumzile Mthethwa,University of Cape Town,Science,3,75.0,86.0,0,0,0,LOW
NSFAS005378,Busisiwe Mahlangu,University of Johannesburg,Arts,4,47.13,22.0,1,2,80,HIGH
NSFAS005379,Sipho Mkhize,University of Stellenbosch,Engineering,3,40.0,28.0,2,5,80,HIGH
NSFAS005380,Lindiwe Mthethwa,University of the Free State,Arts,1,30.0,59.0,2,0,80,HIGH
NSFAS005381,Sibusiso Dlamini,University of Johannesburg,Law,1,95.0,95.0,0,2,0,LOW
NSFAS005382,Mpho Mthethwa,University of the Witwatersrand,Commerce,3,40.0,45.0,2,3,80,HIGH
NSFAS005383,Nomsa Mabaso,University of Cape Town,Law,1,40.0,40.0,4,0,100,HIGH
NSFAS005384,Sipho Zulu,University of Cape Town,Science,2,95.0,95.0,1,1,0,LOW
NSFAS005385,Tshepo Mokoena,University of Pretoria,Arts,4,40.0,50.0,2,3,80,HIGH
NSFAS005386,Thabo Nkosi,University of the Free State,Commerce,2,91.64,81.0,0,5,0,LOW
NSFAS005387,Lerato Mthembu,University of Cape Town,Science,3,40.0,27.0,3,0,100,HIGH
NSFAS005388,Sipho Ngcobo,University of the Free State,Arts,1,75.0,84.0,1,2,0,LOW
NSFAS005389,Tshepo Mabaso,University of KwaZulu-Natal,Science,3,72.12,84.0,0,2,0,LOW
NSFAS005390,Zanele Molefe,University of Johannesburg,Commerce,2,75.0,87.0,0,5,0,LOW
NSFAS005391,Nokuthula Mkhize,University of Johannesburg,Engineering,2,40.0,51.0,4,4,100,HIGH
NSFAS005392,Kagiso Dlamini,University of Johannesburg,Engineering,1,69.88,0.0,0,5,40,MEDIUM
NSFAS005393,Andile Nkosi,University of Johannesburg,Commerce,4,40.0,31.0,1,1,80,HIGH
NSFAS005394,Mpho Mabaso,North-West University,Law,3,75.0,87.0,1,2,0,LOW
NSFAS005395,Themba Mabaso,University of the Witwatersrand,Engineering,2,40.0,65.0,3,0,100,HIGH
NSFAS005396,Mpho Mkhize,University of KwaZulu-Natal,Science,4,49.14,23.0,1,5,80,HIGH
NSFAS005397,Tshepo Mahlangu,University of Johannesburg,Education,2,30.0,53.0,2,1,80,HIGH
NSFAS005398,Nomsa Khumalo,University of the Witwatersrand,Science,1,49.0,56.0,1,1,80,HIGH
NSFAS005399,Mpho Mokoena,University of Cape Town,Engineering,1,47.38,33.0,3,4,100,HIGH
NSFAS005400,Thabo Khumalo,University of Cape Town,Commerce,1,40.0,61.0,3,0,100,HIGH
NSFAS005401,Sipho Mthethwa,University of Cape Town,Science,4,72.13,86.0,0,2,0,LOW
NSFAS005402,Mpho Mthethwa,University of Pretoria,Arts,3,40.0,47.0,2,0,80,HIGH
NSFAS005403,Lindiwe Mthethwa,University of Cape Town,Engineering,2,40.0,33.0,3,2,100,HIGH
NSFAS005404,Phumzile Molefe,North-West University,Commerce,1,30.0,50.0,2,0,80,HIGH
NSFAS005405,Sipho Mahlangu,University of Cape Town,Commerce,2,40.0,56.0,2,3,80,HIGH
NSFAS005406,Sibusiso Nkosi,North-West University,Engineering,2,40.0,24.0,1,0,80,HIGH
NSFAS005407,Lindiwe Nkosi,North-West University,Science,2,75.0,84.0,1,0,0,LOW
NSFAS005408,Phumzile Molefe,University of Cape Town,Engineering,1,42.94,54.0,4,5,100,HIGH
NSFAS005409,Lindiwe Mabaso,University of Pretoria,Engineering,4,68.79,77.0,1,3,0,LOW
NSFAS005410,Busisiwe Zulu,University of Cape Town,Commerce,2,40.0,45.0,1,3,80,HIGH
NSFAS005411,Phumzile Dlamini,University of KwaZulu-Natal,Engineering,2,75.0,78.0,1,5,0,LOW
NSFAS005412,Kagiso Ngcobo,University of Pretoria,Engineering,2,75.0,78.0,0,3,0,LOW
NSFAS005413,Tshepo Khumalo,University of Stellenbosch,Engineering,4,75.0,76.0,1,0,0,LOW
NSFAS005414,Mpho Mokoena,University of Pretoria,Commerce,2,44.63,22.0,4,4,100,HIGH
NSFAS005415,Nokuthula Molefe,University of Pretoria,Science,4,49.0,41.0,3,4,100,HIGH
NSFAS005416,Phumzile Zulu,University of Stellenbosch,Science,3,40.0,65.0,3,4,100,HIGH
NSFAS005417,Phumzile Ngcobo,University of Johannesburg,Education,4,67.12,80.0,0,0,0,LOW
NSFAS005418,Sipho Nkosi,University of the Free State,Engineering,1,75.0,80.0,0,1,0,LOW
NSFAS005419,Sipho Mkhize,North-West University,Science,4,40.0,44.0,2,4,80,HIGH
NSFAS005420,Lindiwe Mabaso,University of Stellenbosch,Education,3,49.0,50.0,3,1,100,HIGH
NSFAS005421,Mpho Zulu,University of Pretoria,Law,2,48.11,36.0,4,2,100,HIGH
NSFAS005422,Themba Molefe,University of the Free State,Science,1,40.0,32.0,4,4,100,HIGH
NSFAS005423,Themba Khumalo,University of KwaZulu-Natal,Education,4,85.47,85.0,1,0,0,LOW
NSFAS005424,Sipho Khumalo,North-West University,Engineering,2,71.74,94.0,0,1,0,LOW
NSFAS005425,Nokuthula Mabaso,University of Pretoria,Arts,2,46.73,31.0,2,3,80,HIGH
NSFAS005426,Nomsa Mthethwa,University of Johannesburg,Law,4,40.0,44.0,4,2,100,HIGH
NSFAS005427,Nomsa Nkosi,University of Johannesburg,Engineering,2,49.0,55.0,3,0,100,HIGH
NSFAS005428,Sipho Mahlangu,North-West University,Arts,4,30.0,31.0,1,0,80,HIGH
NSFAS005429,Themba Mthembu,University of Stellenbosch,Commerce,4,40.0,0.0,3,3,100,HIGH
NSFAS005430,Nokuthula Ngcobo,University of the Witwatersrand,Commerce,2,71.83,91.0,1,5,0,LOW
NSFAS005431,Sipho Ngcobo,University of Pretoria,Engineering,1,53.65,61.0,0,4,40,MEDIUM
NSFAS005432,Nomsa Mabaso,University of Pretoria,Commerce,3,58.16,73.0,0,2,0,LOW
NSFAS005433,Zanele Mhlongo,University of KwaZulu-Natal,Engineering,3,57.06,69.0,0,2,40,MEDIUM
NSFAS005434,Sipho Khumalo,University of Cape Town,Education,1,66.7,59.0,2,2,40,MEDIUM
NSFAS005435,Mpho Molefe,University of Cape Town,Arts,4,75.0,84.0,1,0,0,LOW
NSFAS005436,Sibusiso Mkhize,University of Cape Town,Arts,3,75.0,83.0,0,1,0,LOW
NSFAS005437,Mpho Dlamini,University of Pretoria,Law,3,42.95,20.0,1,2,80,HIGH
NSFAS005438,Sipho Mthethwa,University of Stellenbosch,Commerce,4,75.0,95.0,0,0,0,LOW
NSFAS005439,Nomsa Dlamini,University of Cape Town,Education,2,30.0,24.0,2,1,80,HIGH
NSFAS005440,Lerato Dlamini,University of the Witwatersrand,Commerce,3,40.0,35.0,4,3,100,HIGH
NSFAS005441,Phumzile Nkosi,University of the Free State,Science,2,40.0,56.0,2,0,80,HIGH
NSFAS005442,Phumzile Mahlangu,University of the Free State,Commerce,2,40.0,0.0,2,3,80,HIGH
NSFAS005443,Lerato Mabaso,University of the Free State,Arts,1,40.0,53.0,1,5,80,HIGH
NSFAS005444,Kagiso Mkhize,University of Pretoria,Education,3,75.0,81.0,1,5,0,LOW
NSFAS005445,Nokuthula Dlamini,North-West University,Science,1,40.0,30.0,1,3,80,HIGH
NSFAS005446,Phumzile Mthethwa,University of the Witwatersrand,Engineering,2,74.67,82.0,1,2,0,LOW
NSFAS005447,Zanele Mokoena,University of Johannesburg,Arts,2,40.0,65.0,1,0,80,HIGH
NSFAS005448,Mpho Mthethwa,University of KwaZulu-Natal,Science,3,43.31,47.0,2,4,80,HIGH
NSFAS005449,Tshepo Mthembu,University of KwaZulu-Natal,Law,2,40.0,34.0,4,4,100,HIGH
NSFAS005450,Phumzile Mhlongo,University of Stellenbosch,Commerce,3,63.64,72.0,0,2,0,LOW
NSFAS005451,Lindiwe Dlamini,University of Stellenbosch,Arts,1,48.59,38.0,3,5,100,HIGH
NSFAS005452,Andile Mthethwa,University of KwaZulu-Natal,Commerce,3,50.44,56.0,3,2,60,HIGH
NSFAS005453,Zanele Ngcobo,University of Pretoria,Law,4,40.0,62.0,4,2,100,HIGH
NSFAS005454,Lerato Mthembu,University of KwaZulu-Natal,Law,1,40.0,59.0,1,2,80,HIGH
NSFAS005455,Mpho Molefe,University of Cape Town,Engineering,3,30.0,29.0,1,4,80,HIGH
NSFAS005456,Mpho Mokoena,University of Cape Town,Engineering,2,70.45,95.0,0,3,0,LOW
NSFAS005457,Tshepo Mthembu,University of Johannesburg,Education,3,40.0,25.0,3,0,100,HIGH
NSFAS005458,Thabo Nkosi,University of the Free State,Education,1,40.0,39.0,4,1,100,HIGH
NSFAS005459,Lindiwe Khumalo,University of Pretoria,Commerce,2,75.0,95.0,0,5,0,LOW
NSFAS005460,Nokuthula Mahlangu,North-West University,Law,4,75.0,95.0,0,4,0,LOW
NSFAS005461,Tshepo Zulu,University of Stellenbosch,Commerce,1,67.58,59.0,2,1,40,MEDIUM
NSFAS005462,Busisiwe Dlamini,North-West University,Commerce,4,75.0,91.0,0,0,0,LOW
NSFAS005463,Sipho Mthethwa,North-West University,Engineering,3,75.0,95.0,1,5,0,LOW
NSFAS005464,Andile Mabaso,University of KwaZulu-Natal,Education,2,40.0,33.0,3,1,100,HIGH
NSFAS005465,Nokuthula Mokoena,University of Cape Town,Commerce,3,40.0,50.0,1,3,80,HIGH
NSFAS005466,Lindiwe Zulu,University of Stellenbosch,Law,1,75.0,84.0,1,2,0,LOW
NSFAS005467,Lindiwe Khumalo,University of KwaZulu-Natal,Commerce,1,40.0,39.0,4,0,100,HIGH
NSFAS005468,Themba Mthembu,University of Cape Town,Science,3,40.0,34.0,1,0,80,HIGH
NSFAS005469,Thabo Mahlangu,University of Pretoria,Education,2,75.0,90.0,1,3,0,LOW
NSFAS005470,Lerato Mthethwa,University of the Free State,Law,4,40.0,31.0,4,2,100,HIGH
NSFAS005471,Sipho Khumalo,University of Pretoria,Law,4,51.81,66.0,1,1,40,MEDIUM
NSFAS005472,Mpho Mokoena,University of Johannesburg,Law,1,45.85,45.0,2,3,80,HIGH
NSFAS005473,Lerato Khumalo,University of KwaZulu-Natal,Arts,2,53.58,64.0,0,4,40,MEDIUM
NSFAS005474,Sipho Zulu,North-West University,Education,4,71.15,86.0,0,3,0,LOW
NSFAS005475,Kagiso Molefe,University of Pretoria,Engineering,2,40.0,47.0,3,2,100,HIGH
NSFAS005476,Lerato Mokoena,University of KwaZulu-Natal,Engineering,1,67.2,84.0,0,4,0,LOW
NSFAS005477,Tshepo Mabaso,University of KwaZulu-Natal,Arts,4,30.0,25.0,1,5,80,HIGH
NSFAS005478,Mpho Mahlangu,University of Stellenbosch,Science,2,75.0,85.0,0,0,0,LOW
NSFAS005479,Nokuthula Mabaso,University of Cape Town,Arts,1,56.71,70.0,1,4,0,LOW
NSFAS005480,Lerato Mkhize,University of Johannesburg,Science,4,42.75,43.0,1,1,80,HIGH
NSFAS005481,Sipho Nkosi,University of the Witwatersrand,Science,2,75.0,90.0,0,2,0,LOW
NSFAS005482,Nokuthula Molefe,University of KwaZulu-Natal,Commerce,1,32.48,63.0,3,2,100,HIGH
NSFAS005483,Lindiwe Mthembu,University of Johannesburg,Engineering,3,40.0,60.0,2,1,80,HIGH
NSFAS005484,Zanele Dlamini,North-West University,Arts,1,47.04,41.0,4,4,100,HIGH
NSFAS005485,Kagiso Dlamini,University of Stellenbosch,Commerce,4,30.0,39.0,3,3,100,HIGH
NSFAS005486,Kagiso Khumalo,University of Stellenbosch,Commerce,2,75.0,92.0,1,0,0,LOW
NSFAS005487,Nokuthula Molefe,University of Stellenbosch,Science,1,34.73,55.0,4,3,100,HIGH
NSFAS005488,Sipho Mhlongo,University of Cape Town,Law,3,40.0,49.0,2,0,80,HIGH
NSFAS005489,Busisiwe Nkosi,University of Johannesburg,Science,4,73.06,85.0,1,3,0,LOW
NSFAS005490,Andile Khumalo,University of Cape Town,Law,2,40.0,24.0,3,0,100,HIGH
NSFAS005491,Lerato Mhlongo,University of the Witwatersrand,Commerce,2,40.0,42.0,3,0,100,HIGH
NSFAS005492,Phumzile Mabaso,University of Stellenbosch,Commerce,1,40.22,38.0,3,2,100,HIGH
NSFAS005493,Zanele Khumalo,University of Pretoria,Education,4,40.0,60.0,4,0,100,HIGH
NSFAS005494,Lindiwe Mokoena,University of the Free State,Arts,1,61.37,67.0,0,4,40,MEDIUM
NSFAS005495,Andile Nkosi,University of the Witwatersrand,Arts,4,44.07,46.0,4,2,100,HIGH
NSFAS005496,Nomsa Mkhize,University of KwaZulu-Natal,Commerce,4,53.58,68.0,0,5,40,MEDIUM
NSFAS005497,Tshepo Khumalo,University of Cape Town,Science,1,42.23,54.0,4,2,100,HIGH
NSFAS005498,Andile Mhlongo,University of Pretoria,Arts,2,50.91,66.0,1,3,40,MEDIUM
NSFAS005499,Sipho Ngcobo,University of the Witwatersrand,Science,2,72.07,95.0,1,4,0,LOW
NSFAS005500,Nomsa Mahlangu,University of the Witwatersrand,Law,1,72.64,79.0,0,1,0,LOW
NSFAS005501,Kagiso Zulu,University of Stellenbosch,Commerce,4,40.0,31.0,4,0,100,HIGH
NSFAS005502,Zanele Dlamini,University of Pretoria,Science,1,40.0,23.0,1,5,80,HIGH
NSFAS005503,Andile Mokoena,University of KwaZulu-Natal,Arts,1,40.0,30.0,4,5,100,HIGH
NSFAS005504,Thabo Khumalo,University of the Witwatersrand,Law,3,40.0,54.0,3,3,100,HIGH
NSFAS005505,Nokuthula Mthethwa,University of Stellenbosch,Education,3,41.44,39.0,3,3,100,HIGH
NSFAS005506,Andile Mahlangu,University of Pretoria,Science,4,70.99,87.0,0,0,0,LOW
NSFAS005507,Lindiwe Mkhize,University of Pretoria,Engineering,1,66.95,79.0,1,1,0,LOW
NSFAS005508,Tshepo Khumalo,University of Johannesburg,Law,3,40.0,60.0,4,2,100,HIGH
NSFAS005509,Mpho Mahlangu,North-West University,Commerce,4,40.0,21.0,3,3,100,HIGH
NSFAS005510,Sipho Mthembu,North-West University,Arts,4,40.0,52.0,1,4,80,HIGH
NSFAS005511,Phumzile Molefe,University of Pretoria,Engineering,3,68.43,65.0,1,4,40,MEDIUM
NSFAS005512,Tshepo Mahlangu,University of Pretoria,Engineering,1,40.0,24.0,4,4,100,HIGH
NSFAS005513,Lindiwe Molefe,University of the Witwatersrand,Science,1,42.72,32.0,2,5,80,HIGH
NSFAS005514,Themba Dlamini,University of Johannesburg,Law,4,30.0,39.0,1,3,80,HIGH
NSFAS005515,Phumzile Nkosi,University of the Witwatersrand,Science,4,40.0,27.0,3,2,100,HIGH
NSFAS005516,Sibusiso Mthethwa,University of the Witwatersrand,Education,1,40.0,43.0,2,2,80,HIGH
NSFAS005517,Busisiwe Khumalo,University of Pretoria,Engineering,3,75.0,93.0,0,0,0,LOW
NSFAS005518,Sipho Mthembu,University of KwaZulu-Natal,Law,2,40.0,57.0,3,3,100,HIGH
NSFAS005519,Andile Dlamini,North-West University,Science,2,40.0,33.0,3,0,100,HIGH
NSFAS005520,Nomsa Khumalo,University of Pretoria,Commerce,3,54.37,61.0,1,0,40,MEDIUM
NSFAS005521,Thabo Molefe,University of the Witwatersrand,Engineering,4,40.0,21.0,2,5,80,HIGH
NSFAS005522,Nomsa Dlamini,University of KwaZulu-Natal,Commerce,3,42.91,32.0,2,5,80,HIGH
NSFAS005523,Mpho Zulu,University of Cape Town,Education,3,64.37,64.0,1,5,40,MEDIUM
NSFAS005524,Thabo Nkosi,University of Pretoria,Education,3,40.0,51.0,1,2,80,HIGH
NSFAS005525,Sibusiso Molefe,University of Johannesburg,Engineering,4,33.15,20.0,1,0,80,HIGH
NSFAS005526,Nomsa Zulu,University of the Free State,Commerce,4,59.07,84.0,1,0,0,LOW
NSFAS005527,Nomsa Dlamini,University of KwaZulu-Natal,Arts,4,44.48,45.0,3,1,100,HIGH
NSFAS005528,Nokuthula Mthembu,North-West University,Law,3,30.0,26.0,4,4,100,HIGH
NSFAS005529,Sipho Mthembu,University of Johannesburg,Engineering,2,30.0,65.0,3,1,100,HIGH
NSFAS005530,Thabo Nkosi,University of Pretoria,Commerce,1,49.68,59.0,4,3,100,HIGH
NSFAS005531,Tshepo Mthethwa,North-West University,Education,3,40.0,44.0,1,2,80,HIGH
NSFAS005532,Mpho Mthembu,University of Stellenbosch,Education,2,40.0,50.0,3,0,100,HIGH
NSFAS005533,Lindiwe Mthethwa,North-West University,Education,2,54.92,83.0,1,0,0,LOW
NSFAS005534,Kagiso Nkosi,University of the Witwatersrand,Education,3,52.33,81.0,0,4,0,LOW
NSFAS005535,Thabo Molefe,University of the Witwatersrand,Education,4,94.26,95.0,0,2,0,LOW
NSFAS005536,Lerato Mahlangu,University of the Free State,Arts,4,40.0,52.0,2,5,80,HIGH
NSFAS005537,Kagiso Zulu,University of Johannesburg,Commerce,2,40.0,38.0,4,4,100,HIGH
NSFAS005538,Lerato Ngcobo,University of the Witwatersrand,Arts,4,73.68,95.0,1,2,0,LOW
NSFAS005539,Themba Mthembu,University of Stellenbosch,Arts,3,66.43,71.0,0,4,0,LOW
NSFAS005540,Andile Mokoena,University of Pretoria,Arts,1,62.76,61.0,0,3,40,MEDIUM
NSFAS005541,Nokuthula Mhlongo,University of Stellenbosch,Science,1,46.25,31.0,4,1,100,HIGH
NSFAS005542,Sibusiso Nkosi,North-West University,Arts,2,40.0,25.0,3,2,100,HIGH
NSFAS005543,Sibusiso Ngcobo,University of the Free State,Engineering,4,40.0,51.0,4,2,100,HIGH
NSFAS005544,Thabo Mkhize,University of the Free State,Arts,1,41.69,30.0,1,0,80,HIGH
NSFAS005545,Mpho Mahlangu,University of Johannesburg,Law,4,75.0,93.0,0,3,0,LOW
NSFAS005546,Mpho Khumalo,University of the Witwatersrand,Commerce,1,40.0,20.0,1,0,80,HIGH
NSFAS005547,Sibusiso Mahlangu,University of the Witwatersrand,Engineering,1,40.0,33.0,2,3,80,HIGH
NSFAS005548,Phumzile Khumalo,University of KwaZulu-Natal,Engineering,4,75.0,75.0,0,0,0,LOW
NSFAS005549,Lindiwe Mokoena,University of Stellenbosch,Education,4,40.15,29.0,4,0,100,HIGH
NSFAS005550,Themba Nkosi,University of Cape Town,Arts,4,40.0,20.0,3,5,100,HIGH
NSFAS005551,Andile Dlamini,North-West University,Law,3,30.0,58.0,2,3,80,HIGH
NSFAS005552,Andile Mkhize,University of the Free State,Commerce,2,49.0,57.0,4,1,100,HIGH
NSFAS005553,Tshepo Zulu,University of the Witwatersrand,Education,1,31.87,45.0,4,2,100,HIGH
NSFAS005554,Thabo Mokoena,North-West University,Law,4,75.0,92.0,0,2,0,LOW
NSFAS005555,Nomsa Mokoena,University of Johannesburg,Education,4,30.0,20.0,2,0,80,HIGH
NSFAS005556,Sipho Mhlongo,University of Pretoria,Education,1,61.43,66.0,1,2,40,MEDIUM
NSFAS005557,Sipho Khumalo,University of KwaZulu-Natal,Education,4,40.0,38.0,2,5,80,HIGH
NSFAS005558,Thabo Mkhize,University of Pretoria,Arts,4,30.0,62.0,1,0,80,HIGH
NSFAS005559,Sipho Zulu,University of Cape Town,Commerce,1,30.0,57.0,4,2,100,HIGH
NSFAS005560,Lindiwe Khumalo,University of KwaZulu-Natal,Engineering,4,57.5,70.0,0,0,0,LOW
NSFAS005561,Sipho Dlamini,University of Pretoria,Engineering,2,75.0,89.0,0,1,0,LOW
NSFAS005562,Phumzile Mahlangu,University of the Free State,Commerce,4,40.0,25.0,3,0,100,HIGH
NSFAS005563,Sipho Mokoena,University of Pretoria,Science,4,59.68,67.0,1,5,40,MEDIUM
NSFAS005564,Nomsa Mahlangu,University of the Witwatersrand,Commerce,3,55.46,62.0,0,5,40,MEDIUM
NSFAS005565,Busisiwe Mthembu,University of Pretoria,Commerce,1,62.43,67.0,0,4,40,MEDIUM
NSFAS005566,Nomsa Nkosi,University of Pretoria,Education,4,30.0,57.0,1,4,80,HIGH
NSFAS005567,Nokuthula Dlamini,University of Stellenbosch,Science,3,40.0,24.0,1,0,80,HIGH
NSFAS005568,Tshepo Mhlongo,University of the Witwatersrand,Education,2,40.0,62.0,2,2,80,HIGH
NSFAS005569,Nomsa Dlamini,North-West University,Law,3,30.0,36.0,4,5,100,HIGH
NSFAS005570,Tshepo Khumalo,University of Johannesburg,Arts,4,59.02,60.0,0,2,40,MEDIUM
NSFAS005571,Thabo Zulu,University of the Witwatersrand,Education,4,40.0,30.0,4,5,100,HIGH
NSFAS005572,Sipho Mkhize,University of the Free State,Arts,3,40.0,43.0,2,1,80,HIGH
NSFAS005573,Nomsa Dlamini,University of Johannesburg,Law,4,58.12,73.0,1,2,0,LOW
NSFAS005574,Sibusiso Molefe,University of KwaZulu-Natal,Education,3,75.0,95.0,0,5,0,LOW
NSFAS005575,Nomsa Mhlongo,University of KwaZulu-Natal,Commerce,1,49.0,59.0,4,5,100,HIGH
NSFAS005576,Zanele Molefe,North-West University,Commerce,3,75.0,92.0,1,4,0,LOW
NSFAS005577,Lindiwe Khumalo,University of Stellenbosch,Arts,2,75.0,95.0,1,5,0,LOW
NSFAS005578,Thabo Mahlangu,University of Stellenbosch,Law,2,91.86,88.0,0,3,0,LOW
NSFAS005579,Sipho Mabaso,University of Cape Town,Science,1,75.0,95.0,1,2,0,LOW
NSFAS005580,Tshepo Mthembu,University of Pretoria,Engineering,4,40.0,48.0,1,2,80,HIGH
NSFAS005581,Phumzile Zulu,University of Johannesburg,Engineering,4,30.0,25.0,4,1,100,HIGH
NSFAS005582,Thabo Mabaso,University of Johannesburg,Engineering,2,45.01,34.0,2,0,80,HIGH
NSFAS005583,Phumzile Molefe,University of Johannesburg,Commerce,3,75.0,95.0,0,0,0,LOW
NSFAS005584,Lerato Dlamini,University of Cape Town,Arts,3,75.0,77.0,1,5,0,LOW
NSFAS005585,Mpho Zulu,University of Cape Town,Commerce,1,40.0,54.0,1,3,80,HIGH
NSFAS005586,Tshepo Zulu,University of KwaZulu-Natal,Science,4,59.1,75.0,1,0,0,LOW
NSFAS005587,Nokuthula Molefe,University of Stellenbosch,Science,1,49.0,44.0,3,5,100,HIGH
NSFAS005588,Sibusiso Mkhize,North-West University,Commerce,3,56.22,82.0,0,2,0,LOW
NSFAS005589,Nokuthula Dlamini,University of KwaZulu-Natal,Arts,1,40.0,31.0,1,3,80,HIGH
NSFAS005590,Themba Dlamini,University of the Free State,Engineering,4,40.0,65.0,2,5,80,HIGH
NSFAS005591,Kagiso Mahlangu,University of the Free State,Education,1,40.0,27.0,1,5,80,HIGH
NSFAS005592,Sibusiso Dlamini,University of KwaZulu-Natal,Commerce,3,87.46,77.0,0,4,0,LOW
NSFAS005593,Andile Dlamini,University of Johannesburg,Education,3,41.26,26.0,2,5,80,HIGH
NSFAS005594,Busisiwe Ngcobo,University of the Free State,Science,4,40.0,39.0,2,4,80,HIGH
NSFAS005595,Zanele Mhlongo,University of Pretoria,Education,3,75.0,77.0,1,4,0,LOW
NSFAS005596,Lindiwe Molefe,University of Johannesburg,Commerce,3,50.36,69.0,0,1,40,MEDIUM
NSFAS005597,Andile Khumalo,North-West University,Law,4,46.73,65.0,1,5,80,HIGH
NSFAS005598,Mpho Mthembu,University of KwaZulu-Natal,Commerce,4,75.0,81.0,0,0,0,LOW
NSFAS005599,Andile Khumalo,University of KwaZulu-Natal,Arts,1,57.37,69.0,1,4,40,MEDIUM
NSFAS005600,Nokuthula Mahlangu,University of KwaZulu-Natal,Education,3,49.0,32.0,1,3,80,HIGH
NSFAS005601,Nokuthula Mahlangu,University of Johannesburg,Science,4,40.0,42.0,3,3,100,HIGH
NSFAS005602,Zanele Zulu,University of Stellenbosch,Arts,2,67.61,82.0,1,3,0,LOW
NSFAS005603,Themba Khumalo,University of Stellenbosch,Arts,4,73.34,82.0,1,5,0,LOW
NSFAS005604,Thabo Mhlongo,University of Stellenbosch,Arts,4,40.0,49.0,3,0,100,HIGH
NSFAS005605,Phumzile Molefe,University of KwaZulu-Natal,Science,4,56.13,67.0,1,3,40,MEDIUM
NSFAS005606,Lerato Khumalo,University of Pretoria,Commerce,2,40.0,23.0,1,4,80,HIGH
NSFAS005607,Zanele Mthembu,University of Cape Town,Arts,3,75.0,90.0,0,3,0,LOW
NSFAS005608,Nokuthula Khumalo,University of Pretoria,Science,2,30.0,52.0,3,1,100,HIGH
NSFAS005609,Mpho Ngcobo,University of Johannesburg,Engineering,3,65.09,65.0,0,0,40,MEDIUM
NSFAS005610,Lerato Mthembu,University of Stellenbosch,Science,2,75.0,84.0,0,5,0,LOW
NSFAS005611,Nokuthula Molefe,North-West University,Engineering,1,60.06,76.0,0,4,0,LOW
NSFAS005612,Sibusiso Mabaso,University of Stellenbosch,Commerce,2,44.94,38.0,4,4,100,HIGH
NSFAS005613,Busisiwe Mahlangu,University of Stellenbosch,Arts,3,67.93,79.0,1,4,0,LOW
NSFAS005614,Sibusiso Mthembu,University of KwaZulu-Natal,Commerce,3,67.24,84.0,1,2,0,LOW
NSFAS005615,Nomsa Molefe,University of Cape Town,Engineering,3,56.3,59.0,1,2,40,MEDIUM
NSFAS005616,Thabo Mkhize,University of the Free State,Law,2,66.37,72.0,1,4,0,LOW
NSFAS005617,Kagiso Ngcobo,University of the Witwatersrand,Law,1,61.24,0.0,1,2,40,MEDIUM
NSFAS005618,Zanele Khumalo,University of Johannesburg,Arts,4,40.0,58.0,1,3,80,HIGH
NSFAS005619,Mpho Dlamini,University of Pretoria,Law,1,40.0,26.0,1,0,80,HIGH
NSFAS005620,Sibusiso Ngcobo,University of Stellenbosch,Engineering,3,40.0,61.0,4,4,100,HIGH
NSFAS005621,Lerato Mabaso,North-West University,Education,2,75.0,76.0,0,0,0,LOW
NSFAS005622,Sibusiso Mthethwa,University of Stellenbosch,Arts,1,49.0,55.0,4,1,100,HIGH
NSFAS005623,Kagiso Mahlangu,University of Stellenbosch,Education,1,40.0,50.0,1,3,80,HIGH
NSFAS005624,Tshepo Zulu,University of KwaZulu-Natal,Law,4,47.98,37.0,4,3,100,HIGH
NSFAS005625,Zanele Mthethwa,University of KwaZulu-Natal,Engineering,1,75.0,94.0,1,1,0,LOW
NSFAS005626,Kagiso Khumalo,University of Stellenbosch,Arts,2,40.0,32.0,2,1,80,HIGH
NSFAS005627,Nokuthula Molefe,North-West University,Engineering,3,40.0,34.0,2,2,80,HIGH
NSFAS005628,Zanele Molefe,University of Stellenbosch,Engineering,3,49.89,61.0,0,0,80,HIGH
NSFAS005629,Nokuthula Khumalo,University of Johannesburg,Commerce,1,49.71,58.0,2,1,80,HIGH
NSFAS005630,Phumzile Mhlongo,University of KwaZulu-Natal,Engineering,2,75.0,80.0,1,5,0,LOW
NSFAS005631,Nokuthula Mhlongo,University of Stellenbosch,Arts,2,64.43,83.0,0,1,0,LOW
NSFAS005632,Phumzile Mthethwa,University of KwaZulu-Natal,Arts,1,45.58,23.0,4,3,100,HIGH
NSFAS005633,Thabo Dlamini,University of KwaZulu-Natal,Arts,1,40.0,52.0,4,0,100,HIGH
NSFAS005634,Lindiwe Khumalo,North-West University,Arts,2,59.86,79.0,1,4,0,LOW
NSFAS005635,Tshepo Nkosi,University of the Free State,Arts,1,49.0,32.0,1,3,80,HIGH
NSFAS005636,Sipho Mkhize,University of KwaZulu-Natal,Education,1,40.0,36.0,3,2,100,HIGH
NSFAS005637,Sibusiso Mokoena,University of Cape Town,Arts,1,40.0,58.0,2,0,80,HIGH
NSFAS005638,Themba Ngcobo,University of the Free State,Science,3,55.75,80.0,0,2,0,LOW
NSFAS005639,Nomsa Zulu,University of Johannesburg,Arts,1,30.0,46.0,3,0,100,HIGH
NSFAS005640,Nokuthula Mokoena,North-West University,Commerce,3,49.0,46.0,2,0,80,HIGH
NSFAS005641,Busisiwe Mokoena,University of Johannesburg,Commerce,1,40.0,62.0,3,4,100,HIGH
NSFAS005642,Phumzile Zulu,North-West University,Engineering,4,49.57,55.0,3,0,100,HIGH
NSFAS005643,Sibusiso Mkhize,University of Cape Town,Arts,2,67.11,58.0,1,1,40,MEDIUM
NSFAS005644,Busisiwe Mhlongo,University of Cape Town,Engineering,1,45.48,39.0,4,2,100,HIGH
NSFAS005645,Andile Mahlangu,University of Cape Town,Commerce,1,63.53,60.0,1,2,40,MEDIUM
NSFAS005646,Kagiso Mthembu,University of Cape Town,Engineering,1,68.8,71.0,1,3,0,LOW
NSFAS005647,Andile Mkhize,University of the Free State,Commerce,2,75.0,94.0,1,3,0,LOW
NSFAS005648,Andile Nkosi,University of Johannesburg,Law,4,35.47,42.0,2,5,80,HIGH
NSFAS005649,Zanele Zulu,University of the Witwatersrand,Engineering,4,40.0,42.0,4,4,100,HIGH
NSFAS005650,Kagiso Ngcobo,University of Cape Town,Science,1,42.78,34.0,4,5,100,HIGH
NSFAS005651,Thabo Mthethwa,University of Pretoria,Science,4,30.0,23.0,4,0,100,HIGH
NSFAS005652,Lerato Ngcobo,University of Johannesburg,Law,1,75.0,78.0,1,4,0,LOW
NSFAS005653,Nomsa Mthethwa,University of Cape Town,Law,1,40.0,32.0,4,3,100,HIGH
NSFAS005654,Lerato Zulu,University of the Witwatersrand,Education,3,63.11,64.0,0,0,40,MEDIUM
NSFAS005655,Andile Mahlangu,North-West University,Science,2,75.0,95.0,0,2,0,LOW
NSFAS005656,Lerato Mthembu,University of KwaZulu-Natal,Law,4,41.89,56.0,1,0,80,HIGH
NSFAS005657,Busisiwe Nkosi,University of Pretoria,Engineering,1,45.93,22.0,4,5,100,HIGH
NSFAS005658,Sibusiso Mokoena,North-West University,Education,4,40.0,48.0,1,4,80,HIGH
NSFAS005659,Tshepo Mthethwa,University of Stellenbosch,Commerce,2,49.5,35.0,4,4,100,HIGH
NSFAS005660,Mpho Zulu,University of Stellenbosch,Arts,1,50.64,80.0,1,4,0,LOW
NSFAS005661,Andile Mthembu,University of Pretoria,Commerce,1,40.0,33.0,4,3,100,HIGH
NSFAS005662,Lindiwe Mhlongo,University of KwaZulu-Natal,Engineering,1,91.35,88.0,1,4,0,LOW
NSFAS005663,Tshepo Nkosi,North-West University,Engineering,2,92.64,94.0,0,2,0,LOW
NSFAS005664,Busisiwe Mokoena,University of Johannesburg,Education,1,40.0,42.0,2,0,80,HIGH
NSFAS005665,Thabo Mabaso,University of Johannesburg,Commerce,3,49.34,53.0,4,0,100,HIGH
NSFAS005666,Themba Mhlongo,University of the Free State,Education,3,75.0,92.0,1,4,0,LOW
NSFAS005667,Kagiso Mahlangu,University of KwaZulu-Natal,Education,3,40.0,50.0,3,3,100,HIGH
NSFAS005668,Kagiso Dlamini,University of the Free State,Engineering,3,75.0,92.0,0,1,0,LOW
NSFAS005669,Thabo Khumalo,University of the Free State,Engineering,3,40.0,23.0,4,4,100,HIGH
NSFAS005670,Phumzile Zulu,University of Cape Town,Engineering,3,40.0,48.0,2,4,80,HIGH
NSFAS005671,Thabo Dlamini,University of Stellenbosch,Law,4,49.16,63.0,0,3,80,HIGH
NSFAS005672,Sibusiso Mthembu,University of the Witwatersrand,Science,2,75.0,78.0,1,1,0,LOW
NSFAS005673,Nokuthula Ngcobo,North-West University,Law,2,40.0,56.0,3,0,100,HIGH
NSFAS005674,Lerato Dlamini,University of KwaZulu-Natal,Engineering,3,40.0,44.0,3,4,100,HIGH
NSFAS005675,Thabo Zulu,University of the Witwatersrand,Engineering,1,55.98,55.0,3,3,60,HIGH
NSFAS005676,Themba Mthembu,University of KwaZulu-Natal,Arts,2,40.0,47.0,3,4,100,HIGH
NSFAS005677,Zanele Molefe,University of the Free State,Law,3,71.99,80.0,0,4,0,LOW
NSFAS005678,Kagiso Dlamini,University of Stellenbosch,Engineering,1,59.23,67.0,1,5,40,MEDIUM
NSFAS005679,Lerato Mthembu,North-West University,Education,4,40.0,49.0,1,1,80,HIGH
NSFAS005680,Sipho Khumalo,University of the Free State,Education,4,41.89,58.0,1,5,80,HIGH
NSFAS005681,Tshepo Dlamini,University of Stellenbosch,Commerce,2,75.0,88.0,1,2,0,LOW
NSFAS005682,Sipho Mokoena,University of KwaZulu-Natal,Engineering,2,75.0,88.0,1,5,0,LOW
NSFAS005683,Nokuthula Mahlangu,University of Pretoria,Arts,2,40.0,64.0,4,3,100,HIGH
NSFAS005684,Nomsa Zulu,University of the Witwatersrand,Engineering,1,75.0,94.0,1,4,0,LOW
NSFAS005685,Sibusiso Mthethwa,University of Stellenbosch,Education,3,53.67,82.0,0,1,0,LOW
NSFAS005686,Andile Mthembu,University of Stellenbosch,Engineering,3,43.92,54.0,3,2,100,HIGH
NSFAS005687,Andile Mahlangu,North-West University,Arts,4,40.0,31.0,2,0,80,HIGH
NSFAS005688,Zanele Mokoena,University of Cape Town,Science,4,40.0,63.0,4,0,100,HIGH
NSFAS005689,Zanele Khumalo,University of Stellenbosch,Education,2,40.0,44.0,2,4,80,HIGH
NSFAS005690,Tshepo Ngcobo,University of Stellenbosch,Law,2,37.89,46.0,4,3,100,HIGH
NSFAS005691,Busisiwe Mthethwa,University of KwaZulu-Natal,Science,4,68.91,74.0,1,5,0,LOW
NSFAS005692,Nomsa Dlamini,North-West University,Law,3,56.18,70.0,0,2,0,LOW
NSFAS005693,Nomsa Mokoena,University of the Witwatersrand,Engineering,1,40.0,40.0,2,4,80,HIGH
NSFAS005694,Tshepo Mthethwa,University of Stellenbosch,Science,2,49.0,31.0,1,1,80,HIGH
NSFAS005695,Mpho Mthethwa,University of Stellenbosch,Education,3,69.3,78.0,0,1,0,LOW
NSFAS005696,Tshepo Molefe,University of the Free State,Commerce,3,41.42,59.0,4,5,100,HIGH
NSFAS005697,Zanele Mkhize,University of the Witwatersrand,Law,1,40.0,23.0,2,2,80,HIGH
NSFAS005698,Thabo Mhlongo,North-West University,Engineering,4,49.0,61.0,1,4,80,HIGH
NSFAS005699,Mpho Mahlangu,University of KwaZulu-Natal,Science,2,44.93,51.0,2,1,80,HIGH
NSFAS005700,Thabo Nkosi,University of Johannesburg,Science,4,61.16,78.0,1,3,0,LOW
NSFAS005701,Zanele Khumalo,North-West University,Education,4,59.64,83.0,0,3,0,LOW
NSFAS005702,Kagiso Zulu,University of the Free State,Arts,2,44.05,65.0,1,0,80,HIGH
NSFAS005703,Thabo Mahlangu,University of the Witwatersrand,Education,3,40.0,23.0,4,5,100,HIGH
NSFAS005704,Busisiwe Mokoena,University of the Witwatersrand,Education,1,40.0,62.0,3,4,100,HIGH
NSFAS005705,Lindiwe Khumalo,University of Stellenbosch,Commerce,3,40.0,38.0,3,2,100,HIGH
NSFAS005706,Tshepo Mhlongo,University of Pretoria,Engineering,4,75.0,80.0,1,1,0,LOW
NSFAS005707,Nomsa Khumalo,University of the Free State,Science,1,95.0,86.0,0,2,0,LOW
NSFAS005708,Lerato Mabaso,North-West University,Engineering,4,61.0,60.0,0,0,40,MEDIUM
NSFAS005709,Phumzile Khumalo,University of KwaZulu-Natal,Law,1,95.0,77.0,0,1,0,LOW
NSFAS005710,Phumzile Mkhize,University of Pretoria,Education,3,40.54,40.0,2,5,80,HIGH
NSFAS005711,Zanele Ngcobo,North-West University,Law,4,40.0,51.0,1,1,80,HIGH
NSFAS005712,Nomsa Khumalo,University of Stellenbosch,Education,1,75.0,89.0,0,3,0,LOW
NSFAS005713,Themba Ngcobo,University of Cape Town,Engineering,2,42.0,33.0,4,5,100,HIGH
NSFAS005714,Themba Nkosi,University of Pretoria,Science,2,75.0,79.0,0,5,0,LOW
NSFAS005715,Nomsa Zulu,University of the Witwatersrand,Law,1,47.7,53.0,2,3,80,HIGH
NSFAS005716,Mpho Dlamini,University of KwaZulu-Natal,Law,4,75.0,95.0,1,2,0,LOW
NSFAS005717,Mpho Khumalo,University of the Witwatersrand,Arts,1,49.0,53.0,1,4,80,HIGH
NSFAS005718,Tshepo Khumalo,University of KwaZulu-Natal,Commerce,2,40.0,54.0,1,4,80,HIGH
NSFAS005719,Sipho Mahlangu,University of KwaZulu-Natal,Commerce,2,49.0,52.0,1,0,80,HIGH
NSFAS005720,Phumzile Molefe,University of Cape Town,Science,3,48.0,29.0,1,4,80,HIGH
NSFAS005721,Phumzile Zulu,North-West University,Engineering,3,40.0,28.0,2,5,80,HIGH
NSFAS005722,Andile Mokoena,University of Stellenbosch,Law,1,40.0,45.0,1,2,80,HIGH
NSFAS005723,Mpho Mhlongo,North-West University,Arts,3,49.0,0.0,1,1,80,HIGH
NSFAS005724,Nomsa Nkosi,University of Johannesburg,Law,2,49.0,49.0,3,4,100,HIGH
NSFAS005725,Busisiwe Mthembu,North-West University,Commerce,4,69.44,71.0,0,5,0,LOW
NSFAS005726,Andile Mthembu,University of Stellenbosch,Education,4,46.77,62.0,1,3,80,HIGH
NSFAS005727,Mpho Mthethwa,University of Pretoria,Commerce,2,40.0,59.0,3,1,100,HIGH
NSFAS005728,Mpho Mabaso,University of the Witwatersrand,Arts,3,40.0,55.0,4,5,100,HIGH
NSFAS005729,Lindiwe Zulu,University of Pretoria,Commerce,3,72.39,95.0,0,4,0,LOW
NSFAS005730,Zanele Molefe,University of the Witwatersrand,Arts,2,75.0,90.0,0,5,0,LOW
NSFAS005731,Themba Zulu,University of the Witwatersrand,Education,4,67.61,66.0,1,3,40,MEDIUM
NSFAS005732,Lerato Khumalo,University of Pretoria,Law,4,61.96,62.0,0,4,40,MEDIUM
NSFAS005733,Tshepo Mabaso,University of Pretoria,Science,1,40.0,42.0,4,0,100,HIGH
NSFAS005734,Thabo Mthembu,University of Pretoria,Arts,1,67.17,55.0,4,1,60,HIGH
NSFAS005735,Lindiwe Mabaso,University of Cape Town,Commerce,4,75.0,77.0,0,1,0,LOW
NSFAS005736,Sipho Zulu,University of Johannesburg,Science,2,30.0,37.0,3,4,100,HIGH
NSFAS005737,Zanele Mkhize,University of the Free State,Science,3,41.25,59.0,4,2,100,HIGH
NSFAS005738,Sibusiso Mthethwa,University of Stellenbosch,Science,2,50.78,56.0,4,1,60,HIGH
NSFAS005739,Busisiwe Mahlangu,North-West University,Law,3,51.76,55.0,1,0,40,MEDIUM
NSFAS005740,Zanele Mahlangu,University of Johannesburg,Science,1,40.0,62.0,4,1,100,HIGH
NSFAS005741,Lerato Mthembu,University of Pretoria,Engineering,1,61.23,57.0,3,3,60,HIGH
NSFAS005742,Nokuthula Khumalo,University of Pretoria,Science,4,40.0,24.0,1,3,80,HIGH
NSFAS005743,Nokuthula Khumalo,University of Pretoria,Engineering,3,43.97,24.0,2,4,80,HIGH
NSFAS005744,Phumzile Ngcobo,University of Cape Town,Education,2,40.0,37.0,1,2,80,HIGH
NSFAS005745,Nokuthula Mthethwa,University of Stellenbosch,Engineering,4,57.35,65.0,1,2,40,MEDIUM
NSFAS005746,Busisiwe Mthembu,University of Johannesburg,Law,4,40.0,60.0,1,5,80,HIGH
NSFAS005747,Andile Mahlangu,University of Pretoria,Law,4,52.07,78.0,0,3,0,LOW
NSFAS005748,Nokuthula Molefe,University of Pretoria,Science,2,66.06,73.0,0,4,0,LOW
NSFAS005749,Thabo Dlamini,University of Johannesburg,Arts,3,40.0,41.0,2,4,80,HIGH
NSFAS005750,Sibusiso Mhlongo,University of the Free State,Engineering,4,72.36,88.0,1,5,0,LOW
NSFAS005751,Lerato Mabaso,University of the Free State,Arts,4,40.0,44.0,4,3,100,HIGH
NSFAS005752,Lerato Zulu,University of Johannesburg,Engineering,3,81.47,87.0,1,0,0,LOW
NSFAS005753,Nokuthula Mahlangu,University of the Witwatersrand,Commerce,1,30.0,57.0,4,5,100,HIGH
NSFAS005754,Tshepo Mahlangu,University of Stellenbosch,Science,1,61.92,85.0,1,5,0,LOW
NSFAS005755,Tshepo Zulu,University of the Witwatersrand,Engineering,3,40.0,20.0,3,5,100,HIGH
NSFAS005756,Mpho Dlamini,University of KwaZulu-Natal,Education,3,40.0,53.0,2,4,80,HIGH
NSFAS005757,Thabo Mahlangu,University of Johannesburg,Science,3,45.24,20.0,1,4,80,HIGH
NSFAS005758,Phumzile Khumalo,University of the Witwatersrand,Science,3,40.0,34.0,4,2,100,HIGH
NSFAS005759,Thabo Khumalo,University of the Witwatersrand,Arts,4,40.0,40.0,4,1,100,HIGH
NSFAS005760,Kagiso Zulu,University of Stellenbosch,Science,1,62.47,84.0,0,5,0,LOW
NSFAS005761,Sibusiso Mhlongo,University of the Free State,Education,4,59.02,58.0,3,4,60,HIGH
NSFAS005762,Andile Khumalo,University of the Witwatersrand,Engineering,3,40.0,46.0,3,3,100,HIGH
NSFAS005763,Lerato Ngcobo,University of Pretoria,Arts,2,40.0,37.0,1,3,80,HIGH
NSFAS005764,Tshepo Mthethwa,University of Johannesburg,Engineering,2,42.52,50.0,4,4,100,HIGH
NSFAS005765,Nomsa Mhlongo,University of Pretoria,Education,4,75.0,88.0,1,0,0,LOW
NSFAS005766,Tshepo Ngcobo,North-West University,Law,1,49.0,64.0,1,1,80,HIGH
NSFAS005767,Lindiwe Nkosi,University of Johannesburg,Law,2,60.22,82.0,0,1,0,LOW
NSFAS005768,Tshepo Mkhize,University of Pretoria,Arts,3,67.99,72.0,0,1,0,LOW
NSFAS005769,Themba Nkosi,University of the Witwatersrand,Education,3,75.0,88.0,0,5,0,LOW
NSFAS005770,Sibusiso Mthethwa,North-West University,Law,1,75.0,77.0,1,5,0,LOW
NSFAS005771,Andile Dlamini,University of Stellenbosch,Arts,2,30.0,32.0,3,1,100,HIGH
NSFAS005772,Mpho Dlamini,University of Cape Town,Commerce,1,40.0,57.0,1,0,80,HIGH
NSFAS005773,Thabo Nkosi,University of the Free State,Education,1,75.0,94.0,1,1,0,LOW
NSFAS005774,Thabo Mokoena,University of Stellenbosch,Arts,4,40.0,28.0,1,0,80,HIGH
NSFAS005775,Lindiwe Mthembu,University of Stellenbosch,Science,2,40.0,62.0,4,4,100,HIGH
NSFAS005776,Zanele Mthethwa,University of Stellenbosch,Education,4,49.9,20.0,4,2,100,HIGH
NSFAS005777,Kagiso Mhlongo,University of Stellenbosch,Engineering,3,75.0,90.0,1,3,0,LOW
NSFAS005778,Nomsa Mabaso,University of KwaZulu-Natal,Commerce,3,75.0,95.0,1,2,0,LOW
NSFAS005779,Zanele Mhlongo,University of Pretoria,Arts,1,40.0,20.0,2,1,80,HIGH
NSFAS005780,Kagiso Mabaso,University of the Free State,Law,1,50.43,64.0,1,5,40,MEDIUM
NSFAS005781,Kagiso Mthethwa,University of the Witwatersrand,Education,1,40.0,44.0,1,3,80,HIGH
NSFAS005782,Mpho Mabaso,University of the Witwatersrand,Education,4,75.0,95.0,1,4,0,LOW
NSFAS005783,Themba Mthembu,North-West University,Law,2,75.0,95.0,0,0,0,LOW
NSFAS005784,Lerato Mabaso,North-West University,Science,1,49.0,42.0,2,1,80,HIGH
NSFAS005785,Sipho Zulu,North-West University,Education,4,42.37,22.0,4,2,100,HIGH
NSFAS005786,Themba Zulu,University of Pretoria,Education,1,67.89,80.0,0,4,0,LOW
NSFAS005787,Lindiwe Mabaso,University of Pretoria,Engineering,1,55.74,81.0,0,5,0,LOW
NSFAS005788,Busisiwe Mabaso,University of the Free State,Education,4,40.0,65.0,2,2,80,HIGH
NSFAS005789,Busisiwe Mthethwa,University of KwaZulu-Natal,Arts,4,75.0,95.0,0,0,0,LOW
NSFAS005790,Themba Nkosi,University of Cape Town,Science,1,75.0,95.0,0,1,0,LOW
NSFAS005791,Kagiso Zulu,University of the Witwatersrand,Education,1,40.0,36.0,2,3,80,HIGH
NSFAS005792,Busisiwe Mhlongo,University of the Witwatersrand,Commerce,2,47.53,47.0,2,4,80,HIGH
NSFAS005793,Tshepo Nkosi,North-West University,Law,1,40.0,0.0,3,2,100,HIGH
NSFAS005794,Mpho Zulu,University of Stellenbosch,Arts,3,40.0,64.0,4,5,100,HIGH
NSFAS005795,Lerato Zulu,University of KwaZulu-Natal,Commerce,2,47.8,38.0,3,5,100,HIGH
NSFAS005796,Busisiwe Nkosi,University of Pretoria,Law,4,40.0,41.0,4,5,100,HIGH
NSFAS005797,Busisiwe Dlamini,North-West University,Engineering,3,43.45,48.0,1,4,80,HIGH
NSFAS005798,Kagiso Mthembu,University of Stellenbosch,Engineering,2,30.0,42.0,2,1,80,HIGH
NSFAS005799,Mpho Mthembu,North-West University,Engineering,4,75.0,76.0,0,0,0,LOW
NSFAS005800,Lerato Molefe,University of the Witwatersrand,Law,3,46.61,51.0,2,3,80,HIGH
NSFAS005801,Nomsa Nkosi,University of the Free State,Science,4,74.27,84.0,0,4,0,LOW
NSFAS005802,Phumzile Dlamini,University of Stellenbosch,Science,4,40.0,22.0,2,2,80,HIGH
NSFAS005803,Zanele Mhlongo,University of Pretoria,Engineering,4,64.53,66.0,1,4,40,MEDIUM
NSFAS005804,Sipho Mahlangu,University of Stellenbosch,Arts,4,40.0,29.0,3,2,100,HIGH
NSFAS005805,Sibusiso Khumalo,University of the Free State,Engineering,4,75.0,75.0,0,4,0,LOW
NSFAS005806,Thabo Mokoena,University of Pretoria,Education,4,75.0,88.0,1,0,0,LOW
NSFAS005807,Tshepo Mahlangu,University of Cape Town,Law,2,75.0,88.0,1,5,0,LOW
NSFAS005808,Nomsa Mhlongo,University of Pretoria,Commerce,4,40.0,30.0,2,2,80,HIGH
NSFAS005809,Lerato Mkhize,University of Pretoria,Science,4,44.82,36.0,4,3,100,HIGH
NSFAS005810,Sibusiso Nkosi,University of KwaZulu-Natal,Arts,4,75.0,0.0,0,5,40,MEDIUM
NSFAS005811,Zanele Khumalo,University of Pretoria,Arts,3,40.0,0.0,3,0,100,HIGH
NSFAS005812,Busisiwe Mthembu,University of KwaZulu-Natal,Commerce,3,40.87,35.0,1,2,80,HIGH
NSFAS005813,Lindiwe Mthethwa,University of KwaZulu-Natal,Education,1,75.0,83.0,1,1,0,LOW
NSFAS005814,Zanele Mthethwa,University of KwaZulu-Natal,Commerce,3,40.0,25.0,2,3,80,HIGH
NSFAS005815,Nokuthula Mhlongo,University of Stellenbosch,Education,3,40.0,26.0,3,1,100,HIGH
NSFAS005816,Tshepo Mhlongo,University of Cape Town,Engineering,2,54.7,81.0,1,2,0,LOW
NSFAS005817,Nokuthula Zulu,University of Johannesburg,Education,3,40.0,41.0,1,3,80,HIGH
NSFAS005818,Kagiso Dlamini,University of KwaZulu-Natal,Engineering,1,75.0,80.0,1,0,0,LOW
NSFAS005819,Andile Dlamini,University of Stellenbosch,Science,2,43.64,28.0,1,3,80,HIGH
NSFAS005820,Thabo Zulu,University of Pretoria,Engineering,2,61.66,64.0,1,3,40,MEDIUM
NSFAS005821,Nokuthula Mahlangu,University of Cape Town,Arts,3,40.0,21.0,3,0,100,HIGH
NSFAS005822,Lerato Mthembu,University of KwaZulu-Natal,Commerce,3,40.0,62.0,2,4,80,HIGH
NSFAS005823,Nomsa Khumalo,University of the Witwatersrand,Law,4,49.0,29.0,3,0,100,HIGH
NSFAS005824,Nokuthula Molefe,University of KwaZulu-Natal,Arts,4,75.0,76.0,1,3,0,LOW
NSFAS005825,Sipho Molefe,North-West University,Commerce,1,56.16,76.0,0,3,0,LOW
NSFAS005826,Zanele Mabaso,University of Stellenbosch,Education,3,30.0,57.0,1,2,80,HIGH
NSFAS005827,Andile Khumalo,North-West University,Engineering,2,49.3,32.0,4,3,100,HIGH
NSFAS005828,Busisiwe Mthethwa,University of Pretoria,Commerce,1,46.26,20.0,2,3,80,HIGH
NSFAS005829,Nokuthula Mthembu,University of Stellenbosch,Law,4,40.0,59.0,2,0,80,HIGH
NSFAS005830,Sibusiso Mthembu,University of the Free State,Science,4,75.0,77.0,1,3,0,LOW
NSFAS005831,Themba Molefe,University of Pretoria,Arts,1,92.08,93.0,1,0,0,LOW
NSFAS005832,Zanele Ngcobo,University of Pretoria,Science,1,46.19,23.0,3,4,100,HIGH
NSFAS005833,Lerato Mabaso,University of Pretoria,Commerce,1,40.0,48.0,4,2,100,HIGH
NSFAS005834,Mpho Ngcobo,University of Pretoria,Commerce,3,75.0,95.0,1,0,0,LOW
NSFAS005835,Nomsa Mthembu,University of the Free State,Science,1,40.0,50.0,3,3,100,HIGH
NSFAS005836,Mpho Nkosi,University of the Free State,Science,2,63.79,80.0,0,1,0,LOW
NSFAS005837,Thabo Mhlongo,University of Johannesburg,Commerce,4,44.85,58.0,1,2,80,HIGH
NSFAS005838,Zanele Mkhize,University of Pretoria,Arts,2,63.74,80.0,1,5,0,LOW
NSFAS005839,Andile Nkosi,University of Cape Town,Law,3,75.0,95.0,1,5,0,LOW
NSFAS005840,Thabo Mthembu,University of KwaZulu-Natal,Arts,1,37.03,63.0,1,1,80,HIGH
NSFAS005841,Sibusiso Ngcobo,University of Pretoria,Arts,3,30.0,20.0,1,5,80,HIGH
NSFAS005842,Nokuthula Ngcobo,University of the Witwatersrand,Commerce,1,40.0,29.0,4,3,100,HIGH
NSFAS005843,Phumzile Mahlangu,University of KwaZulu-Natal,Commerce,3,30.0,22.0,2,3,80,HIGH
NSFAS005844,Andile Dlamini,University of KwaZulu-Natal,Law,1,45.74,23.0,1,3,80,HIGH
NSFAS005845,Sibusiso Khumalo,University of Cape Town,Commerce,4,70.36,90.0,0,0,0,LOW
NSFAS005846,Andile Mokoena,University of Pretoria,Law,3,73.58,79.0,0,3,0,LOW
NSFAS005847,Andile Mabaso,University of Johannesburg,Law,3,75.0,86.0,1,0,0,LOW
NSFAS005848,Themba Ngcobo,University of the Witwatersrand,Law,3,75.0,95.0,0,1,0,LOW
NSFAS005849,Kagiso Ngcobo,University of KwaZulu-Natal,Law,3,40.0,55.0,1,0,80,HIGH
NSFAS005850,Sibusiso Mthethwa,University of Stellenbosch,Law,4,30.0,44.0,4,5,100,HIGH
NSFAS005851,Kagiso Mhlongo,North-West University,Commerce,1,50.2,76.0,0,1,0,LOW
NSFAS005852,Themba Mkhize,University of Johannesburg,Arts,1,67.08,56.0,2,4,40,MEDIUM
NSFAS005853,Andile Khumalo,University of Stellenbosch,Science,4,30.0,57.0,4,0,100,HIGH
NSFAS005854,Sibusiso Mokoena,North-West University,Engineering,1,42.32,62.0,2,5,80,HIGH
NSFAS005855,Mpho Mokoena,University of the Witwatersrand,Science,2,70.81,90.0,0,4,0,LOW
NSFAS005856,Themba Mhlongo,University of Johannesburg,Arts,1,49.0,56.0,2,2,80,HIGH
NSFAS005857,Andile Mhlongo,University of Pretoria,Arts,4,30.0,45.0,3,2,100,HIGH
NSFAS005858,Nomsa Mabaso,University of KwaZulu-Natal,Engineering,3,48.42,26.0,3,0,100,HIGH
NSFAS005859,Nomsa Nkosi,University of Pretoria,Commerce,2,49.0,26.0,4,3,100,HIGH
NSFAS005860,Themba Dlamini,University of Johannesburg,Engineering,1,40.0,47.0,2,4,80,HIGH
NSFAS005861,Thabo Dlamini,University of Pretoria,Law,2,47.02,31.0,4,3,100,HIGH
NSFAS005862,Andile Khumalo,University of KwaZulu-Natal,Engineering,1,40.0,35.0,1,1,80,HIGH
NSFAS005863,Lindiwe Mkhize,University of the Witwatersrand,Law,2,55.95,83.0,1,5,0,LOW
NSFAS005864,Sipho Mthembu,University of Stellenbosch,Science,3,50.53,74.0,0,1,0,LOW
NSFAS005865,Busisiwe Molefe,North-West University,Law,4,68.43,83.0,0,4,0,LOW
NSFAS005866,Andile Mahlangu,North-West University,Engineering,4,40.0,36.0,1,4,80,HIGH
NSFAS005867,Busisiwe Nkosi,University of Cape Town,Commerce,2,70.18,95.0,1,3,0,LOW
NSFAS005868,Busisiwe Ngcobo,University of Pretoria,Engineering,4,40.0,39.0,4,1,100,HIGH
NSFAS005869,Sibusiso Nkosi,University of the Free State,Science,1,40.0,42.0,2,5,80,HIGH
NSFAS005870,Andile Nkosi,University of the Free State,Education,3,63.22,57.0,3,5,60,HIGH
NSFAS005871,Themba Mhlongo,University of the Free State,Science,1,40.0,42.0,4,3,100,HIGH
NSFAS005872,Sipho Nkosi,University of Johannesburg,Law,3,40.0,25.0,2,0,80,HIGH
NSFAS005873,Andile Mkhize,University of Johannesburg,Commerce,4,52.02,75.0,1,0,0,LOW
NSFAS005874,Phumzile Mkhize,University of KwaZulu-Natal,Education,2,62.11,61.0,1,4,40,MEDIUM
NSFAS005875,Sipho Mhlongo,University of Johannesburg,Engineering,4,67.53,78.0,0,0,0,LOW
NSFAS005876,Sibusiso Dlamini,University of Stellenbosch,Education,2,70.49,95.0,0,5,0,LOW
NSFAS005877,Lindiwe Mkhize,University of Stellenbosch,Arts,3,40.0,53.0,2,4,80,HIGH
NSFAS005878,Sibusiso Mahlangu,University of Johannesburg,Science,1,40.0,50.0,1,4,80,HIGH
NSFAS005879,Thabo Mhlongo,University of the Witwatersrand,Education,3,75.0,95.0,1,0,0,LOW
NSFAS005880,Zanele Mhlongo,North-West University,Engineering,2,40.0,48.0,1,3,80,HIGH
NSFAS005881,Lindiwe Mthethwa,North-West University,Science,3,49.35,46.0,4,3,100,HIGH
NSFAS005882,Sipho Ngcobo,University of the Witwatersrand,Commerce,3,40.0,37.0,4,1,100,HIGH
NSFAS005883,Lerato Dlamini,University of Pretoria,Commerce,2,75.0,88.0,1,3,0,LOW
NSFAS005884,Andile Mabaso,University of Pretoria,Engineering,2,30.0,0.0,2,4,80,HIGH
NSFAS005885,Lindiwe Mthembu,University of Cape Town,Arts,1,75.0,78.0,1,0,0,LOW
NSFAS005886,Tshepo Mthembu,North-West University,Law,2,30.0,43.0,4,5,100,HIGH
NSFAS005887,Lerato Nkosi,University of KwaZulu-Natal,Engineering,4,40.0,24.0,3,0,100,HIGH
NSFAS005888,Sipho Mhlongo,University of Johannesburg,Science,1,30.0,47.0,2,2,80,HIGH
NSFAS005889,Themba Mhlongo,University of the Free State,Engineering,3,75.0,95.0,0,0,0,LOW
NSFAS005890,Sibusiso Mokoena,North-West University,Commerce,4,95.0,82.0,1,1,0,LOW
NSFAS005891,Mpho Dlamini,University of KwaZulu-Natal,Engineering,4,75.0,82.0,1,5,0,LOW
NSFAS005892,Themba Mahlangu,University of Stellenbosch,Science,1,40.0,46.0,4,0,100,HIGH
NSFAS005893,Lindiwe Mahlangu,University of the Witwatersrand,Arts,1,40.0,51.0,4,5,100,HIGH
NSFAS005894,Lerato Dlamini,University of Pretoria,Engineering,3,47.99,30.0,2,5,80,HIGH
NSFAS005895,Kagiso Mokoena,University of the Witwatersrand,Commerce,3,43.86,52.0,4,5,100,HIGH
NSFAS005896,Nokuthula Khumalo,University of the Free State,Commerce,4,64.31,84.0,1,0,0,LOW
NSFAS005897,Zanele Mabaso,University of Pretoria,Science,4,75.0,78.0,0,4,0,LOW
NSFAS005898,Busisiwe Mahlangu,University of KwaZulu-Natal,Law,3,95.0,90.0,1,5,0,LOW
NSFAS005899,Sipho Molefe,University of the Witwatersrand,Engineering,1,34.5,64.0,1,4,80,HIGH
NSFAS005900,Sipho Nkosi,University of Pretoria,Science,1,39.85,37.0,4,3,100,HIGH
NSFAS005901,Mpho Mhlongo,North-West University,Education,1,75.0,79.0,0,1,0,LOW
NSFAS005902,Tshepo Mthembu,University of Cape Town,Education,1,41.44,60.0,3,4,100,HIGH
NSFAS005903,Lindiwe Mkhize,University of Johannesburg,Engineering,1,40.0,27.0,2,4,80,HIGH
NSFAS005904,Zanele Mkhize,University of Stellenbosch,Law,2,60.12,84.0,0,4,0,LOW
NSFAS005905,Phumzile Khumalo,University of Stellenbosch,Arts,3,73.65,75.0,1,5,0,LOW
NSFAS005906,Nomsa Ngcobo,University of Cape Town,Education,4,40.0,55.0,1,0,80,HIGH
NSFAS005907,Phumzile Mthembu,University of KwaZulu-Natal,Engineering,2,40.0,50.0,4,0,100,HIGH
NSFAS005908,Lerato Mhlongo,University of Johannesburg,Law,2,40.0,22.0,2,2,80,HIGH
NSFAS005909,Nokuthula Nkosi,North-West University,Engineering,4,40.0,32.0,1,5,80,HIGH
NSFAS005910,Lindiwe Mahlangu,University of Johannesburg,Commerce,1,40.0,50.0,4,2,100,HIGH
NSFAS005911,Mpho Mhlongo,University of the Witwatersrand,Law,2,63.26,59.0,1,0,40,MEDIUM
NSFAS005912,Thabo Mahlangu,University of Pretoria,Education,4,41.09,58.0,2,1,80,HIGH
NSFAS005913,Phumzile Mkhize,University of KwaZulu-Natal,Law,1,75.0,84.0,1,0,0,LOW
NSFAS005914,Sipho Mkhize,University of Johannesburg,Education,1,75.0,87.0,0,1,0,LOW
NSFAS005915,Kagiso Ngcobo,University of Stellenbosch,Arts,3,30.0,39.0,4,5,100,HIGH
NSFAS005916,Lerato Zulu,North-West University,Science,4,40.0,38.0,2,3,80,HIGH
NSFAS005917,Nomsa Ngcobo,University of Johannesburg,Engineering,2,40.0,34.0,3,5,100,HIGH
NSFAS005918,Nomsa Ngcobo,University of Stellenbosch,Engineering,2,66.36,77.0,0,0,0,LOW
NSFAS005919,Tshepo Nkosi,North-West University,Education,4,46.13,60.0,1,3,80,HIGH
NSFAS005920,Sipho Zulu,University of Pretoria,Engineering,3,40.0,0.0,3,4,100,HIGH
NSFAS005921,Busisiwe Mthembu,University of Stellenbosch,Science,3,75.0,77.0,0,4,0,LOW
NSFAS005922,Tshepo Mkhize,University of the Free State,Arts,1,30.0,31.0,4,5,100,HIGH
NSFAS005923,Lindiwe Ngcobo,North-West University,Commerce,4,40.75,64.0,1,0,80,HIGH
NSFAS005924,Nokuthula Ngcobo,University of Pretoria,Law,2,64.1,60.0,1,2,40,MEDIUM
NSFAS005925,Lerato Dlamini,University of Johannesburg,Law,4,44.94,28.0,1,5,80,HIGH
NSFAS005926,Thabo Mhlongo,University of the Witwatersrand,Arts,2,75.0,95.0,1,5,0,LOW
NSFAS005927,Andile Mokoena,University of Johannesburg,Science,3,74.21,75.0,0,1,0,LOW
NSFAS005928,Nomsa Ngcobo,University of Stellenbosch,Commerce,3,35.54,34.0,3,1,100,HIGH
NSFAS005929,Sipho Mthembu,University of KwaZulu-Natal,Education,3,75.0,95.0,1,4,0,LOW
NSFAS005930,Phumzile Mahlangu,University of Johannesburg,Education,4,40.0,63.0,3,0,100,HIGH
NSFAS005931,Nomsa Nkosi,University of the Witwatersrand,Law,2,40.0,29.0,1,4,80,HIGH
NSFAS005932,Andile Molefe,University of Johannesburg,Law,2,75.0,95.0,1,1,0,LOW
NSFAS005933,Thabo Mabaso,University of the Free State,Engineering,2,49.0,28.0,3,0,100,HIGH
NSFAS005934,Zanele Mthethwa,University of the Witwatersrand,Commerce,4,30.0,33.0,3,5,100,HIGH
NSFAS005935,Mpho Mahlangu,University of Cape Town,Education,2,40.0,42.0,2,5,80,HIGH
NSFAS005936,Andile Mabaso,University of KwaZulu-Natal,Commerce,2,75.0,89.0,1,1,0,LOW
NSFAS005937,Andile Mhlongo,University of Johannesburg,Education,1,68.15,56.0,1,3,40,MEDIUM
NSFAS005938,Zanele Mkhize,University of Stellenbosch,Engineering,2,40.0,40.0,4,4,100,HIGH
NSFAS005939,Thabo Dlamini,University of Pretoria,Arts,2,71.09,84.0,1,0,0,LOW
NSFAS005940,Nokuthula Mabaso,University of Johannesburg,Arts,1,40.0,26.0,1,2,80,HIGH
NSFAS005941,Phumzile Ngcobo,University of Pretoria,Law,1,40.0,28.0,2,1,80,HIGH
NSFAS005942,Sibusiso Ngcobo,University of Stellenbosch,Engineering,2,49.49,65.0,1,5,80,HIGH
NSFAS005943,Nokuthula Mthembu,University of Stellenbosch,Law,1,58.07,74.0,0,3,0,LOW
NSFAS005944,Nokuthula Mthembu,University of the Witwatersrand,Engineering,4,40.0,57.0,3,3,100,HIGH
NSFAS005945,Mpho Mthembu,University of Pretoria,Science,1,30.0,27.0,2,0,80,HIGH
NSFAS005946,Lerato Zulu,University of KwaZulu-Natal,Commerce,2,65.03,72.0,0,5,0,LOW
NSFAS005947,Themba Nkosi,University of the Witwatersrand,Arts,1,75.0,91.0,0,5,0,LOW
NSFAS005948,Tshepo Dlamini,University of Stellenbosch,Arts,2,56.38,75.0,0,5,0,LOW
NSFAS005949,Lindiwe Khumalo,University of the Witwatersrand,Science,1,30.0,49.0,1,4,80,HIGH
NSFAS005950,Nokuthula Mthethwa,University of Cape Town,Engineering,2,75.0,95.0,0,2,0,LOW
NSFAS005951,Andile Mabaso,North-West University,Engineering,4,75.0,95.0,1,1,0,LOW
NSFAS005952,Nokuthula Zulu,University of Stellenbosch,Arts,1,49.0,25.0,2,4,80,HIGH
NSFAS005953,Mpho Molefe,University of Johannesburg,Arts,1,65.15,70.0,1,4,0,LOW
NSFAS005954,Mpho Mabaso,University of Stellenbosch,Commerce,4,47.92,41.0,1,0,80,HIGH
NSFAS005955,Themba Zulu,University of Stellenbosch,Education,1,75.0,92.0,1,5,0,LOW
NSFAS005956,Nokuthula Mkhize,North-West University,Engineering,3,58.74,75.0,1,1,0,LOW
NSFAS005957,Andile Mthethwa,University of KwaZulu-Natal,Science,1,60.19,84.0,0,2,0,LOW
NSFAS005958,Tshepo Dlamini,University of Johannesburg,Science,4,56.94,81.0,1,5,0,LOW
NSFAS005959,Nomsa Khumalo,University of Pretoria,Engineering,1,65.35,59.0,4,5,60,HIGH
NSFAS005960,Kagiso Mkhize,University of Cape Town,Law,1,40.0,58.0,1,5,80,HIGH
NSFAS005961,Lindiwe Mhlongo,University of Cape Town,Arts,3,40.0,30.0,3,4,100,HIGH
NSFAS005962,Thabo Ngcobo,North-West University,Law,3,46.69,54.0,1,2,80,HIGH
NSFAS005963,Kagiso Mthethwa,University of Johannesburg,Arts,1,45.78,43.0,1,4,80,HIGH
NSFAS005964,Nomsa Nkosi,University of Stellenbosch,Engineering,1,58.24,60.0,1,0,40,MEDIUM
NSFAS005965,Busisiwe Nkosi,University of Johannesburg,Arts,1,40.0,41.0,4,1,100,HIGH
NSFAS005966,Sipho Zulu,University of Cape Town,Science,2,75.0,88.0,1,5,0,LOW
NSFAS005967,Lerato Molefe,University of the Free State,Science,1,30.0,64.0,1,4,80,HIGH
NSFAS005968,Sibusiso Dlamini,University of Johannesburg,Commerce,3,30.0,21.0,3,4,100,HIGH
NSFAS005969,Nokuthula Mahlangu,University of the Witwatersrand,Education,4,46.97,34.0,2,5,80,HIGH
NSFAS005970,Andile Mahlangu,University of Stellenbosch,Engineering,2,75.0,95.0,1,0,0,LOW
NSFAS005971,Busisiwe Dlamini,University of the Free State,Arts,4,40.0,26.0,1,0,80,HIGH
NSFAS005972,Phumzile Mahlangu,North-West University,Education,4,75.0,82.0,1,2,0,LOW
NSFAS005973,Busisiwe Molefe,University of Cape Town,Education,4,40.0,23.0,3,4,100,HIGH
NSFAS005974,Nokuthula Mthembu,University of Johannesburg,Commerce,3,63.95,59.0,3,1,60,HIGH
NSFAS005975,Lindiwe Mkhize,University of Pretoria,Arts,4,75.0,94.0,0,1,0,LOW
NSFAS005976,Lindiwe Molefe,University of the Witwatersrand,Science,1,47.63,50.0,3,0,100,HIGH
NSFAS005977,Mpho Nkosi,North-West University,Law,3,44.1,47.0,3,4,100,HIGH
NSFAS005978,Themba Khumalo,University of the Free State,Commerce,3,67.07,76.0,0,0,0,LOW
NSFAS005979,Sipho Zulu,University of KwaZulu-Natal,Engineering,3,75.0,95.0,0,2,0,LOW
NSFAS005980,Tshepo Ngcobo,University of Johannesburg,Law,4,40.0,50.0,2,0,80,HIGH
NSFAS005981,Themba Molefe,North-West University,Arts,4,48.99,60.0,0,4,80,HIGH
NSFAS005982,Lerato Mahlangu,University of Pretoria,Engineering,1,30.0,56.0,1,4,80,HIGH
NSFAS005983,Tshepo Mokoena,University of Cape Town,Law,2,33.63,26.0,3,3,100,HIGH
NSFAS005984,Lerato Zulu,North-West University,Engineering,1,65.54,83.0,0,4,0,LOW
NSFAS005985,Lindiwe Nkosi,North-West University,Science,1,49.0,30.0,2,5,80,HIGH
NSFAS005986,Nomsa Mthembu,University of Pretoria,Arts,4,30.0,29.0,4,0,100,HIGH
NSFAS005987,Mpho Molefe,University of Cape Town,Commerce,3,62.62,57.0,1,5,40,MEDIUM
NSFAS005988,Lerato Mabaso,University of the Witwatersrand,Commerce,3,66.7,71.0,0,5,0,LOW
NSFAS005989,Phumzile Mkhize,University of Johannesburg,Arts,2,75.0,95.0,0,1,0,LOW
NSFAS005990,Busisiwe Khumalo,University of Cape Town,Science,4,70.42,92.0,0,5,0,LOW
NSFAS005991,Phumzile Mthembu,University of Stellenbosch,Science,3,75.0,85.0,1,3,0,LOW
NSFAS005992,Lerato Ngcobo,University of Pretoria,Science,3,55.53,59.0,1,2,40,MEDIUM
NSFAS005993,Themba Dlamini,University of Pretoria,Commerce,4,30.0,48.0,3,4,100,HIGH
NSFAS005994,Mpho Khumalo,University of Johannesburg,Engineering,1,75.0,83.0,1,3,0,LOW
NSFAS005995,Busisiwe Mthembu,University of the Witwatersrand,Engineering,2,40.0,46.0,3,1,100,HIGH
NSFAS005996,Andile Mokoena,University of Stellenbosch,Arts,1,56.36,58.0,1,5,40,MEDIUM
NSFAS005997,Thabo Khumalo,University of Cape Town,Arts,4,58.51,82.0,0,1,0,LOW
NSFAS005998,Nokuthula Mokoena,University of the Witwatersrand,Law,1,30.0,45.0,2,0,80,HIGH
NSFAS005999,Phumzile Ngcobo,University of Pretoria,Education,1,55.66,84.0,0,0,0,LOW
NSFAS006000,Thabo Mhlongo,University of Stellenbosch,Engineering,1,30.0,35.0,1,3,80,HIGH
NSFAS006001,Lindiwe Molefe,University of Stellenbosch,Education,1,47.89,25.0,1,2,80,HIGH
NSFAS006002,Tshepo Mkhize,University of the Free State,Education,1,75.0,86.0,1,3,0,LOW
NSFAS006003,Lindiwe Nkosi,University of Johannesburg,Education,4,40.0,43.0,3,4,100,HIGH
NSFAS006004,Tshepo Ngcobo,University of Cape Town,Arts,4,40.0,59.0,2,1,80,HIGH
NSFAS006005,Sipho Mthethwa,University of Johannesburg,Law,1,30.0,49.0,1,1,80,HIGH
NSFAS006006,Nomsa Mkhize,University of Stellenbosch,Arts,3,75.0,75.0,1,4,0,LOW
NSFAS006007,Tshepo Mhlongo,University of Pretoria,Arts,3,75.0,95.0,0,3,0,LOW
NSFAS006008,Sibusiso Mhlongo,University of Stellenbosch,Education,3,40.0,35.0,1,5,80,HIGH
NSFAS006009,Nomsa Mokoena,University of the Witwatersrand,Law,2,44.2,53.0,1,4,80,HIGH
NSFAS006010,Andile Mokoena,University of Stellenbosch,Engineering,4,40.0,31.0,3,4,100,HIGH
NSFAS006011,Nomsa Mthethwa,University of the Free State,Arts,3,40.0,29.0,4,2,100,HIGH
NSFAS006012,Busisiwe Zulu,University of the Free State,Science,4,45.97,44.0,1,3,80,HIGH
NSFAS006013,Mpho Mahlangu,University of Cape Town,Commerce,2,40.0,30.0,3,3,100,HIGH
NSFAS006014,Busisiwe Mabaso,University of the Free State,Science,1,50.68,57.0,2,4,40,MEDIUM
NSFAS006015,Sibusiso Mhlongo,North-West University,Science,4,40.0,62.0,2,0,80,HIGH
NSFAS006016,Sipho Mokoena,University of the Witwatersrand,Engineering,2,83.07,84.0,0,4,0,LOW
NSFAS006017,Phumzile Mahlangu,University of the Free State,Education,1,48.6,37.0,1,1,80,HIGH
NSFAS006018,Zanele Molefe,University of Stellenbosch,Commerce,2,40.0,58.0,2,0,80,HIGH
NSFAS006019,Busisiwe Molefe,University of Cape Town,Law,3,40.0,36.0,3,5,100,HIGH
NSFAS006020,Sibusiso Khumalo,University of the Free State,Science,2,40.0,52.0,3,3,100,HIGH
NSFAS006021,Sipho Ngcobo,University of the Free State,Law,3,53.25,56.0,1,5,40,MEDIUM
NSFAS006022,Mpho Mkhize,University of Stellenbosch,Science,3,60.23,56.0,4,3,60,HIGH
NSFAS006023,Nomsa Mokoena,University of the Witwatersrand,Science,4,62.69,75.0,1,4,0,LOW
NSFAS006024,Mpho Mthethwa,University of Stellenbosch,Arts,2,47.96,42.0,4,3,100,HIGH
NSFAS006025,Thabo Molefe,University of the Witwatersrand,Engineering,2,51.22,83.0,0,2,0,LOW
NSFAS006026,Lerato Zulu,University of KwaZulu-Natal,Engineering,2,68.3,66.0,1,2,40,MEDIUM
NSFAS006027,Phumzile Mthethwa,North-West University,Science,2,41.33,57.0,1,0,80,HIGH
NSFAS006028,Sipho Mthembu,University of the Witwatersrand,Law,3,30.0,36.0,3,4,100,HIGH
NSFAS006029,Busisiwe Mokoena,University of Cape Town,Engineering,1,62.25,73.0,1,2,0,LOW
NSFAS006030,Phumzile Mokoena,University of the Free State,Science,4,40.0,24.0,3,0,100,HIGH
NSFAS006031,Andile Mthethwa,University of Stellenbosch,Education,3,40.0,20.0,4,5,100,HIGH
NSFAS006032,Sibusiso Khumalo,University of the Free State,Engineering,1,53.93,76.0,1,2,0,LOW
NSFAS006033,Themba Mhlongo,University of the Free State,Education,2,49.0,36.0,1,4,80,HIGH
NSFAS006034,Sipho Nkosi,University of the Witwatersrand,Arts,4,66.55,58.0,1,0,40,MEDIUM
NSFAS006035,Lindiwe Mkhize,University of Pretoria,Law,1,74.47,76.0,1,2,0,LOW
NSFAS006036,Zanele Mthembu,University of the Witwatersrand,Law,1,40.0,33.0,1,3,80,HIGH
NSFAS006037,Mpho Nkosi,University of KwaZulu-Natal,Arts,2,75.0,95.0,0,1,0,LOW
NSFAS006038,Nomsa Mkhize,University of KwaZulu-Natal,Engineering,4,40.0,34.0,4,4,100,HIGH
NSFAS006039,Thabo Molefe,University of the Free State,Arts,1,40.0,65.0,4,5,100,HIGH
NSFAS006040,Kagiso Dlamini,University of Pretoria,Engineering,2,40.0,45.0,4,3,100,HIGH
NSFAS006041,Lerato Mabaso,University of KwaZulu-Natal,Commerce,1,45.6,48.0,3,4,100,HIGH
NSFAS006042,Lerato Ngcobo,University of the Witwatersrand,Arts,2,40.0,55.0,3,4,100,HIGH
NSFAS006043,Themba Dlamini,University of Pretoria,Law,4,30.0,61.0,3,5,100,HIGH
NSFAS006044,Busisiwe Mkhize,University of Johannesburg,Science,2,53.96,84.0,1,3,0,LOW
NSFAS006045,Zanele Mthethwa,University of Cape Town,Education,4,75.0,94.0,1,1,0,LOW
NSFAS006046,Sibusiso Mabaso,University of Johannesburg,Law,4,40.0,63.0,3,1,100,HIGH
NSFAS006047,Themba Dlamini,University of Cape Town,Education,1,63.62,77.0,0,5,0,LOW
NSFAS006048,Lerato Mkhize,University of Stellenbosch,Arts,1,44.2,31.0,3,3,100,HIGH
NSFAS006049,Sibusiso Mthethwa,University of the Witwatersrand,Law,1,75.0,86.0,0,0,0,LOW
NSFAS006050,Nomsa Mthethwa,University of Cape Town,Science,3,42.41,23.0,1,4,80,HIGH
NSFAS006051,Phumzile Mkhize,University of Johannesburg,Education,2,40.0,26.0,1,2,80,HIGH
NSFAS006052,Lerato Mokoena,University of the Free State,Education,1,49.4,64.0,1,2,80,HIGH
NSFAS006053,Themba Ngcobo,University of Pretoria,Education,2,75.0,90.0,0,1,0,LOW
NSFAS006054,Lindiwe Zulu,University of KwaZulu-Natal,Law,3,75.0,75.0,1,0,0,LOW
NSFAS006055,Nokuthula Mabaso,University of KwaZulu-Natal,Education,1,75.0,92.0,1,3,0,LOW
NSFAS006056,Zanele Zulu,University of Johannesburg,Arts,2,57.54,61.0,1,2,40,MEDIUM
NSFAS006057,Phumzile Ngcobo,University of the Witwatersrand,Science,1,60.37,84.0,0,3,0,LOW
NSFAS006058,Phumzile Mkhize,University of Cape Town,Engineering,3,49.0,43.0,3,2,100,HIGH
NSFAS006059,Kagiso Mthembu,University of Johannesburg,Science,2,30.13,33.0,4,2,100,HIGH
NSFAS006060,Themba Mabaso,University of Cape Town,Science,1,61.86,85.0,0,1,0,LOW
NSFAS006061,Sipho Khumalo,University of the Witwatersrand,Commerce,4,40.0,62.0,3,0,100,HIGH
NSFAS006062,Sipho Mhlongo,North-West University,Law,4,55.88,59.0,2,2,40,MEDIUM
NSFAS006063,Thabo Dlamini,University of KwaZulu-Natal,Arts,2,49.0,65.0,0,3,80,HIGH
NSFAS006064,Nomsa Dlamini,North-West University,Law,4,68.15,83.0,1,1,0,LOW
NSFAS006065,Nomsa Dlamini,North-West University,Law,1,75.0,88.0,1,5,0,LOW
NSFAS006066,Tshepo Mhlongo,University of the Free State,Arts,2,75.0,93.0,0,1,0,LOW
NSFAS006067,Kagiso Mhlongo,University of Pretoria,Law,4,75.0,83.0,1,3,0,LOW
NSFAS006068,Lerato Nkosi,University of the Free State,Arts,2,75.0,89.0,0,3,0,LOW
NSFAS006069,Lindiwe Mhlongo,North-West University,Education,2,40.0,21.0,1,4,80,HIGH
NSFAS006070,Phumzile Molefe,North-West University,Education,1,73.23,95.0,0,5,0,LOW
NSFAS006071,Thabo Molefe,University of Pretoria,Engineering,4,62.04,80.0,1,3,0,LOW
NSFAS006072,Sibusiso Mkhize,University of Stellenbosch,Law,3,75.0,95.0,1,3,0,LOW
NSFAS006073,Mpho Mkhize,North-West University,Education,1,30.0,65.0,4,4,100,HIGH
NSFAS006074,Lerato Nkosi,University of the Free State,Engineering,2,45.89,44.0,1,3,80,HIGH
NSFAS006075,Busisiwe Molefe,University of the Free State,Science,4,60.57,82.0,1,1,0,LOW
NSFAS006076,Busisiwe Nkosi,University of Johannesburg,Arts,2,45.5,23.0,2,4,80,HIGH
NSFAS006077,Thabo Dlamini,University of Pretoria,Education,4,30.0,57.0,3,2,100,HIGH
NSFAS006078,Zanele Dlamini,University of the Free State,Science,2,75.0,86.0,0,3,0,LOW
NSFAS006079,Sipho Mthembu,University of Johannesburg,Commerce,4,68.71,62.0,0,5,40,MEDIUM
NSFAS006080,Zanele Khumalo,North-West University,Education,2,40.0,37.0,4,5,100,HIGH
NSFAS006081,Kagiso Mokoena,University of Stellenbosch,Education,4,57.44,59.0,4,2,60,HIGH
NSFAS006082,Mpho Dlamini,University of KwaZulu-Natal,Science,1,30.0,58.0,3,3,100,HIGH
NSFAS006083,Lindiwe Mthethwa,University of the Witwatersrand,Education,1,73.61,81.0,0,5,0,LOW
NSFAS006084,Busisiwe Mahlangu,University of the Witwatersrand,Engineering,3,75.0,89.0,0,2,0,LOW
NSFAS006085,Andile Ngcobo,University of the Witwatersrand,Arts,3,70.73,95.0,1,3,0,LOW
NSFAS006086,Nomsa Dlamini,North-West University,Science,3,85.35,82.0,1,3,0,LOW
NSFAS006087,Andile Molefe,University of the Free State,Engineering,2,40.0,39.0,4,0,100,HIGH
NSFAS006088,Kagiso Mthembu,University of Pretoria,Education,2,75.0,95.0,1,1,0,LOW
NSFAS006089,Lindiwe Mthembu,University of Cape Town,Education,1,75.0,92.0,0,3,0,LOW
NSFAS006090,Tshepo Nkosi,University of the Free State,Commerce,1,62.42,74.0,1,0,0,LOW
NSFAS006091,Sipho Mkhize,North-West University,Engineering,2,59.92,80.0,0,2,0,LOW
NSFAS006092,Andile Mhlongo,North-West University,Arts,1,45.01,59.0,1,3,80,HIGH
NSFAS006093,Lerato Zulu,University of the Witwatersrand,Arts,3,65.01,58.0,1,0,40,MEDIUM
NSFAS006094,Sibusiso Mthembu,University of the Free State,Engineering,1,30.0,56.0,2,0,80,HIGH
NSFAS006095,Lindiwe Mthethwa,University of Cape Town,Arts,3,30.0,30.0,3,3,100,HIGH
NSFAS006096,Thabo Mthembu,University of KwaZulu-Natal,Engineering,4,40.0,21.0,2,2,80,HIGH
NSFAS006097,Zanele Mthethwa,University of Cape Town,Commerce,1,54.84,78.0,0,0,0,LOW
NSFAS006098,Themba Mabaso,University of KwaZulu-Natal,Commerce,4,40.0,25.0,4,2,100,HIGH
NSFAS006099,Lerato Molefe,University of Pretoria,Science,2,54.8,82.0,0,4,0,LOW
NSFAS006100,Lerato Mhlongo,University of Pretoria,Education,2,73.96,93.0,0,3,0,LOW
NSFAS006101,Sipho Mthethwa,University of the Witwatersrand,Arts,4,30.06,37.0,1,4,80,HIGH
NSFAS006102,Andile Zulu,University of Johannesburg,Arts,2,42.0,51.0,1,2,80,HIGH
NSFAS006103,Nomsa Ngcobo,University of Johannesburg,Law,1,40.0,38.0,4,1,100,HIGH
NSFAS006104,Kagiso Dlamini,University of Pretoria,Education,4,40.0,21.0,1,1,80,HIGH
NSFAS006105,Lindiwe Zulu,University of Stellenbosch,Science,3,40.0,51.0,4,1,100,HIGH
NSFAS006106,Phumzile Khumalo,University of Stellenbosch,Arts,1,40.0,57.0,4,2,100,HIGH
NSFAS006107,Tshepo Mthembu,University of the Witwatersrand,Arts,3,75.0,84.0,1,0,0,LOW
NSFAS006108,Nomsa Ngcobo,University of Pretoria,Education,1,73.83,80.0,0,4,0,LOW
NSFAS006109,Themba Mkhize,University of the Witwatersrand,Education,3,40.66,26.0,4,2,100,HIGH
NSFAS006110,Zanele Ngcobo,University of Pretoria,Arts,4,72.54,95.0,0,2,0,LOW
NSFAS006111,Andile Mhlongo,University of KwaZulu-Natal,Arts,1,59.55,70.0,1,1,0,LOW
NSFAS006112,Tshepo Mkhize,North-West University,Arts,2,75.0,81.0,0,3,0,LOW
NSFAS006113,Mpho Mthethwa,University of Stellenbosch,Commerce,1,40.0,24.0,2,2,80,HIGH
NSFAS006114,Busisiwe Mkhize,University of KwaZulu-Natal,Arts,3,70.7,92.0,1,4,0,LOW
NSFAS006115,Lindiwe Khumalo,University of Pretoria,Law,4,69.05,67.0,0,4,40,MEDIUM
NSFAS006116,Zanele Mokoena,University of the Witwatersrand,Commerce,1,40.0,55.0,3,0,100,HIGH
NSFAS006117,Zanele Zulu,University of KwaZulu-Natal,Arts,4,30.0,23.0,1,1,80,HIGH
NSFAS006118,Busisiwe Mthethwa,University of Johannesburg,Engineering,4,40.0,53.0,2,1,80,HIGH
NSFAS006119,Tshepo Mahlangu,University of the Witwatersrand,Arts,3,45.35,55.0,1,1,80,HIGH
NSFAS006120,Sipho Mokoena,University of Pretoria,Education,3,37.29,40.0,4,2,100,HIGH
NSFAS006121,Lerato Mokoena,University of Pretoria,Commerce,3,40.0,44.0,2,3,80,HIGH
NSFAS006122,Sibusiso Zulu,North-West University,Arts,2,64.62,68.0,1,4,40,MEDIUM
NSFAS006123,Busisiwe Molefe,University of the Witwatersrand,Commerce,3,60.89,55.0,1,3,40,MEDIUM
NSFAS006124,Tshepo Mhlongo,University of Johannesburg,Commerce,3,30.0,37.0,2,2,80,HIGH
NSFAS006125,Busisiwe Mthembu,University of Pretoria,Education,2,40.0,25.0,1,3,80,HIGH
NSFAS006126,Sipho Ngcobo,University of KwaZulu-Natal,Arts,2,40.0,25.0,3,2,100,HIGH
NSFAS006127,Sipho Nkosi,University of Stellenbosch,Commerce,2,46.91,37.0,4,0,100,HIGH
NSFAS006128,Mpho Zulu,University of KwaZulu-Natal,Law,1,93.27,77.0,0,1,0,LOW
NSFAS006129,Tshepo Nkosi,University of Cape Town,Science,2,50.1,63.0,1,1,40,MEDIUM
NSFAS006130,Mpho Zulu,University of KwaZulu-Natal,Arts,4,46.87,21.0,2,4,80,HIGH
NSFAS006131,Themba Mahlangu,University of Stellenbosch,Education,1,38.74,62.0,1,4,80,HIGH
NSFAS006132,Busisiwe Mabaso,University of the Witwatersrand,Engineering,3,54.36,77.0,0,1,0,LOW
NSFAS006133,Sipho Ngcobo,University of Pretoria,Science,3,39.25,44.0,1,4,80,HIGH
NSFAS006134,Busisiwe Mokoena,University of Cape Town,Education,3,64.18,62.0,0,1,40,MEDIUM
NSFAS006135,Thabo Dlamini,University of Pretoria,Arts,4,56.31,62.0,1,0,40,MEDIUM
NSFAS006136,Kagiso Ngcobo,University of Johannesburg,Commerce,2,75.0,0.0,1,5,40,MEDIUM
NSFAS006137,Themba Mhlongo,University of Pretoria,Engineering,4,94.83,94.0,1,3,0,LOW
NSFAS006138,Zanele Nkosi,University of KwaZulu-Natal,Commerce,2,40.0,35.0,4,2,100,HIGH
NSFAS006139,Zanele Mahlangu,University of KwaZulu-Natal,Education,4,46.65,61.0,0,2,80,HIGH
NSFAS006140,Busisiwe Molefe,University of the Witwatersrand,Commerce,2,49.0,48.0,3,3,100,HIGH
NSFAS006141,Lerato Molefe,University of the Witwatersrand,Science,4,62.5,78.0,0,1,0,LOW
NSFAS006142,Thabo Ngcobo,University of Pretoria,Engineering,3,45.78,46.0,3,1,100,HIGH
NSFAS006143,Mpho Mthethwa,University of Cape Town,Engineering,4,58.9,84.0,0,2,0,LOW
NSFAS006144,Busisiwe Mthethwa,University of Pretoria,Arts,1,40.0,43.0,1,2,80,HIGH
NSFAS006145,Sibusiso Nkosi,University of Johannesburg,Law,3,75.0,78.0,1,1,0,LOW
NSFAS006146,Sipho Khumalo,University of KwaZulu-Natal,Engineering,3,75.0,95.0,1,2,0,LOW
NSFAS006147,Andile Mokoena,University of Stellenbosch,Education,2,65.41,60.0,1,4,40,MEDIUM
NSFAS006148,Kagiso Mkhize,University of Johannesburg,Science,3,58.74,71.0,1,1,0,LOW
NSFAS006149,Tshepo Nkosi,University of Stellenbosch,Commerce,3,67.83,57.0,4,5,60,HIGH
NSFAS006150,Tshepo Mokoena,University of Pretoria,Commerce,1,55.74,65.0,1,2,40,MEDIUM
NSFAS006151,Mpho Mabaso,University of the Witwatersrand,Science,4,40.0,40.0,3,3,100,HIGH
NSFAS006152,Themba Dlamini,North-West University,Education,1,49.0,0.0,4,2,100,HIGH
NSFAS006153,Busisiwe Mthethwa,University of Stellenbosch,Engineering,3,40.0,28.0,2,5,80,HIGH
NSFAS006154,Sipho Molefe,University of KwaZulu-Natal,Education,2,40.0,56.0,2,3,80,HIGH
NSFAS006155,Phumzile Khumalo,University of KwaZulu-Natal,Science,2,40.0,43.0,2,3,80,HIGH
NSFAS006156,Lindiwe Mahlangu,University of Johannesburg,Commerce,1,65.48,75.0,0,0,0,LOW
NSFAS006157,Mpho Mhlongo,University of the Witwatersrand,Engineering,2,58.3,85.0,0,2,0,LOW
NSFAS006158,Sibusiso Mahlangu,University of the Witwatersrand,Commerce,4,59.12,55.0,1,0,40,MEDIUM
NSFAS006159,Tshepo Nkosi,University of Cape Town,Science,1,63.67,67.0,0,0,40,MEDIUM
NSFAS006160,Thabo Mhlongo,University of KwaZulu-Natal,Law,4,40.0,56.0,2,4,80,HIGH
NSFAS006161,Nomsa Mkhize,University of Stellenbosch,Engineering,1,69.97,67.0,1,5,40,MEDIUM
NSFAS006162,Andile Dlamini,North-West University,Arts,2,51.5,71.0,1,3,0,LOW
NSFAS006163,Kagiso Mahlangu,University of Stellenbosch,Engineering,2,30.0,56.0,4,3,100,HIGH
NSFAS006164,Themba Mthethwa,University of the Free State,Arts,2,40.0,41.0,4,2,100,HIGH
NSFAS006165,Nokuthula Zulu,University of Pretoria,Engineering,1,40.0,64.0,4,2,100,HIGH
NSFAS006166,Phumzile Mkhize,University of KwaZulu-Natal,Science,4,40.0,59.0,3,3,100,HIGH
NSFAS006167,Busisiwe Nkosi,University of the Free State,Engineering,2,30.0,55.0,1,0,80,HIGH
NSFAS006168,Andile Mhlongo,University of Cape Town,Arts,2,51.53,75.0,1,2,0,LOW
NSFAS006169,Sipho Mhlongo,University of Cape Town,Engineering,3,30.0,53.0,1,4,80,HIGH
NSFAS006170,Zanele Nkosi,University of KwaZulu-Natal,Engineering,3,44.91,32.0,1,3,80,HIGH
NSFAS006171,Sibusiso Mokoena,University of Cape Town,Science,1,73.03,95.0,1,3,0,LOW
NSFAS006172,Kagiso Molefe,University of the Witwatersrand,Commerce,2,40.31,62.0,4,0,100,HIGH
NSFAS006173,Kagiso Dlamini,University of KwaZulu-Natal,Education,1,40.0,35.0,4,0,100,HIGH
NSFAS006174,Phumzile Ngcobo,University of Pretoria,Law,1,40.0,25.0,3,4,100,HIGH
NSFAS006175,Busisiwe Nkosi,University of Cape Town,Law,4,75.0,95.0,1,3,0,LOW
NSFAS006176,Zanele Mokoena,University of KwaZulu-Natal,Education,4,40.0,27.0,1,0,80,HIGH
NSFAS006177,Nokuthula Ngcobo,North-West University,Law,4,64.19,74.0,0,5,0,LOW
NSFAS006178,Phumzile Dlamini,University of KwaZulu-Natal,Arts,4,39.6,64.0,4,2,100,HIGH
NSFAS006179,Mpho Nkosi,University of Stellenbosch,Law,1,50.53,63.0,0,3,40,MEDIUM
NSFAS006180,Busisiwe Mabaso,University of Cape Town,Education,3,54.47,57.0,1,1,40,MEDIUM
NSFAS006181,Nokuthula Nkosi,University of Stellenbosch,Education,1,40.0,65.0,3,5,100,HIGH
NSFAS006182,Zanele Mhlongo,University of the Free State,Arts,2,40.0,59.0,1,0,80,HIGH
NSFAS006183,Andile Dlamini,University of Johannesburg,Arts,4,65.83,57.0,2,4,40,MEDIUM
NSFAS006184,Lerato Mhlongo,University of Johannesburg,Arts,2,67.33,69.0,0,3,40,MEDIUM
NSFAS006185,Tshepo Mabaso,University of the Witwatersrand,Law,3,40.0,53.0,3,0,100,HIGH
NSFAS006186,Kagiso Molefe,University of KwaZulu-Natal,Education,4,75.0,87.0,0,0,0,LOW
NSFAS006187,Themba Mhlongo,University of the Free State,Commerce,3,61.08,71.0,1,3,0,LOW
NSFAS006188,Lerato Mokoena,University of the Free State,Education,2,40.0,58.0,2,3,80,HIGH
NSFAS006189,Busisiwe Khumalo,University of the Witwatersrand,Science,4,73.8,87.0,0,0,0,LOW
NSFAS006190,Nomsa Dlamini,University of Johannesburg,Law,3,40.05,38.0,4,4,100,HIGH
NSFAS006191,Phumzile Mokoena,North-West University,Engineering,4,47.17,44.0,2,3,80,HIGH
NSFAS006192,Zanele Mthethwa,University of Stellenbosch,Education,1,30.0,53.0,1,3,80,HIGH
NSFAS006193,Lindiwe Mkhize,University of Cape Town,Law,2,48.77,46.0,1,4,80,HIGH
NSFAS006194,Lerato Ngcobo,University of Cape Town,Commerce,1,63.41,84.0,0,5,0,LOW
NSFAS006195,Tshepo Molefe,North-West University,Education,2,47.13,31.0,3,0,100,HIGH
NSFAS006196,Phumzile Ngcobo,University of the Free State,Commerce,3,40.0,0.0,3,1,100,HIGH
NSFAS006197,Nomsa Dlamini,University of Johannesburg,Arts,2,49.13,43.0,4,3,100,HIGH
NSFAS006198,Sibusiso Nkosi,University of Stellenbosch,Arts,2,40.0,47.0,1,5,80,HIGH
NSFAS006199,Nokuthula Khumalo,University of Cape Town,Arts,4,95.0,82.0,1,0,0,LOW
NSFAS006200,Nomsa Mthethwa,University of Johannesburg,Commerce,2,75.0,75.0,1,3,0,LOW
NSFAS006201,Nomsa Mokoena,University of the Witwatersrand,Commerce,2,30.0,25.0,3,2,100,HIGH
NSFAS006202,Lindiwe Mthembu,University of Cape Town,Engineering,2,43.99,53.0,4,5,100,HIGH
NSFAS006203,Sibusiso Dlamini,University of Cape Town,Engineering,3,30.0,47.0,2,2,80,HIGH
NSFAS006204,Nokuthula Mokoena,University of Cape Town,Engineering,4,46.09,28.0,1,3,80,HIGH
NSFAS006205,Lerato Mokoena,University of the Free State,Engineering,3,48.59,23.0,2,3,80,HIGH
NSFAS006206,Tshepo Mahlangu,University of the Witwatersrand,Commerce,2,40.0,26.0,4,2,100,HIGH
NSFAS006207,Zanele Khumalo,University of the Witwatersrand,Arts,4,71.48,85.0,0,5,0,LOW
NSFAS006208,Thabo Molefe,University of the Witwatersrand,Science,1,40.0,44.0,2,3,80,HIGH
NSFAS006209,Busisiwe Mthethwa,University of Cape Town,Engineering,4,65.92,68.0,1,5,40,MEDIUM
NSFAS006210,Mpho Dlamini,University of Johannesburg,Law,3,52.21,70.0,0,5,0,LOW
NSFAS006211,Phumzile Molefe,North-West University,Engineering,3,40.0,23.0,1,2,80,HIGH
NSFAS006212,Thabo Mkhize,North-West University,Commerce,4,40.05,20.0,3,3,100,HIGH
NSFAS006213,Lerato Mthembu,University of the Free State,Commerce,2,75.0,88.0,1,1,0,LOW
NSFAS006214,Nomsa Ngcobo,University of KwaZulu-Natal,Commerce,4,47.95,27.0,2,1,80,HIGH
NSFAS006215,Sipho Mhlongo,University of KwaZulu-Natal,Law,2,75.0,77.0,1,3,0,LOW
NSFAS006216,Nomsa Molefe,University of Pretoria,Education,4,75.0,81.0,0,5,0,LOW
NSFAS006217,Andile Khumalo,North-West University,Arts,1,40.0,23.0,1,2,80,HIGH
NSFAS006218,Andile Molefe,University of Johannesburg,Science,3,75.0,76.0,1,2,0,LOW
NSFAS006219,Tshepo Dlamini,University of the Free State,Education,4,40.0,24.0,4,0,100,HIGH
NSFAS006220,Mpho Molefe,University of Johannesburg,Engineering,3,70.85,95.0,0,2,0,LOW
NSFAS006221,Phumzile Mabaso,University of Pretoria,Education,4,45.58,42.0,3,3,100,HIGH
NSFAS006222,Mpho Dlamini,University of KwaZulu-Natal,Commerce,4,55.17,68.0,0,3,40,MEDIUM
NSFAS006223,Lindiwe Molefe,University of the Witwatersrand,Education,4,75.0,83.0,0,0,0,LOW
NSFAS006224,Kagiso Mhlongo,University of Johannesburg,Commerce,1,45.4,35.0,4,0,100,HIGH
NSFAS006225,Nokuthula Nkosi,North-West University,Commerce,2,75.0,77.0,0,4,0,LOW
NSFAS006226,Tshepo Ngcobo,University of KwaZulu-Natal,Education,3,40.0,53.0,3,4,100,HIGH
NSFAS006227,Lindiwe Mthembu,University of Johannesburg,Arts,1,40.0,56.0,2,5,80,HIGH
NSFAS006228,Sibusiso Khumalo,University of Pretoria,Engineering,1,56.97,78.0,0,0,0,LOW
NSFAS006229,Lerato Mokoena,University of KwaZulu-Natal,Law,2,75.0,80.0,1,0,0,LOW
NSFAS006230,Nokuthula Nkosi,University of KwaZulu-Natal,Commerce,4,46.55,23.0,4,1,100,HIGH
NSFAS006231,Kagiso Khumalo,University of Cape Town,Education,2,49.85,29.0,2,5,80,HIGH
NSFAS006232,Themba Mahlangu,University of Pretoria,Arts,4,54.34,83.0,0,1,0,LOW
NSFAS006233,Mpho Mahlangu,University of Cape Town,Commerce,2,49.0,33.0,4,1,100,HIGH
NSFAS006234,Busisiwe Khumalo,University of the Witwatersrand,Science,1,49.58,34.0,4,1,100,HIGH
NSFAS006235,Tshepo Ngcobo,University of Cape Town,Law,1,40.0,56.0,1,5,80,HIGH
NSFAS006236,Sipho Mabaso,University of KwaZulu-Natal,Education,3,44.43,37.0,3,4,100,HIGH
NSFAS006237,Themba Zulu,University of Pretoria,Law,1,75.0,82.0,1,5,0,LOW
NSFAS006238,Kagiso Mahlangu,University of the Free State,Arts,2,40.0,47.0,1,4,80,HIGH
NSFAS006239,Mpho Dlamini,University of KwaZulu-Natal,Law,4,52.71,68.0,0,3,40,MEDIUM
NSFAS006240,Phumzile Zulu,North-West University,Education,4,95.0,87.0,1,3,0,LOW
NSFAS006241,Lerato Dlamini,University of KwaZulu-Natal,Law,4,75.0,95.0,1,0,0,LOW
NSFAS006242,Phumzile Mkhize,University of Johannesburg,Science,4,46.65,51.0,1,5,80,HIGH
NSFAS006243,Sipho Mahlangu,University of Cape Town,Engineering,4,40.0,55.0,4,3,100,HIGH
NSFAS006244,Sibusiso Mokoena,University of the Witwatersrand,Law,4,40.0,31.0,2,2,80,HIGH
NSFAS006245,Nomsa Dlamini,North-West University,Education,3,75.0,76.0,1,1,0,LOW
NSFAS006246,Themba Mabaso,University of Cape Town,Engineering,3,46.59,31.0,2,2,80,HIGH
NSFAS006247,Mpho Mhlongo,University of KwaZulu-Natal,Engineering,3,40.29,20.0,2,3,80,HIGH
NSFAS006248,Lerato Molefe,North-West University,Education,4,43.32,32.0,3,4,100,HIGH
NSFAS006249,Lerato Mahlangu,University of Stellenbosch,Law,3,65.92,59.0,3,0,60,HIGH
NSFAS006250,Sipho Khumalo,University of Stellenbosch,Science,1,44.83,22.0,4,2,100,HIGH
NSFAS006251,Lerato Zulu,University of the Witwatersrand,Arts,2,30.0,28.0,2,2,80,HIGH
NSFAS006252,Lerato Mokoena,North-West University,Law,2,51.03,84.0,0,2,0,LOW
NSFAS006253,Zanele Mkhize,University of Johannesburg,Engineering,2,40.0,0.0,2,5,80,HIGH
NSFAS006254,Kagiso Nkosi,University of KwaZulu-Natal,Education,2,71.69,81.0,0,5,0,LOW
NSFAS006255,Nokuthula Mokoena,University of Stellenbosch,Law,4,36.84,28.0,4,0,100,HIGH
NSFAS006256,Nokuthula Mthembu,University of Cape Town,Education,2,52.07,0.0,0,3,40,MEDIUM
NSFAS006257,Sipho Khumalo,University of the Witwatersrand,Education,1,50.88,76.0,0,2,0,LOW
NSFAS006258,Andile Khumalo,North-West University,Education,1,68.27,59.0,1,3,40,MEDIUM
NSFAS006259,Zanele Mthembu,University of Stellenbosch,Law,2,40.0,58.0,1,3,80,HIGH
NSFAS006260,Themba Dlamini,University of Stellenbosch,Arts,3,42.33,52.0,4,2,100,HIGH
NSFAS006261,Thabo Mkhize,University of Johannesburg,Law,3,42.33,55.0,1,5,80,HIGH
NSFAS006262,Themba Dlamini,University of Johannesburg,Education,3,56.2,82.0,0,4,0,LOW
NSFAS006263,Phumzile Dlamini,University of Pretoria,Education,4,75.0,81.0,0,4,0,LOW
NSFAS006264,Sibusiso Mokoena,University of the Witwatersrand,Law,4,62.73,82.0,1,5,0,LOW
NSFAS006265,Andile Mabaso,University of the Free State,Education,3,45.06,33.0,3,4,100,HIGH
NSFAS006266,Sibusiso Mkhize,University of the Witwatersrand,Engineering,4,50.19,64.0,0,1,40,MEDIUM
NSFAS006267,Thabo Mokoena,University of Stellenbosch,Commerce,2,40.0,55.0,2,3,80,HIGH
NSFAS006268,Nokuthula Mthethwa,University of Stellenbosch,Engineering,3,44.62,53.0,4,0,100,HIGH
NSFAS006269,Sibusiso Khumalo,University of the Free State,Education,3,75.0,75.0,1,1,0,LOW
NSFAS006270,Nomsa Mkhize,University of KwaZulu-Natal,Law,4,40.0,49.0,2,1,80,HIGH
NSFAS006271,Lerato Mokoena,University of the Witwatersrand,Commerce,4,30.0,58.0,1,1,80,HIGH
NSFAS006272,Nokuthula Mhlongo,University of Stellenbosch,Arts,3,40.0,24.0,1,1,80,HIGH
NSFAS006273,Sipho Molefe,University of Pretoria,Commerce,1,40.0,20.0,4,0,100,HIGH
NSFAS006274,Nokuthula Mokoena,University of the Free State,Commerce,4,40.0,37.0,1,2,80,HIGH
NSFAS006275,Tshepo Zulu,University of Johannesburg,Arts,4,44.87,26.0,4,5,100,HIGH
NSFAS006276,Tshepo Mokoena,University of the Free State,Science,1,75.0,84.0,0,4,0,LOW
NSFAS006277,Lindiwe Mahlangu,University of KwaZulu-Natal,Law,3,69.28,64.0,1,2,40,MEDIUM
NSFAS006278,Nomsa Mabaso,University of KwaZulu-Natal,Education,1,68.41,80.0,0,5,0,LOW
NSFAS006279,Nokuthula Molefe,University of Stellenbosch,Engineering,4,75.0,93.0,1,0,0,LOW
NSFAS006280,Andile Mthethwa,University of the Witwatersrand,Science,3,55.74,65.0,0,4,40,MEDIUM
NSFAS006281,Tshepo Khumalo,University of Cape Town,Science,2,50.21,72.0,0,2,0,LOW
NSFAS006282,Thabo Mokoena,University of the Free State,Arts,2,42.5,34.0,3,0,100,HIGH
NSFAS006283,Nokuthula Mthembu,University of KwaZulu-Natal,Law,2,75.0,95.0,0,4,0,LOW
NSFAS006284,Zanele Dlamini,University of Pretoria,Law,2,31.38,21.0,2,5,80,HIGH
NSFAS006285,Lerato Molefe,University of Pretoria,Engineering,4,40.0,51.0,2,0,80,HIGH
NSFAS006286,Themba Mthembu,University of the Free State,Education,4,58.07,62.0,1,2,40,MEDIUM
NSFAS006287,Mpho Mabaso,University of Cape Town,Science,3,75.0,95.0,1,2,0,LOW
NSFAS006288,Busisiwe Mthethwa,University of KwaZulu-Natal,Law,1,75.0,91.0,0,4,0,LOW
NSFAS006289,Busisiwe Dlamini,University of the Free State,Engineering,4,30.0,46.0,1,3,80,HIGH
NSFAS006290,Busisiwe Mkhize,University of the Witwatersrand,Engineering,4,41.57,32.0,1,2,80,HIGH
NSFAS006291,Zanele Molefe,University of the Free State,Commerce,2,60.32,70.0,1,3,0,LOW
NSFAS006292,Andile Khumalo,University of Cape Town,Law,4,40.0,36.0,1,1,80,HIGH
NSFAS006293,Nomsa Mthembu,North-West University,Education,1,59.8,76.0,0,4,0,LOW
NSFAS006294,Themba Molefe,University of Johannesburg,Commerce,2,75.0,75.0,1,0,0,LOW
NSFAS006295,Nokuthula Mthembu,University of the Free State,Engineering,1,57.28,77.0,1,5,0,LOW
NSFAS006296,Phumzile Dlamini,University of the Free State,Arts,2,48.81,42.0,4,3,100,HIGH
NSFAS006297,Sibusiso Nkosi,University of Pretoria,Commerce,1,42.28,64.0,1,1,80,HIGH
NSFAS006298,Lindiwe Ngcobo,University of Stellenbosch,Commerce,1,44.96,0.0,3,4,100,HIGH
NSFAS006299,Lindiwe Mhlongo,University of Johannesburg,Commerce,2,46.03,31.0,2,4,80,HIGH
NSFAS006300,Andile Molefe,University of Pretoria,Commerce,3,75.0,89.0,1,2,0,LOW
NSFAS006301,Kagiso Mhlongo,University of Pretoria,Arts,3,46.73,49.0,3,4,100,HIGH
NSFAS006302,Thabo Mhlongo,University of Cape Town,Education,1,75.0,91.0,0,4,0,LOW
NSFAS006303,Busisiwe Mthembu,University of Johannesburg,Commerce,1,75.0,79.0,0,1,0,LOW
NSFAS006304,Phumzile Mkhize,University of KwaZulu-Natal,Arts,2,40.0,58.0,2,1,80,HIGH
NSFAS006305,Themba Dlamini,University of Stellenbosch,Education,3,40.0,23.0,2,1,80,HIGH
NSFAS006306,Zanele Ngcobo,University of Pretoria,Education,1,37.5,28.0,3,0,100,HIGH
NSFAS006307,Sipho Nkosi,University of the Witwatersrand,Arts,2,30.0,31.0,2,1,80,HIGH
NSFAS006308,Lindiwe Zulu,University of the Witwatersrand,Education,2,47.16,55.0,2,4,80,HIGH
NSFAS006309,Busisiwe Molefe,University of Johannesburg,Education,2,71.68,79.0,1,0,0,LOW
NSFAS006310,Busisiwe Mahlangu,University of Pretoria,Law,2,40.0,59.0,4,4,100,HIGH
NSFAS006311,Lerato Mokoena,University of the Witwatersrand,Education,3,72.13,86.0,0,5,0,LOW
NSFAS006312,Mpho Zulu,University of Johannesburg,Commerce,1,30.0,57.0,1,5,80,HIGH
NSFAS006313,Nokuthula Mthembu,University of Johannesburg,Law,3,75.0,88.0,1,0,0,LOW
NSFAS006314,Nokuthula Zulu,University of Johannesburg,Science,4,52.05,85.0,1,1,0,LOW
NSFAS006315,Zanele Mabaso,North-West University,Education,1,67.11,77.0,1,3,0,LOW
NSFAS006316,Zanele Mabaso,University of the Free State,Commerce,1,48.63,29.0,2,4,80,HIGH
NSFAS006317,Thabo Molefe,University of Stellenbosch,Arts,4,41.05,35.0,3,3,100,HIGH
NSFAS006318,Lerato Khumalo,University of Pretoria,Engineering,4,46.35,0.0,3,1,100,HIGH
NSFAS006319,Sibusiso Mabaso,University of Pretoria,Arts,2,75.0,88.0,1,2,0,LOW
NSFAS006320,Lindiwe Khumalo,North-West University,Law,4,30.0,43.0,2,2,80,HIGH
NSFAS006321,Lerato Nkosi,University of Johannesburg,Arts,4,40.0,27.0,1,3,80,HIGH
NSFAS006322,Mpho Nkosi,North-West University,Commerce,2,75.0,95.0,1,2,0,LOW
NSFAS006323,Lindiwe Molefe,North-West University,Commerce,4,53.78,72.0,1,5,0,LOW
NSFAS006324,Andile Khumalo,University of the Witwatersrand,Engineering,2,65.82,71.0,0,0,0,LOW
NSFAS006325,Kagiso Mhlongo,University of the Free State,Arts,4,75.0,84.0,1,3,0,LOW
NSFAS006326,Nokuthula Mhlongo,University of Cape Town,Education,2,39.03,39.0,3,2,100,HIGH
NSFAS006327,Nomsa Mhlongo,University of the Witwatersrand,Commerce,3,40.0,34.0,4,5,100,HIGH
NSFAS006328,Nokuthula Mokoena,University of KwaZulu-Natal,Engineering,2,57.56,84.0,1,5,0,LOW
NSFAS006329,Busisiwe Mahlangu,University of Cape Town,Commerce,2,60.2,76.0,0,2,0,LOW
NSFAS006330,Sibusiso Mokoena,University of KwaZulu-Natal,Science,3,50.4,75.0,1,0,0,LOW
NSFAS006331,Sibusiso Mokoena,North-West University,Engineering,4,53.86,81.0,0,4,0,LOW
NSFAS006332,Themba Molefe,University of KwaZulu-Natal,Education,1,72.23,88.0,1,2,0,LOW
NSFAS006333,Sipho Molefe,University of Cape Town,Law,3,48.98,36.0,2,2,80,HIGH
NSFAS006334,Kagiso Mthembu,University of Johannesburg,Education,1,56.35,79.0,1,0,0,LOW
NSFAS006335,Nomsa Dlamini,University of the Witwatersrand,Arts,4,40.0,38.0,3,1,100,HIGH
NSFAS006336,Thabo Dlamini,University of Johannesburg,Engineering,2,75.0,95.0,0,5,0,LOW
NSFAS006337,Nokuthula Mabaso,North-West University,Science,2,40.0,21.0,1,2,80,HIGH
NSFAS006338,Mpho Dlamini,University of the Witwatersrand,Law,4,58.43,0.0,0,5,40,MEDIUM
NSFAS006339,Mpho Mthethwa,University of Pretoria,Engineering,1,46.73,53.0,2,2,80,HIGH
NSFAS006340,Busisiwe Mhlongo,University of Johannesburg,Law,3,75.0,76.0,0,2,0,LOW
NSFAS006341,Sipho Nkosi,University of the Free State,Arts,2,40.0,0.0,2,4,80,HIGH
NSFAS006342,Sibusiso Khumalo,University of Cape Town,Commerce,1,40.0,58.0,3,1,100,HIGH
NSFAS006343,Thabo Zulu,University of the Free State,Science,1,40.0,25.0,3,4,100,HIGH
NSFAS006344,Nomsa Nkosi,University of Cape Town,Engineering,3,75.0,95.0,1,5,0,LOW
NSFAS006345,Tshepo Zulu,University of KwaZulu-Natal,Engineering,1,49.35,33.0,1,4,80,HIGH
NSFAS006346,Kagiso Mthembu,University of Cape Town,Arts,3,48.47,0.0,0,0,80,HIGH
NSFAS006347,Themba Mthembu,University of Johannesburg,Science,3,75.0,0.0,1,2,40,MEDIUM
NSFAS006348,Kagiso Mhlongo,University of the Witwatersrand,Arts,2,72.98,78.0,1,5,0,LOW
NSFAS006349,Kagiso Nkosi,University of KwaZulu-Natal,Arts,2,40.0,33.0,3,2,100,HIGH
NSFAS006350,Phumzile Nkosi,University of Pretoria,Education,3,33.55,35.0,3,0,100,HIGH
NSFAS006351,Lindiwe Molefe,University of Cape Town,Education,4,64.86,0.0,1,0,40,MEDIUM
NSFAS006352,Lindiwe Mthembu,North-West University,Arts,2,42.52,64.0,1,5,80,HIGH
NSFAS006353,Sipho Mhlongo,University of Cape Town,Arts,4,64.48,78.0,0,2,0,LOW
NSFAS006354,Kagiso Khumalo,University of the Witwatersrand,Science,4,64.0,80.0,1,5,0,LOW
NSFAS006355,Themba Mthethwa,University of the Witwatersrand,Arts,2,40.0,23.0,4,4,100,HIGH
NSFAS006356,Lindiwe Khumalo,University of KwaZulu-Natal,Engineering,4,69.76,61.0,0,3,40,MEDIUM
NSFAS006357,Mpho Molefe,University of Pretoria,Arts,2,40.0,56.0,4,4,100,HIGH
NSFAS006358,Tshepo Ngcobo,University of Stellenbosch,Engineering,4,57.56,69.0,0,5,40,MEDIUM
NSFAS006359,Sipho Ngcobo,University of Cape Town,Education,2,52.63,57.0,3,0,60,HIGH
NSFAS006360,Zanele Nkosi,University of Pretoria,Arts,4,52.55,63.0,0,4,40,MEDIUM
NSFAS006361,Lerato Zulu,University of Cape Town,Engineering,4,40.0,24.0,4,0,100,HIGH
NSFAS006362,Mpho Mkhize,University of Pretoria,Law,2,40.0,48.0,3,0,100,HIGH
NSFAS006363,Thabo Dlamini,University of KwaZulu-Natal,Education,3,40.0,49.0,4,3,100,HIGH
NSFAS006364,Lerato Mthethwa,University of Stellenbosch,Arts,1,72.39,95.0,0,1,0,LOW
NSFAS006365,Andile Molefe,University of Cape Town,Commerce,2,75.0,94.0,0,2,0,LOW
NSFAS006366,Busisiwe Ngcobo,University of Pretoria,Science,3,67.71,62.0,1,3,40,MEDIUM
NSFAS006367,Zanele Ngcobo,University of the Witwatersrand,Commerce,1,39.68,40.0,4,2,100,HIGH
NSFAS006368,Thabo Nkosi,University of Stellenbosch,Engineering,4,40.0,46.0,2,3,80,HIGH
NSFAS006369,Sipho Mthethwa,University of Stellenbosch,Education,2,40.0,62.0,4,3,100,HIGH
NSFAS006370,Phumzile Dlamini,University of Cape Town,Engineering,2,75.0,81.0,0,3,0,LOW
NSFAS006371,Themba Mokoena,University of Pretoria,Engineering,2,40.0,58.0,3,5,100,HIGH
NSFAS006372,Phumzile Mkhize,University of the Free State,Engineering,3,30.0,38.0,2,1,80,HIGH
NSFAS006373,Sibusiso Mhlongo,North-West University,Law,2,30.0,28.0,1,3,80,HIGH
NSFAS006374,Themba Mthembu,University of the Free State,Engineering,3,49.0,58.0,3,4,100,HIGH
NSFAS006375,Lerato Ngcobo,University of Cape Town,Engineering,2,40.18,47.0,2,1,80,HIGH
NSFAS006376,Busisiwe Mahlangu,University of Pretoria,Arts,4,49.15,20.0,4,4,100,HIGH
NSFAS006377,Mpho Zulu,University of the Witwatersrand,Commerce,4,75.0,76.0,0,4,0,LOW
NSFAS006378,Lerato Mthethwa,University of Johannesburg,Engineering,1,40.0,63.0,2,1,80,HIGH
NSFAS006379,Kagiso Ngcobo,University of the Free State,Law,2,40.0,43.0,2,5,80,HIGH
NSFAS006380,Nokuthula Zulu,University of Stellenbosch,Education,2,47.38,61.0,1,0,80,HIGH
NSFAS006381,Tshepo Molefe,University of the Free State,Commerce,3,75.0,93.0,0,0,0,LOW
NSFAS006382,Sipho Mthethwa,University of the Free State,Education,3,40.0,22.0,4,4,100,HIGH
NSFAS006383,Phumzile Mahlangu,University of the Witwatersrand,Arts,4,30.0,45.0,1,3,80,HIGH
NSFAS006384,Nomsa Zulu,University of KwaZulu-Natal,Engineering,3,40.0,31.0,1,2,80,HIGH
NSFAS006385,Lerato Molefe,University of KwaZulu-Natal,Arts,1,75.0,78.0,0,0,0,LOW
NSFAS006386,Nomsa Mthembu,University of Stellenbosch,Arts,4,77.42,86.0,1,4,0,LOW
NSFAS006387,Sibusiso Mthembu,University of Cape Town,Law,2,50.69,63.0,1,2,40,MEDIUM
NSFAS006388,Busisiwe Mahlangu,University of Cape Town,Education,2,56.65,71.0,0,2,0,LOW
NSFAS006389,Mpho Zulu,University of KwaZulu-Natal,Law,1,73.59,87.0,1,0,0,LOW
NSFAS006390,Lindiwe Nkosi,University of Johannesburg,Engineering,2,58.15,75.0,0,3,0,LOW
NSFAS006391,Themba Dlamini,University of Pretoria,Law,1,75.0,75.0,1,3,0,LOW
NSFAS006392,Busisiwe Mkhize,North-West University,Science,2,40.0,0.0,2,2,80,HIGH
NSFAS006393,Kagiso Mahlangu,University of Cape Town,Engineering,4,40.0,46.0,2,5,80,HIGH
NSFAS006394,Lerato Mkhize,University of Johannesburg,Commerce,3,40.0,42.0,1,2,80,HIGH
NSFAS006395,Andile Mkhize,University of the Free State,Law,4,67.72,71.0,1,1,0,LOW
NSFAS006396,Nokuthula Nkosi,University of Cape Town,Arts,3,69.82,58.0,4,4,60,HIGH
NSFAS006397,Andile Mahlangu,University of the Free State,Education,3,75.0,76.0,0,1,0,LOW
NSFAS006398,Nomsa Mahlangu,University of Stellenbosch,Science,2,75.0,89.0,0,3,0,LOW
NSFAS006399,Tshepo Nkosi,University of Cape Town,Arts,1,40.96,46.0,1,3,80,HIGH
NSFAS006400,Lerato Molefe,North-West University,Arts,3,40.0,47.0,2,1,80,HIGH
NSFAS006401,Phumzile Mokoena,North-West University,Engineering,3,74.31,87.0,1,2,0,LOW
NSFAS006402,Tshepo Mahlangu,University of Cape Town,Science,4,75.0,83.0,0,0,0,LOW
NSFAS006403,Zanele Dlamini,University of Cape Town,Law,1,40.0,31.0,1,1,80,HIGH
NSFAS006404,Lindiwe Ngcobo,University of Cape Town,Commerce,4,74.86,86.0,1,2,0,LOW
NSFAS006405,Mpho Mkhize,University of KwaZulu-Natal,Arts,1,40.0,46.0,2,4,80,HIGH
NSFAS006406,Andile Molefe,University of Stellenbosch,Science,4,48.97,23.0,3,1,100,HIGH
NSFAS006407,Lerato Mthembu,University of Johannesburg,Engineering,4,59.14,82.0,0,0,0,LOW
NSFAS006408,Themba Mhlongo,University of Pretoria,Engineering,2,30.0,24.0,1,3,80,HIGH
NSFAS006409,Phumzile Mthembu,University of KwaZulu-Natal,Education,1,75.0,75.0,0,4,0,LOW
NSFAS006410,Andile Mabaso,University of Johannesburg,Education,1,80.36,94.0,1,5,0,LOW
NSFAS006411,Kagiso Molefe,University of the Free State,Law,4,30.0,42.0,4,2,100,HIGH
NSFAS006412,Nomsa Dlamini,University of the Witwatersrand,Law,2,75.0,95.0,0,1,0,LOW
NSFAS006413,Phumzile Mthembu,University of Johannesburg,Engineering,3,30.0,62.0,1,0,80,HIGH
NSFAS006414,Mpho Mhlongo,University of Johannesburg,Engineering,1,42.13,60.0,3,4,100,HIGH
NSFAS006415,Sibusiso Mthethwa,University of Pretoria,Commerce,3,40.0,36.0,4,4,100,HIGH
NSFAS006416,Sibusiso Molefe,University of Cape Town,Commerce,4,75.0,76.0,1,4,0,LOW
NSFAS006417,Zanele Nkosi,University of the Witwatersrand,Engineering,3,66.35,64.0,0,2,40,MEDIUM
NSFAS006418,Sipho Molefe,University of KwaZulu-Natal,Education,3,75.0,90.0,0,4,0,LOW
NSFAS006419,Mpho Ngcobo,University of Cape Town,Engineering,1,56.92,64.0,1,2,40,MEDIUM
NSFAS006420,Andile Mokoena,University of Cape Town,Education,3,64.51,55.0,4,1,60,HIGH
NSFAS006421,Andile Dlamini,University of KwaZulu-Natal,Law,1,55.39,67.0,0,3,40,MEDIUM
NSFAS006422,Nomsa Mhlongo,University of Pretoria,Law,4,30.0,22.0,1,3,80,HIGH
NSFAS006423,Thabo Mthethwa,North-West University,Education,3,61.5,78.0,1,4,0,LOW
NSFAS006424,Lindiwe Mthembu,University of the Witwatersrand,Education,4,75.0,95.0,1,5,0,LOW
NSFAS006425,Thabo Nkosi,University of the Witwatersrand,Engineering,4,51.41,68.0,0,0,40,MEDIUM
NSFAS006426,Lindiwe Mahlangu,University of Stellenbosch,Engineering,2,30.0,41.0,1,5,80,HIGH
NSFAS006427,Sibusiso Mhlongo,University of KwaZulu-Natal,Science,3,40.0,58.0,2,4,80,HIGH
NSFAS006428,Andile Mahlangu,University of Stellenbosch,Engineering,2,45.54,34.0,4,3,100,HIGH
NSFAS006429,Sibusiso Mthembu,University of the Witwatersrand,Science,3,40.0,22.0,4,4,100,HIGH
NSFAS006430,Themba Ngcobo,University of Pretoria,Law,4,48.06,49.0,3,5,100,HIGH
NSFAS006431,Sipho Mhlongo,University of KwaZulu-Natal,Education,2,75.0,78.0,0,5,0,LOW
NSFAS006432,Tshepo Mhlongo,University of Johannesburg,Engineering,3,40.0,48.0,2,4,80,HIGH
NSFAS006433,Lerato Khumalo,University of the Free State,Commerce,4,75.0,75.0,1,4,0,LOW
NSFAS006434,Tshepo Mabaso,University of the Free State,Science,4,60.27,76.0,0,1,0,LOW
NSFAS006435,Sipho Dlamini,University of Cape Town,Commerce,3,73.82,89.0,1,5,0,LOW
NSFAS006436,Lerato Dlamini,University of Pretoria,Science,4,75.0,95.0,1,4,0,LOW
NSFAS006437,Lerato Khumalo,University of Johannesburg,Science,1,30.0,37.0,2,1,80,HIGH
NSFAS006438,Phumzile Molefe,University of Cape Town,Education,1,32.47,65.0,2,4,80,HIGH
NSFAS006439,Lerato Zulu,University of the Free State,Science,3,41.55,25.0,2,5,80,HIGH
NSFAS006440,Mpho Mthethwa,University of the Free State,Engineering,4,46.46,62.0,1,3,80,HIGH
NSFAS006441,Phumzile Mabaso,University of the Witwatersrand,Arts,1,40.0,64.0,4,5,100,HIGH
NSFAS006442,Lindiwe Khumalo,University of the Witwatersrand,Commerce,1,30.0,32.0,3,5,100,HIGH
NSFAS006443,Lindiwe Nkosi,University of Cape Town,Arts,1,65.01,65.0,1,2,40,MEDIUM
NSFAS006444,Kagiso Nkosi,North-West University,Commerce,3,49.0,0.0,3,5,100,HIGH
NSFAS006445,Nokuthula Molefe,University of the Witwatersrand,Science,2,75.0,83.0,0,2,0,LOW
NSFAS006446,Lindiwe Molefe,University of the Witwatersrand,Science,2,75.0,84.0,1,4,0,LOW
NSFAS006447,Busisiwe Mhlongo,University of Cape Town,Law,3,68.94,70.0,0,1,0,LOW
NSFAS006448,Tshepo Khumalo,University of Johannesburg,Law,1,40.0,45.0,4,3,100,HIGH
NSFAS006449,Phumzile Mthethwa,University of KwaZulu-Natal,Commerce,3,40.78,34.0,3,0,100,HIGH
NSFAS006450,Mpho Mthethwa,University of Johannesburg,Science,1,46.6,44.0,4,4,100,HIGH
NSFAS006451,Busisiwe Ngcobo,North-West University,Commerce,2,40.0,56.0,3,3,100,HIGH
NSFAS006452,Tshepo Dlamini,University of Johannesburg,Science,1,53.47,66.0,0,5,40,MEDIUM
NSFAS006453,Lindiwe Khumalo,University of Cape Town,Arts,2,47.33,38.0,1,5,80,HIGH
NSFAS006454,Lindiwe Mthembu,University of KwaZulu-Natal,Law,4,68.55,82.0,1,0,0,LOW
NSFAS006455,Themba Mokoena,University of the Witwatersrand,Engineering,3,75.0,89.0,0,5,0,LOW
NSFAS006456,Lindiwe Mahlangu,University of Stellenbosch,Science,2,46.03,60.0,0,1,80,HIGH
NSFAS006457,Sibusiso Khumalo,University of Stellenbosch,Commerce,4,60.73,71.0,0,4,0,LOW
NSFAS006458,Themba Zulu,University of Johannesburg,Commerce,3,58.87,70.0,0,1,0,LOW
NSFAS006459,Thabo Khumalo,University of the Witwatersrand,Arts,2,75.0,77.0,1,3,0,LOW
NSFAS006460,Mpho Zulu,University of KwaZulu-Natal,Education,3,39.81,36.0,1,0,80,HIGH
NSFAS006461,Andile Mabaso,North-West University,Law,4,49.0,26.0,3,2,100,HIGH
NSFAS006462,Lerato Zulu,University of Johannesburg,Education,3,69.51,65.0,1,0,40,MEDIUM
NSFAS006463,Thabo Mahlangu,University of the Witwatersrand,Commerce,4,40.0,59.0,1,3,80,HIGH
NSFAS006464,Andile Nkosi,University of Pretoria,Science,1,75.0,79.0,1,3,0,LOW
NSFAS006465,Nomsa Dlamini,University of the Free State,Law,3,67.44,67.0,1,2,40,MEDIUM
NSFAS006466,Lerato Mkhize,North-West University,Education,2,75.0,89.0,1,2,0,LOW
NSFAS006467,Andile Khumalo,University of Johannesburg,Engineering,4,55.67,82.0,0,1,0,LOW
NSFAS006468,Themba Mokoena,University of Stellenbosch,Arts,2,51.3,60.0,1,2,40,MEDIUM
NSFAS006469,Sipho Mthethwa,University of KwaZulu-Natal,Engineering,3,40.0,43.0,3,5,100,HIGH
NSFAS006470,Lindiwe Mthembu,University of Cape Town,Education,3,40.0,31.0,2,3,80,HIGH
NSFAS006471,Tshepo Mhlongo,University of KwaZulu-Natal,Education,3,47.1,46.0,3,1,100,HIGH
NSFAS006472,Andile Zulu,University of Pretoria,Education,2,49.65,32.0,2,4,80,HIGH
NSFAS006473,Nomsa Khumalo,North-West University,Law,3,75.0,89.0,1,3,0,LOW
NSFAS006474,Busisiwe Mthembu,University of KwaZulu-Natal,Engineering,1,64.71,68.0,0,1,40,MEDIUM
NSFAS006475,Phumzile Dlamini,North-West University,Commerce,4,40.46,57.0,3,3,100,HIGH
NSFAS006476,Nomsa Khumalo,University of the Witwatersrand,Arts,4,40.0,41.0,1,5,80,HIGH
NSFAS006477,Mpho Mabaso,University of Pretoria,Education,4,30.26,50.0,2,4,80,HIGH
NSFAS006478,Andile Dlamini,University of the Free State,Commerce,3,52.98,61.0,1,4,40,MEDIUM
NSFAS006479,Sipho Khumalo,University of the Witwatersrand,Education,4,47.71,47.0,2,0,80,HIGH
NSFAS006480,Lindiwe Mabaso,University of Pretoria,Engineering,3,40.0,27.0,4,1,100,HIGH
NSFAS006481,Busisiwe Zulu,University of Johannesburg,Law,3,49.0,55.0,3,5,100,HIGH
NSFAS006482,Zanele Dlamini,University of KwaZulu-Natal,Science,2,40.0,55.0,3,3,100,HIGH
NSFAS006483,Busisiwe Mthembu,University of KwaZulu-Natal,Education,1,49.0,28.0,1,5,80,HIGH
NSFAS006484,Sibusiso Nkosi,North-West University,Law,3,49.0,54.0,3,2,100,HIGH
NSFAS006485,Sipho Dlamini,North-West University,Commerce,1,42.69,23.0,3,0,100,HIGH
NSFAS006486,Sipho Ngcobo,University of the Witwatersrand,Commerce,1,30.0,0.0,2,1,80,HIGH
NSFAS006487,Thabo Nkosi,North-West University,Commerce,2,49.0,22.0,2,5,80,HIGH
NSFAS006488,Zanele Mthethwa,University of Pretoria,Law,3,90.45,86.0,1,4,0,LOW
NSFAS006489,Sipho Ngcobo,University of the Witwatersrand,Engineering,4,49.0,25.0,2,5,80,HIGH
NSFAS006490,Zanele Mhlongo,University of Stellenbosch,Education,1,40.0,38.0,2,3,80,HIGH
NSFAS006491,Tshepo Mkhize,University of Pretoria,Science,4,70.91,78.0,0,5,0,LOW
NSFAS006492,Nokuthula Khumalo,University of Cape Town,Science,3,52.3,74.0,0,0,0,LOW
NSFAS006493,Lindiwe Mhlongo,University of Pretoria,Engineering,4,49.0,30.0,3,0,100,HIGH
NSFAS006494,Lerato Ngcobo,University of Johannesburg,Education,4,62.46,74.0,1,0,0,LOW
NSFAS006495,Mpho Mkhize,University of Pretoria,Arts,4,40.0,41.0,4,3,100,HIGH
NSFAS006496,Sipho Mthethwa,University of Stellenbosch,Law,2,69.48,62.0,0,0,40,MEDIUM
NSFAS006497,Sibusiso Mahlangu,University of the Witwatersrand,Commerce,4,40.0,42.0,2,0,80,HIGH
NSFAS006498,Nomsa Mahlangu,University of Stellenbosch,Commerce,1,40.0,45.0,1,0,80,HIGH
NSFAS006499,Themba Ngcobo,University of the Witwatersrand,Education,4,44.07,22.0,1,4,80,HIGH
NSFAS006500,Lindiwe Dlamini,University of the Witwatersrand,Arts,3,57.76,66.0,1,3,40,MEDIUM
NSFAS006501,Phumzile Mkhize,University of Johannesburg,Law,1,40.0,47.0,3,2,100,HIGH
NSFAS006502,Lindiwe Zulu,University of Cape Town,Arts,3,40.0,61.0,2,5,80,HIGH
NSFAS006503,Andile Molefe,University of Stellenbosch,Engineering,1,40.0,46.0,3,4,100,HIGH
NSFAS006504,Andile Molefe,University of Pretoria,Law,1,47.91,24.0,4,5,100,HIGH
NSFAS006505,Mpho Mkhize,University of Johannesburg,Arts,2,70.39,93.0,1,4,0,LOW
NSFAS006506,Lindiwe Mhlongo,University of KwaZulu-Natal,Law,2,47.54,60.0,1,2,80,HIGH
NSFAS006507,Nomsa Dlamini,University of Pretoria,Arts,1,75.0,75.0,1,4,0,LOW
NSFAS006508,Nokuthula Mhlongo,University of KwaZulu-Natal,Commerce,2,30.0,25.0,1,1,80,HIGH
NSFAS006509,Sibusiso Khumalo,University of the Free State,Science,1,75.0,78.0,0,2,0,LOW
NSFAS006510,Mpho Ngcobo,University of KwaZulu-Natal,Education,4,75.0,84.0,0,1,0,LOW
NSFAS006511,Lerato Mabaso,University of Cape Town,Law,3,49.0,51.0,2,3,80,HIGH
NSFAS006512,Sibusiso Mokoena,North-West University,Science,1,54.19,63.0,1,1,40,MEDIUM
NSFAS006513,Kagiso Mhlongo,University of Stellenbosch,Arts,4,42.08,64.0,1,0,80,HIGH
NSFAS006514,Andile Mokoena,University of Stellenbosch,Engineering,2,72.59,82.0,0,0,0,LOW
NSFAS006515,Phumzile Mabaso,University of KwaZulu-Natal,Law,2,43.37,35.0,2,5,80,HIGH
NSFAS006516,Tshepo Mkhize,University of Cape Town,Arts,1,75.0,88.0,0,5,0,LOW
NSFAS006517,Lerato Dlamini,University of KwaZulu-Natal,Education,2,46.82,43.0,1,1,80,HIGH
NSFAS006518,Thabo Khumalo,University of Johannesburg,Arts,2,40.0,52.0,4,1,100,HIGH
NSFAS006519,Sipho Mthembu,North-West University,Education,4,75.0,95.0,1,3,0,LOW
NSFAS006520,Sibusiso Dlamini,University of KwaZulu-Natal,Science,3,72.28,83.0,0,5,0,LOW
NSFAS006521,Nomsa Mthethwa,North-West University,Engineering,1,40.0,55.0,4,1,100,HIGH
NSFAS006522,Nomsa Ngcobo,University of Johannesburg,Commerce,3,75.0,95.0,1,1,0,LOW
NSFAS006523,Themba Khumalo,University of the Free State,Education,2,40.0,50.0,2,0,80,HIGH
NSFAS006524,Themba Ngcobo,University of Johannesburg,Education,4,40.0,61.0,4,5,100,HIGH
NSFAS006525,Mpho Khumalo,University of the Free State,Engineering,1,40.0,56.0,1,5,80,HIGH
NSFAS006526,Themba Khumalo,University of the Free State,Law,1,40.0,37.0,2,0,80,HIGH
NSFAS006527,Nokuthula Nkosi,University of the Witwatersrand,Education,4,40.0,21.0,2,3,80,HIGH
NSFAS006528,Andile Mthethwa,University of Pretoria,Arts,1,40.0,53.0,2,5,80,HIGH
NSFAS006529,Andile Mthembu,University of Pretoria,Arts,2,40.0,44.0,3,5,100,HIGH
NSFAS006530,Thabo Zulu,University of Pretoria,Arts,2,59.4,69.0,1,3,40,MEDIUM
NSFAS006531,Lerato Mabaso,University of the Free State,Law,4,75.0,0.0,0,0,40,MEDIUM
NSFAS006532,Lindiwe Nkosi,University of Stellenbosch,Arts,2,52.11,59.0,3,4,60,HIGH
NSFAS006533,Nokuthula Mkhize,University of Stellenbosch,Commerce,4,51.89,66.0,0,0,40,MEDIUM
NSFAS006534,Sipho Zulu,University of the Free State,Education,2,60.7,61.0,0,0,40,MEDIUM
NSFAS006535,Mpho Dlamini,University of the Witwatersrand,Arts,1,37.51,55.0,1,0,80,HIGH
NSFAS006536,Sibusiso Mthembu,University of Johannesburg,Science,4,75.0,95.0,1,4,0,LOW
NSFAS006537,Lerato Mthethwa,University of Pretoria,Law,4,40.0,42.0,1,4,80,HIGH
NSFAS006538,Lerato Mokoena,North-West University,Engineering,3,57.43,80.0,0,1,0,LOW
NSFAS006539,Sipho Molefe,University of KwaZulu-Natal,Engineering,1,40.0,38.0,1,2,80,HIGH
NSFAS006540,Sibusiso Mthembu,University of Pretoria,Commerce,1,75.0,81.0,1,2,0,LOW
NSFAS006541,Kagiso Mokoena,University of Cape Town,Law,1,40.0,45.0,1,2,80,HIGH
NSFAS006542,Kagiso Molefe,University of the Witwatersrand,Law,3,30.0,42.0,4,2,100,HIGH
NSFAS006543,Mpho Mokoena,North-West University,Science,1,67.14,84.0,0,4,0,LOW
NSFAS006544,Nokuthula Mthembu,University of Cape Town,Commerce,2,40.0,36.0,3,1,100,HIGH
NSFAS006545,Mpho Nkosi,University of the Witwatersrand,Arts,2,51.72,80.0,0,0,0,LOW
NSFAS006546,Andile Mkhize,University of the Free State,Law,3,40.0,46.0,4,0,100,HIGH
NSFAS006547,Nomsa Mhlongo,University of Pretoria,Commerce,2,54.95,65.0,0,0,40,MEDIUM
NSFAS006548,Phumzile Molefe,University of Pretoria,Commerce,2,40.0,62.0,1,1,80,HIGH
NSFAS006549,Thabo Khumalo,University of Stellenbosch,Education,1,75.0,85.0,1,1,0,LOW
NSFAS006550,Nokuthula Mokoena,University of Cape Town,Law,2,40.0,52.0,2,2,80,HIGH
NSFAS006551,Nomsa Mahlangu,University of KwaZulu-Natal,Arts,1,30.0,24.0,3,5,100,HIGH
NSFAS006552,Zanele Mabaso,University of the Free State,Arts,3,61.55,77.0,0,1,0,LOW
NSFAS006553,Lerato Zulu,University of Pretoria,Law,3,58.35,82.0,0,0,0,LOW
NSFAS006554,Mpho Mahlangu,University of the Witwatersrand,Engineering,1,75.0,85.0,0,2,0,LOW
NSFAS006555,Nokuthula Mabaso,University of Johannesburg,Science,4,40.35,57.0,2,1,80,HIGH
NSFAS006556,Busisiwe Mkhize,University of KwaZulu-Natal,Arts,1,75.0,81.0,0,5,0,LOW
NSFAS006557,Zanele Khumalo,University of Johannesburg,Arts,4,47.63,51.0,1,5,80,HIGH
NSFAS006558,Tshepo Ngcobo,University of KwaZulu-Natal,Science,3,51.32,63.0,0,2,40,MEDIUM
NSFAS006559,Mpho Mkhize,University of KwaZulu-Natal,Arts,2,49.0,64.0,0,3,80,HIGH
NSFAS006560,Phumzile Ngcobo,University of Cape Town,Law,1,58.13,70.0,0,2,0,LOW
NSFAS006561,Zanele Mhlongo,University of Pretoria,Education,2,75.0,95.0,0,1,0,LOW
NSFAS006562,Lerato Zulu,University of Johannesburg,Arts,1,30.0,57.0,4,1,100,HIGH
NSFAS006563,Andile Mahlangu,University of the Witwatersrand,Education,1,75.0,92.0,1,0,0,LOW
NSFAS006564,Nomsa Mthethwa,North-West University,Commerce,1,30.0,22.0,1,5,80,HIGH
NSFAS006565,Busisiwe Molefe,University of Stellenbosch,Science,2,75.0,90.0,0,3,0,LOW
NSFAS006566,Sipho Mahlangu,North-West University,Science,2,40.0,27.0,3,3,100,HIGH
NSFAS006567,Nokuthula Zulu,University of the Free State,Science,1,42.28,39.0,4,1,100,HIGH
NSFAS006568,Mpho Mkhize,University of Cape Town,Education,3,51.18,55.0,3,3,60,HIGH
NSFAS006569,Sipho Molefe,University of Johannesburg,Arts,1,75.0,80.0,0,5,0,LOW
NSFAS006570,Mpho Khumalo,University of Cape Town,Commerce,2,45.37,59.0,2,2,80,HIGH
NSFAS006571,Sipho Mabaso,University of Stellenbosch,Commerce,4,40.0,32.0,2,0,80,HIGH
NSFAS006572,Kagiso Mhlongo,University of KwaZulu-Natal,Commerce,4,40.0,59.0,4,3,100,HIGH
NSFAS006573,Zanele Mkhize,University of Pretoria,Engineering,1,63.81,75.0,1,0,0,LOW
NSFAS006574,Kagiso Ngcobo,University of the Witwatersrand,Law,4,75.0,81.0,0,2,0,LOW
NSFAS006575,Zanele Molefe,University of Johannesburg,Education,2,75.0,80.0,0,2,0,LOW
NSFAS006576,Phumzile Zulu,University of the Witwatersrand,Engineering,3,30.0,49.0,2,0,80,HIGH
NSFAS006577,Thabo Zulu,University of the Witwatersrand,Education,4,40.0,21.0,3,0,100,HIGH
NSFAS006578,Lerato Mthembu,University of Johannesburg,Law,3,40.0,57.0,2,4,80,HIGH
NSFAS006579,Nokuthula Nkosi,University of Pretoria,Engineering,3,49.0,22.0,4,1,100,HIGH
NSFAS006580,Lindiwe Dlamini,University of Cape Town,Arts,1,70.52,82.0,1,1,0,LOW
NSFAS006581,Thabo Mhlongo,University of Pretoria,Law,4,75.0,95.0,0,1,0,LOW
NSFAS006582,Lerato Nkosi,University of KwaZulu-Natal,Education,2,40.0,25.0,4,1,100,HIGH
NSFAS006583,Sipho Khumalo,University of KwaZulu-Natal,Commerce,2,30.0,20.0,3,1,100,HIGH
NSFAS006584,Phumzile Mabaso,University of the Free State,Education,3,65.75,55.0,2,3,40,MEDIUM
NSFAS006585,Kagiso Nkosi,University of the Witwatersrand,Education,1,40.0,46.0,1,1,80,HIGH
NSFAS006586,Zanele Mthembu,University of the Free State,Engineering,3,30.0,33.0,1,0,80,HIGH
NSFAS006587,Mpho Mthembu,University of Johannesburg,Commerce,1,75.0,94.0,0,5,0,LOW
NSFAS006588,Themba Zulu,North-West University,Engineering,2,95.0,78.0,1,0,0,LOW
NSFAS006589,Themba Mabaso,University of Johannesburg,Education,2,73.81,82.0,0,2,0,LOW
NSFAS006590,Lindiwe Mahlangu,University of Pretoria,Law,2,66.96,63.0,0,2,40,MEDIUM
NSFAS006591,Sibusiso Molefe,University of Cape Town,Arts,4,40.0,63.0,2,1,80,HIGH
NSFAS006592,Zanele Mthethwa,North-West University,Education,4,75.0,77.0,0,4,0,LOW
NSFAS006593,Andile Nkosi,University of the Free State,Engineering,4,75.0,95.0,1,2,0,LOW
NSFAS006594,Busisiwe Mokoena,University of Pretoria,Arts,2,40.0,50.0,2,0,80,HIGH
NSFAS006595,Thabo Nkosi,University of the Free State,Science,2,69.53,58.0,4,5,60,HIGH
NSFAS006596,Tshepo Mokoena,University of the Witwatersrand,Engineering,2,40.0,29.0,2,5,80,HIGH
NSFAS006597,Nomsa Mhlongo,North-West University,Arts,3,42.83,41.0,4,0,100,HIGH
NSFAS006598,Zanele Mokoena,University of the Free State,Law,2,40.0,35.0,3,4,100,HIGH
NSFAS006599,Andile Ngcobo,University of Johannesburg,Education,4,30.0,21.0,3,3,100,HIGH
NSFAS006600,Thabo Mthembu,University of Cape Town,Law,4,75.0,84.0,1,0,0,LOW
NSFAS006601,Themba Nkosi,University of KwaZulu-Natal,Science,1,40.0,51.0,1,0,80,HIGH
NSFAS006602,Sibusiso Ngcobo,University of Cape Town,Engineering,2,40.0,28.0,3,2,100,HIGH
NSFAS006603,Kagiso Mthethwa,University of KwaZulu-Natal,Education,1,40.0,43.0,3,4,100,HIGH
NSFAS006604,Nokuthula Mokoena,University of KwaZulu-Natal,Law,4,41.15,52.0,3,2,100,HIGH
NSFAS006605,Zanele Mhlongo,University of the Witwatersrand,Arts,3,54.56,62.0,0,5,40,MEDIUM
NSFAS006606,Thabo Dlamini,University of Johannesburg,Commerce,4,75.0,87.0,0,3,0,LOW
NSFAS006607,Kagiso Mhlongo,University of KwaZulu-Natal,Education,4,40.0,41.0,4,2,100,HIGH
NSFAS006608,Lerato Dlamini,University of Pretoria,Law,4,70.53,84.0,0,4,0,LOW
NSFAS006609,Mpho Mthethwa,University of Stellenbosch,Education,1,56.2,58.0,1,1,40,MEDIUM
NSFAS006610,Phumzile Mabaso,University of Pretoria,Arts,4,50.86,83.0,0,2,0,LOW
NSFAS006611,Busisiwe Khumalo,University of Johannesburg,Engineering,1,52.76,60.0,1,1,40,MEDIUM
NSFAS006612,Themba Mthethwa,University of Pretoria,Education,1,75.0,95.0,0,2,0,LOW
NSFAS006613,Lerato Zulu,North-West University,Commerce,3,53.96,67.0,1,3,40,MEDIUM
NSFAS006614,Nomsa Molefe,University of the Free State,Science,4,75.0,95.0,0,4,0,LOW
NSFAS006615,Themba Dlamini,University of Johannesburg,Arts,2,75.0,92.0,0,1,0,LOW
NSFAS006616,Lindiwe Molefe,North-West University,Commerce,2,75.0,93.0,1,0,0,LOW
NSFAS006617,Nomsa Mhlongo,University of Pretoria,Education,3,40.0,49.0,2,4,80,HIGH
NSFAS006618,Lerato Mokoena,University of Johannesburg,Law,1,75.0,89.0,1,0,0,LOW
NSFAS006619,Andile Molefe,University of KwaZulu-Natal,Engineering,1,44.58,51.0,3,4,100,HIGH
NSFAS006620,Andile Molefe,University of Johannesburg,Commerce,1,63.77,56.0,3,5,60,HIGH
NSFAS006621,Kagiso Mthethwa,University of the Free State,Engineering,2,75.0,94.0,0,3,0,LOW
NSFAS006622,Themba Mhlongo,University of the Witwatersrand,Arts,2,60.56,65.0,0,5,40,MEDIUM
NSFAS006623,Andile Molefe,University of Johannesburg,Arts,4,59.98,72.0,1,3,0,LOW
NSFAS006624,Tshepo Mthembu,University of the Witwatersrand,Arts,2,40.0,36.0,1,4,80,HIGH
NSFAS006625,Lindiwe Mahlangu,University of the Free State,Law,4,75.0,86.0,1,0,0,LOW
NSFAS006626,Themba Ngcobo,University of Johannesburg,Arts,1,40.0,29.0,3,3,100,HIGH
NSFAS006627,Andile Mokoena,University of Stellenbosch,Arts,4,40.0,24.0,4,4,100,HIGH
NSFAS006628,Tshepo Khumalo,University of Johannesburg,Science,1,46.52,0.0,2,5,80,HIGH
NSFAS006629,Phumzile Mokoena,University of the Free State,Commerce,1,40.0,26.0,3,4,100,HIGH
NSFAS006630,Nokuthula Mokoena,University of Pretoria,Engineering,3,33.32,65.0,2,1,80,HIGH
NSFAS006631,Andile Mhlongo,North-West University,Science,4,75.0,95.0,0,1,0,LOW
NSFAS006632,Sipho Zulu,University of Cape Town,Engineering,2,30.0,28.0,2,2,80,HIGH
NSFAS006633,Thabo Mhlongo,University of Johannesburg,Arts,3,30.0,30.0,3,0,100,HIGH
NSFAS006634,Kagiso Mthembu,University of Cape Town,Commerce,4,73.39,91.0,1,0,0,LOW
NSFAS006635,Mpho Dlamini,University of Stellenbosch,Law,3,68.92,69.0,0,4,40,MEDIUM
NSFAS006636,Zanele Mkhize,University of Stellenbosch,Education,1,40.0,0.0,2,5,80,HIGH
NSFAS006637,Andile Mabaso,University of KwaZulu-Natal,Commerce,2,43.43,28.0,3,3,100,HIGH
NSFAS006638,Lindiwe Dlamini,University of Stellenbosch,Arts,4,30.0,51.0,1,4,80,HIGH
NSFAS006639,Andile Mthembu,University of KwaZulu-Natal,Engineering,2,75.0,91.0,0,1,0,LOW
NSFAS006640,Sibusiso Mkhize,University of KwaZulu-Natal,Science,2,52.75,55.0,2,0,40,MEDIUM
NSFAS006641,Kagiso Mkhize,University of Cape Town,Law,2,75.0,92.0,0,2,0,LOW
NSFAS006642,Thabo Dlamini,University of the Free State,Law,1,40.0,0.0,4,4,100,HIGH
NSFAS006643,Phumzile Mabaso,University of Johannesburg,Engineering,1,40.0,45.0,4,1,100,HIGH
NSFAS006644,Phumzile Mhlongo,North-West University,Arts,3,40.0,41.0,1,3,80,HIGH
NSFAS006645,Sipho Khumalo,University of Cape Town,Education,4,69.41,57.0,4,5,60,HIGH
NSFAS006646,Sibusiso Zulu,University of KwaZulu-Natal,Education,4,47.23,23.0,2,3,80,HIGH
NSFAS006647,Nomsa Ngcobo,University of the Witwatersrand,Education,4,66.52,78.0,1,5,0,LOW
NSFAS006648,Sipho Ngcobo,University of Cape Town,Law,4,75.0,90.0,0,2,0,LOW
NSFAS006649,Tshepo Mahlangu,University of Johannesburg,Arts,4,49.0,54.0,4,3,100,HIGH
NSFAS006650,Nokuthula Mabaso,University of the Free State,Commerce,2,30.0,48.0,3,3,100,HIGH
NSFAS006651,Zanele Mkhize,University of the Free State,Engineering,4,60.0,84.0,0,1,0,LOW
NSFAS006652,Sibusiso Mkhize,North-West University,Commerce,4,75.0,95.0,1,1,0,LOW
NSFAS006653,Sibusiso Mokoena,University of the Witwatersrand,Engineering,1,49.0,56.0,2,1,80,HIGH
NSFAS006654,Lindiwe Molefe,University of the Free State,Arts,4,40.0,36.0,1,4,80,HIGH
NSFAS006655,Busisiwe Dlamini,University of KwaZulu-Natal,Arts,3,71.8,95.0,1,3,0,LOW
NSFAS006656,Busisiwe Ngcobo,University of the Free State,Law,1,68.28,78.0,0,2,0,LOW
NSFAS006657,Nomsa Mabaso,University of Cape Town,Arts,2,40.0,51.0,3,0,100,HIGH
NSFAS006658,Lerato Khumalo,University of the Witwatersrand,Arts,1,66.9,74.0,0,2,0,LOW
NSFAS006659,Themba Molefe,University of Cape Town,Engineering,4,66.09,67.0,1,2,40,MEDIUM
NSFAS006660,Busisiwe Mabaso,University of the Free State,Law,1,42.17,63.0,3,5,100,HIGH
NSFAS006661,Busisiwe Ngcobo,University of KwaZulu-Natal,Engineering,3,74.67,82.0,1,2,0,LOW
NSFAS006662,Lindiwe Mahlangu,University of KwaZulu-Natal,Arts,2,75.0,78.0,0,2,0,LOW
NSFAS006663,Kagiso Mhlongo,University of KwaZulu-Natal,Law,4,34.2,46.0,1,1,80,HIGH
NSFAS006664,Zanele Mabaso,University of Cape Town,Law,2,40.0,28.0,2,4,80,HIGH
NSFAS006665,Lerato Nkosi,University of the Witwatersrand,Education,3,59.81,60.0,0,0,40,MEDIUM
NSFAS006666,Kagiso Dlamini,University of Johannesburg,Arts,2,67.89,80.0,0,4,0,LOW
NSFAS006667,Sibusiso Mabaso,University of the Free State,Arts,3,62.06,59.0,2,0,40,MEDIUM
NSFAS006668,Sibusiso Dlamini,North-West University,Commerce,1,40.0,46.0,3,5,100,HIGH
NSFAS006669,Lerato Dlamini,North-West University,Commerce,2,59.91,69.0,0,3,40,MEDIUM
NSFAS006670,Thabo Zulu,University of the Witwatersrand,Commerce,4,31.16,33.0,4,5,100,HIGH
NSFAS006671,Phumzile Molefe,University of Stellenbosch,Education,4,75.0,90.0,1,4,0,LOW
NSFAS006672,Lindiwe Zulu,University of Stellenbosch,Engineering,4,65.49,61.0,0,4,40,MEDIUM
NSFAS006673,Phumzile Mahlangu,North-West University,Education,2,75.0,85.0,0,1,0,LOW
NSFAS006674,Kagiso Ngcobo,University of the Free State,Science,2,31.38,34.0,4,5,100,HIGH
NSFAS006675,Lindiwe Ngcobo,University of Johannesburg,Science,1,40.0,44.0,4,1,100,HIGH
NSFAS006676,Sipho Mahlangu,University of Stellenbosch,Education,2,75.0,95.0,0,0,0,LOW
NSFAS006677,Zanele Mthethwa,University of Stellenbosch,Commerce,1,75.0,95.0,0,3,0,LOW
NSFAS006678,Busisiwe Mahlangu,University of Stellenbosch,Commerce,1,40.0,40.0,4,4,100,HIGH
NSFAS006679,Lerato Mabaso,North-West University,Science,1,73.42,92.0,0,3,0,LOW
NSFAS006680,Phumzile Khumalo,University of the Free State,Education,1,62.8,78.0,1,4,0,LOW
NSFAS006681,Tshepo Mthembu,University of KwaZulu-Natal,Science,1,49.0,63.0,1,0,80,HIGH
NSFAS006682,Thabo Ngcobo,University of Stellenbosch,Science,2,40.0,44.0,1,2,80,HIGH
NSFAS006683,Busisiwe Mthethwa,North-West University,Engineering,4,62.06,62.0,1,0,40,MEDIUM
NSFAS006684,Mpho Mabaso,University of the Free State,Commerce,1,75.0,95.0,1,1,0,LOW
NSFAS006685,Nokuthula Zulu,University of the Witwatersrand,Education,2,75.0,95.0,1,2,0,LOW
NSFAS006686,Mpho Mahlangu,University of the Free State,Arts,1,52.44,72.0,1,1,0,LOW
NSFAS006687,Sipho Mahlangu,University of Johannesburg,Science,4,75.0,95.0,0,0,0,LOW
NSFAS006688,Zanele Zulu,University of Stellenbosch,Science,3,75.0,0.0,1,1,40,MEDIUM
NSFAS006689,Mpho Ngcobo,University of Stellenbosch,Law,3,53.51,76.0,0,3,0,LOW
NSFAS006690,Phumzile Khumalo,University of KwaZulu-Natal,Law,4,75.0,77.0,0,3,0,LOW
NSFAS006691,Zanele Mthembu,North-West University,Commerce,3,49.0,52.0,2,5,80,HIGH
NSFAS006692,Busisiwe Mthethwa,University of Johannesburg,Education,4,40.0,41.0,4,0,100,HIGH
NSFAS006693,Tshepo Mkhize,University of Pretoria,Arts,3,75.0,88.0,1,5,0,LOW
NSFAS006694,Andile Mkhize,University of Johannesburg,Law,3,40.0,35.0,2,3,80,HIGH
NSFAS006695,Themba Mahlangu,University of Pretoria,Education,2,73.09,76.0,0,3,0,LOW
NSFAS006696,Lindiwe Mthethwa,University of KwaZulu-Natal,Law,3,62.77,80.0,1,2,0,LOW
NSFAS006697,Tshepo Mthembu,North-West University,Science,3,55.68,84.0,0,1,0,LOW
NSFAS006698,Kagiso Mthethwa,North-West University,Science,4,30.0,26.0,4,5,100,HIGH
NSFAS006699,Kagiso Ngcobo,University of Pretoria,Education,2,43.71,50.0,2,5,80,HIGH
NSFAS006700,Kagiso Mahlangu,University of the Free State,Science,1,50.48,71.0,0,2,0,LOW
NSFAS006701,Kagiso Nkosi,University of the Free State,Commerce,2,75.0,95.0,0,2,0,LOW
NSFAS006702,Lerato Zulu,University of the Witwatersrand,Science,3,85.51,95.0,1,4,0,LOW
NSFAS006703,Tshepo Molefe,University of Pretoria,Arts,3,44.38,64.0,4,3,100,HIGH
NSFAS006704,Sipho Mthembu,University of the Witwatersrand,Education,4,30.0,55.0,3,4,100,HIGH
NSFAS006705,Lerato Ngcobo,University of Cape Town,Science,3,49.0,29.0,4,1,100,HIGH
NSFAS006706,Mpho Nkosi,University of Johannesburg,Science,1,67.37,67.0,1,3,40,MEDIUM
NSFAS006707,Busisiwe Molefe,University of Cape Town,Arts,4,30.0,41.0,2,5,80,HIGH
NSFAS006708,Andile Khumalo,University of KwaZulu-Natal,Science,4,30.0,49.0,4,3,100,HIGH
NSFAS006709,Lindiwe Mhlongo,University of Johannesburg,Commerce,2,69.52,62.0,0,5,40,MEDIUM
NSFAS006710,Mpho Nkosi,University of Cape Town,Education,1,40.0,51.0,1,3,80,HIGH
NSFAS006711,Busisiwe Dlamini,University of the Free State,Arts,1,57.82,56.0,4,5,60,HIGH
NSFAS006712,Thabo Mhlongo,University of KwaZulu-Natal,Commerce,3,40.0,45.0,1,3,80,HIGH
NSFAS006713,Sipho Dlamini,University of Johannesburg,Law,2,49.0,44.0,3,2,100,HIGH
NSFAS006714,Busisiwe Mabaso,University of the Free State,Arts,2,38.92,37.0,3,5,100,HIGH
NSFAS006715,Andile Mokoena,University of KwaZulu-Natal,Science,1,65.67,76.0,0,3,0,LOW
NSFAS006716,Lindiwe Mokoena,University of Johannesburg,Science,3,52.9,68.0,0,5,40,MEDIUM
NSFAS006717,Lerato Khumalo,University of the Witwatersrand,Science,1,73.43,92.0,0,2,0,LOW
NSFAS006718,Sibusiso Mhlongo,University of Pretoria,Science,4,82.87,95.0,0,3,0,LOW
NSFAS006719,Lindiwe Mokoena,University of Stellenbosch,Law,4,40.0,59.0,3,5,100,HIGH
NSFAS006720,Phumzile Zulu,North-West University,Science,1,65.05,78.0,1,5,0,LOW
NSFAS006721,Themba Nkosi,North-West University,Engineering,4,40.0,54.0,4,3,100,HIGH
NSFAS006722,Themba Mahlangu,University of KwaZulu-Natal,Science,3,40.0,37.0,4,1,100,HIGH
NSFAS006723,Thabo Ngcobo,University of Johannesburg,Commerce,4,47.8,62.0,1,4,80,HIGH
NSFAS006724,Themba Mahlangu,University of Johannesburg,Commerce,1,40.0,39.0,3,2,100,HIGH
NSFAS006725,Tshepo Mthembu,University of Pretoria,Arts,3,40.0,51.0,4,1,100,HIGH
NSFAS006726,Kagiso Mahlangu,University of the Witwatersrand,Education,4,62.86,70.0,0,0,0,LOW
NSFAS006727,Sibusiso Mahlangu,University of Stellenbosch,Engineering,4,40.0,21.0,1,5,80,HIGH
NSFAS006728,Themba Mabaso,University of KwaZulu-Natal,Arts,2,75.0,95.0,1,5,0,LOW
NSFAS006729,Sipho Mthembu,University of the Witwatersrand,Education,1,49.0,48.0,1,3,80,HIGH
NSFAS006730,Themba Mahlangu,University of KwaZulu-Natal,Arts,3,40.0,63.0,4,3,100,HIGH
NSFAS006731,Nomsa Nkosi,North-West University,Law,3,75.0,88.0,1,2,0,LOW
NSFAS006732,Sipho Molefe,University of the Witwatersrand,Science,1,41.84,21.0,1,2,80,HIGH
NSFAS006733,Nokuthula Mthembu,University of Cape Town,Arts,3,40.0,31.0,2,0,80,HIGH
NSFAS006734,Themba Dlamini,University of Pretoria,Education,3,43.58,65.0,4,4,100,HIGH
NSFAS006735,Tshepo Mthembu,University of Johannesburg,Arts,4,57.67,84.0,0,0,0,LOW
NSFAS006736,Andile Mahlangu,University of the Witwatersrand,Engineering,1,40.0,61.0,3,1,100,HIGH
NSFAS006737,Thabo Dlamini,University of KwaZulu-Natal,Law,3,63.54,79.0,1,1,0,LOW
NSFAS006738,Mpho Mthethwa,University of KwaZulu-Natal,Engineering,4,75.0,88.0,0,4,0,LOW
NSFAS006739,Nomsa Molefe,University of Pretoria,Education,3,41.78,48.0,4,0,100,HIGH
NSFAS006740,Lerato Mkhize,University of Cape Town,Education,3,75.0,89.0,1,2,0,LOW
NSFAS006741,Kagiso Mhlongo,University of Stellenbosch,Law,4,49.0,23.0,2,1,80,HIGH
NSFAS006742,Phumzile Mhlongo,University of Pretoria,Commerce,1,40.0,48.0,1,0,80,HIGH
NSFAS006743,Phumzile Mokoena,North-West University,Commerce,4,72.38,87.0,1,1,0,LOW
NSFAS006744,Andile Dlamini,University of Cape Town,Arts,1,48.2,37.0,3,4,100,HIGH
NSFAS006745,Sipho Molefe,University of KwaZulu-Natal,Arts,4,47.85,49.0,1,2,80,HIGH
NSFAS006746,Lindiwe Mahlangu,University of the Witwatersrand,Science,2,66.39,65.0,0,4,40,MEDIUM
NSFAS006747,Phumzile Ngcobo,University of Johannesburg,Engineering,3,63.5,66.0,0,1,40,MEDIUM
NSFAS006748,Themba Nkosi,University of Pretoria,Science,1,40.0,28.0,2,0,80,HIGH
NSFAS006749,Thabo Mthethwa,University of KwaZulu-Natal,Commerce,4,69.35,78.0,1,2,0,LOW
NSFAS006750,Themba Mabaso,University of the Free State,Science,2,49.16,60.0,0,3,80,HIGH
NSFAS006751,Tshepo Mahlangu,University of Pretoria,Education,3,51.46,60.0,1,4,40,MEDIUM
NSFAS006752,Nokuthula Mahlangu,University of Pretoria,Arts,4,40.0,26.0,4,0,100,HIGH
NSFAS006753,Andile Mahlangu,University of Johannesburg,Engineering,3,47.72,29.0,3,5,100,HIGH
NSFAS006754,Thabo Nkosi,University of Stellenbosch,Arts,3,40.0,59.0,1,4,80,HIGH
NSFAS006755,Sipho Mthethwa,University of Johannesburg,Education,2,49.24,37.0,3,3,100,HIGH
NSFAS006756,Andile Ngcobo,University of the Witwatersrand,Commerce,4,40.0,23.0,4,2,100,HIGH
NSFAS006757,Thabo Mkhize,University of Johannesburg,Arts,2,40.0,62.0,2,4,80,HIGH
NSFAS006758,Sipho Mkhize,University of Johannesburg,Education,4,66.76,69.0,1,0,40,MEDIUM
NSFAS006759,Sibusiso Khumalo,University of KwaZulu-Natal,Engineering,1,75.0,78.0,1,2,0,LOW
NSFAS006760,Sibusiso Mthembu,University of the Free State,Arts,2,71.76,93.0,1,3,0,LOW
NSFAS006761,Themba Molefe,University of the Free State,Education,3,95.0,84.0,1,1,0,LOW
NSFAS006762,Sibusiso Zulu,University of Johannesburg,Science,1,30.0,31.0,3,0,100,HIGH
NSFAS006763,Lerato Nkosi,University of the Free State,Commerce,2,75.0,95.0,1,1,0,LOW
NSFAS006764,Sipho Ngcobo,University of Johannesburg,Commerce,2,42.38,49.0,1,4,80,HIGH
NSFAS006765,Nokuthula Mokoena,University of the Witwatersrand,Arts,4,30.0,57.0,1,0,80,HIGH
NSFAS006766,Phumzile Mthethwa,University of Cape Town,Science,1,60.2,73.0,1,4,0,LOW
NSFAS006767,Nokuthula Zulu,University of KwaZulu-Natal,Science,2,40.0,28.0,1,4,80,HIGH
NSFAS006768,Sibusiso Dlamini,University of Johannesburg,Law,3,40.0,39.0,4,2,100,HIGH
NSFAS006769,Zanele Dlamini,University of Cape Town,Arts,2,45.44,40.0,4,2,100,HIGH
NSFAS006770,Lerato Mokoena,University of Pretoria,Education,3,65.38,85.0,0,2,0,LOW
NSFAS006771,Busisiwe Nkosi,University of the Free State,Engineering,4,54.16,76.0,1,4,0,LOW
NSFAS006772,Lerato Nkosi,University of the Free State,Science,2,50.76,65.0,0,2,40,MEDIUM
NSFAS006773,Zanele Dlamini,University of the Free State,Law,4,75.0,85.0,1,4,0,LOW
NSFAS006774,Zanele Zulu,University of Johannesburg,Science,2,42.78,37.0,1,3,80,HIGH
NSFAS006775,Sipho Khumalo,North-West University,Law,1,66.78,72.0,1,1,0,LOW
NSFAS006776,Andile Ngcobo,University of the Witwatersrand,Arts,4,75.0,95.0,0,1,0,LOW
NSFAS006777,Tshepo Khumalo,North-West University,Law,4,95.0,85.0,0,1,0,LOW
NSFAS006778,Nokuthula Mkhize,University of Cape Town,Arts,2,71.86,82.0,0,3,0,LOW
NSFAS006779,Nomsa Mthembu,University of Stellenbosch,Education,2,30.0,59.0,1,3,80,HIGH
NSFAS006780,Themba Ngcobo,University of Pretoria,Commerce,1,56.3,56.0,3,5,60,HIGH
NSFAS006781,Nomsa Zulu,University of Cape Town,Education,1,40.0,47.0,3,5,100,HIGH
NSFAS006782,Themba Mahlangu,University of Stellenbosch,Arts,2,30.0,51.0,1,1,80,HIGH
NSFAS006783,Sibusiso Khumalo,University of Johannesburg,Commerce,2,40.0,28.0,3,5,100,HIGH
NSFAS006784,Nokuthula Mthethwa,University of Stellenbosch,Arts,4,30.0,46.0,2,2,80,HIGH
NSFAS006785,Lerato Molefe,University of Johannesburg,Engineering,2,40.0,49.0,4,1,100,HIGH
NSFAS006786,Phumzile Mkhize,University of Stellenbosch,Law,1,40.0,29.0,2,0,80,HIGH
NSFAS006787,Busisiwe Khumalo,University of Cape Town,Arts,2,75.0,76.0,1,1,0,LOW
NSFAS006788,Nomsa Zulu,University of the Witwatersrand,Science,4,75.0,85.0,0,0,0,LOW
NSFAS006789,Zanele Mthethwa,North-West University,Commerce,3,73.39,78.0,1,1,0,LOW
NSFAS006790,Nomsa Mkhize,University of Johannesburg,Science,1,40.0,58.0,1,4,80,HIGH
NSFAS006791,Nomsa Mokoena,North-West University,Engineering,4,40.0,46.0,2,0,80,HIGH
NSFAS006792,Zanele Nkosi,University of Pretoria,Engineering,1,40.0,43.0,3,0,100,HIGH
NSFAS006793,Lindiwe Ngcobo,University of Johannesburg,Arts,2,40.0,41.0,1,4,80,HIGH
NSFAS006794,Phumzile Nkosi,University of Pretoria,Science,1,40.0,40.0,3,4,100,HIGH
NSFAS006795,Nokuthula Molefe,North-West University,Commerce,4,40.0,64.0,2,2,80,HIGH
NSFAS006796,Lindiwe Nkosi,University of Cape Town,Arts,4,45.57,36.0,3,2,100,HIGH
NSFAS006797,Nomsa Mabaso,University of the Witwatersrand,Law,4,44.91,60.0,2,4,80,HIGH
NSFAS006798,Lindiwe Mhlongo,University of Johannesburg,Education,4,51.34,55.0,2,3,40,MEDIUM
NSFAS006799,Themba Zulu,University of Cape Town,Education,3,73.6,91.0,0,3,0,LOW
NSFAS006800,Andile Mthembu,University of KwaZulu-Natal,Engineering,4,63.27,62.0,1,2,40,MEDIUM
NSFAS006801,Lerato Mabaso,University of Johannesburg,Arts,4,46.06,25.0,4,5,100,HIGH
NSFAS006802,Kagiso Mthembu,University of KwaZulu-Natal,Law,1,75.0,90.0,1,2,0,LOW
NSFAS006803,Phumzile Mthembu,University of Pretoria,Science,1,30.0,31.0,4,3,100,HIGH
NSFAS006804,Andile Mhlongo,University of Johannesburg,Engineering,4,56.42,84.0,0,2,0,LOW
NSFAS006805,Phumzile Mthembu,University of Cape Town,Law,2,42.86,28.0,2,3,80,HIGH
NSFAS006806,Andile Mthembu,University of the Witwatersrand,Law,1,65.68,81.0,0,5,0,LOW
NSFAS006807,Themba Ngcobo,University of Johannesburg,Arts,1,75.0,95.0,1,1,0,LOW
NSFAS006808,Andile Mhlongo,University of KwaZulu-Natal,Arts,3,30.0,45.0,1,3,80,HIGH
NSFAS006809,Sibusiso Mokoena,University of Cape Town,Law,1,56.69,75.0,1,1,0,LOW
NSFAS006810,Phumzile Mhlongo,University of the Free State,Science,2,45.35,44.0,3,2,100,HIGH
NSFAS006811,Kagiso Zulu,University of Cape Town,Education,1,74.44,87.0,1,0,0,LOW
NSFAS006812,Sibusiso Ngcobo,University of the Free State,Law,3,47.76,42.0,2,5,80,HIGH
NSFAS006813,Kagiso Mhlongo,University of Stellenbosch,Education,3,58.82,67.0,1,5,40,MEDIUM
NSFAS006814,Tshepo Mhlongo,University of KwaZulu-Natal,Science,3,59.14,84.0,1,2,0,LOW
NSFAS006815,Lindiwe Mthembu,University of the Free State,Commerce,4,30.0,39.0,4,1,100,HIGH
NSFAS006816,Kagiso Ngcobo,University of the Free State,Science,2,40.0,63.0,4,5,100,HIGH
NSFAS006817,Sipho Dlamini,University of Cape Town,Education,2,42.33,43.0,1,4,80,HIGH
NSFAS006818,Nomsa Mthembu,University of Cape Town,Law,3,75.0,85.0,0,2,0,LOW
NSFAS006819,Sibusiso Mabaso,North-West University,Education,3,40.0,25.0,1,3,80,HIGH
NSFAS006820,Zanele Dlamini,University of KwaZulu-Natal,Education,1,75.0,85.0,1,3,0,LOW
NSFAS006821,Nomsa Mkhize,University of Pretoria,Engineering,3,40.0,65.0,2,5,80,HIGH
NSFAS006822,Phumzile Ngcobo,University of KwaZulu-Natal,Engineering,2,40.0,54.0,3,0,100,HIGH
NSFAS006823,Zanele Zulu,University of Pretoria,Arts,1,49.0,54.0,1,1,80,HIGH
NSFAS006824,Phumzile Mokoena,University of Johannesburg,Law,2,95.0,84.0,1,2,0,LOW
NSFAS006825,Themba Molefe,University of Pretoria,Education,2,75.0,93.0,1,4,0,LOW
NSFAS006826,Andile Ngcobo,University of KwaZulu-Natal,Engineering,1,75.0,84.0,0,4,0,LOW
NSFAS006827,Sibusiso Mkhize,North-West University,Law,3,63.2,71.0,1,2,0,LOW
NSFAS006828,Busisiwe Mahlangu,North-West University,Law,2,75.0,85.0,0,1,0,LOW
NSFAS006829,Sipho Mthembu,University of the Free State,Science,4,41.18,53.0,1,4,80,HIGH
NSFAS006830,Sipho Mkhize,University of Stellenbosch,Engineering,3,59.76,56.0,1,0,40,MEDIUM
NSFAS006831,Tshepo Dlamini,University of Johannesburg,Commerce,2,75.0,90.0,0,5,0,LOW
NSFAS006832,Mpho Mabaso,University of the Free State,Engineering,2,58.14,71.0,1,1,0,LOW
NSFAS006833,Tshepo Zulu,University of KwaZulu-Natal,Law,2,65.02,65.0,0,1,40,MEDIUM
NSFAS006834,Zanele Mthembu,University of Cape Town,Engineering,2,40.0,56.0,2,2,80,HIGH
NSFAS006835,Phumzile Mabaso,University of Johannesburg,Arts,3,73.96,95.0,1,3,0,LOW
NSFAS006836,Themba Molefe,University of Stellenbosch,Engineering,1,63.3,83.0,0,3,0,LOW
NSFAS006837,Tshepo Mhlongo,University of Cape Town,Commerce,1,49.0,44.0,4,5,100,HIGH
NSFAS006838,Nokuthula Mokoena,University of KwaZulu-Natal,Education,1,41.43,33.0,1,2,80,HIGH
NSFAS006839,Thabo Mokoena,University of KwaZulu-Natal,Law,3,44.32,46.0,1,2,80,HIGH
NSFAS006840,Tshepo Khumalo,University of the Free State,Education,3,54.11,56.0,1,0,40,MEDIUM
NSFAS006841,Andile Mthethwa,University of Stellenbosch,Arts,2,49.01,37.0,1,0,80,HIGH
NSFAS006842,Busisiwe Mthembu,University of Pretoria,Engineering,3,75.0,76.0,0,1,0,LOW
NSFAS006843,Busisiwe Mahlangu,University of the Free State,Engineering,1,75.0,76.0,0,3,0,LOW
NSFAS006844,Kagiso Zulu,University of the Witwatersrand,Arts,4,50.39,67.0,0,2,40,MEDIUM
NSFAS006845,Andile Mthembu,University of Cape Town,Science,3,54.94,81.0,1,0,0,LOW
NSFAS006846,Sibusiso Dlamini,University of the Witwatersrand,Science,3,56.29,72.0,0,0,0,LOW
NSFAS006847,Kagiso Mhlongo,North-West University,Arts,3,30.0,62.0,4,1,100,HIGH
NSFAS006848,Kagiso Molefe,University of Stellenbosch,Science,1,75.0,95.0,0,5,0,LOW
NSFAS006849,Thabo Mabaso,University of Pretoria,Commerce,1,30.0,33.0,2,3,80,HIGH
NSFAS006850,Andile Mthembu,North-West University,Arts,2,75.0,76.0,0,3,0,LOW
NSFAS006851,Nomsa Mahlangu,University of KwaZulu-Natal,Engineering,2,40.0,34.0,4,4,100,HIGH
NSFAS006852,Kagiso Molefe,University of KwaZulu-Natal,Science,1,72.03,78.0,0,3,0,LOW
NSFAS006853,Zanele Ngcobo,University of Cape Town,Arts,4,50.57,56.0,1,5,40,MEDIUM
NSFAS006854,Lerato Mahlangu,University of the Witwatersrand,Commerce,4,40.0,28.0,2,1,80,HIGH
NSFAS006855,Tshepo Mthethwa,University of the Free State,Science,4,40.57,28.0,2,0,80,HIGH
NSFAS006856,Sibusiso Mokoena,University of Pretoria,Engineering,1,75.0,82.0,1,2,0,LOW
NSFAS006857,Thabo Dlamini,University of KwaZulu-Natal,Arts,3,40.0,52.0,3,0,100,HIGH
NSFAS006858,Kagiso Mthethwa,University of the Free State,Commerce,1,40.0,46.0,4,2,100,HIGH
NSFAS006859,Kagiso Mkhize,University of Stellenbosch,Commerce,1,68.56,85.0,1,3,0,LOW
NSFAS006860,Nokuthula Ngcobo,North-West University,Education,1,46.73,41.0,3,2,100,HIGH
NSFAS006861,Sibusiso Mabaso,North-West University,Arts,2,73.9,75.0,0,5,0,LOW
NSFAS006862,Lindiwe Mkhize,University of Johannesburg,Science,4,75.0,83.0,0,4,0,LOW
NSFAS006863,Sipho Ngcobo,University of Pretoria,Science,4,40.0,58.0,4,0,100,HIGH
NSFAS006864,Zanele Zulu,North-West University,Science,4,30.0,37.0,3,3,100,HIGH
NSFAS006865,Kagiso Mokoena,University of the Witwatersrand,Engineering,2,40.0,44.0,4,3,100,HIGH
NSFAS006866,Themba Ngcobo,University of the Witwatersrand,Education,4,41.91,55.0,1,4,80,HIGH
NSFAS006867,Phumzile Zulu,University of Cape Town,Law,3,46.07,45.0,2,2,80,HIGH
NSFAS006868,Themba Mkhize,University of Johannesburg,Education,4,62.57,65.0,0,2,40,MEDIUM
NSFAS006869,Busisiwe Zulu,University of Johannesburg,Law,4,58.54,77.0,0,4,0,LOW
NSFAS006870,Sibusiso Mkhize,University of Cape Town,Arts,1,40.73,34.0,2,2,80,HIGH
NSFAS006871,Nomsa Dlamini,University of Cape Town,Law,1,75.0,95.0,1,4,0,LOW
NSFAS006872,Thabo Khumalo,University of Cape Town,Commerce,1,47.87,20.0,2,4,80,HIGH
NSFAS006873,Nokuthula Nkosi,University of the Witwatersrand,Science,4,42.61,59.0,4,0,100,HIGH
NSFAS006874,Zanele Nkosi,University of Pretoria,Science,2,30.0,41.0,4,2,100,HIGH
NSFAS006875,Sipho Khumalo,North-West University,Commerce,1,51.23,78.0,0,2,0,LOW
NSFAS006876,Mpho Nkosi,University of the Witwatersrand,Science,2,62.03,75.0,0,4,0,LOW
NSFAS006877,Tshepo Ngcobo,University of Cape Town,Science,1,84.76,78.0,0,4,0,LOW
NSFAS006878,Phumzile Nkosi,University of Pretoria,Commerce,4,44.08,59.0,1,3,80,HIGH
NSFAS006879,Mpho Mhlongo,University of Pretoria,Commerce,2,46.67,56.0,4,2,100,HIGH
NSFAS006880,Lindiwe Zulu,University of the Witwatersrand,Arts,4,33.31,62.0,2,1,80,HIGH
NSFAS006881,Sibusiso Mhlongo,University of Johannesburg,Commerce,1,59.31,82.0,1,4,0,LOW
NSFAS006882,Tshepo Dlamini,University of the Free State,Science,4,75.0,95.0,1,0,0,LOW
NSFAS006883,Themba Khumalo,University of Pretoria,Science,3,40.0,52.0,1,1,80,HIGH
NSFAS006884,Kagiso Mokoena,University of the Free State,Law,1,49.51,27.0,1,2,80,HIGH
NSFAS006885,Sipho Zulu,University of Pretoria,Engineering,3,75.0,87.0,1,5,0,LOW
NSFAS006886,Tshepo Mahlangu,University of KwaZulu-Natal,Education,4,40.0,44.0,3,1,100,HIGH
NSFAS006887,Nokuthula Mkhize,University of Stellenbosch,Education,2,40.0,29.0,3,2,100,HIGH
NSFAS006888,Nokuthula Nkosi,University of the Free State,Law,4,87.93,0.0,1,4,40,MEDIUM
NSFAS006889,Sipho Mahlangu,University of Johannesburg,Arts,3,75.0,0.0,0,5,40,MEDIUM
NSFAS006890,Phumzile Ngcobo,North-West University,Law,3,65.65,55.0,4,2,60,HIGH
NSFAS006891,Sipho Nkosi,North-West University,Education,4,41.92,41.0,3,5,100,HIGH
NSFAS006892,Zanele Zulu,University of the Free State,Arts,3,40.0,44.0,1,1,80,HIGH
NSFAS006893,Themba Mkhize,University of the Free State,Science,2,73.1,81.0,1,0,0,LOW
NSFAS006894,Nokuthula Mthembu,University of Pretoria,Science,2,65.75,67.0,0,4,40,MEDIUM
NSFAS006895,Nokuthula Mhlongo,North-West University,Science,2,71.19,95.0,0,4,0,LOW
NSFAS006896,Nomsa Mthembu,North-West University,Science,1,30.0,36.0,4,0,100,HIGH
NSFAS006897,Sipho Mahlangu,University of Pretoria,Science,3,31.0,64.0,3,4,100,HIGH
NSFAS006898,Busisiwe Mthethwa,North-West University,Law,1,55.77,71.0,1,1,0,LOW
NSFAS006899,Nomsa Nkosi,University of the Free State,Engineering,1,68.76,68.0,1,4,40,MEDIUM
NSFAS006900,Nokuthula Mahlangu,University of Pretoria,Science,1,68.91,75.0,1,0,0,LOW
NSFAS006901,Busisiwe Mabaso,University of the Witwatersrand,Arts,4,30.0,27.0,1,4,80,HIGH
NSFAS006902,Nokuthula Zulu,University of Cape Town,Science,3,40.0,25.0,3,3,100,HIGH
NSFAS006903,Thabo Ngcobo,University of the Free State,Engineering,3,40.0,24.0,4,3,100,HIGH
NSFAS006904,Lindiwe Mhlongo,University of the Witwatersrand,Science,2,75.0,88.0,0,2,0,LOW
NSFAS006905,Thabo Khumalo,University of Pretoria,Science,4,72.17,91.0,1,4,0,LOW
NSFAS006906,Phumzile Mahlangu,University of Cape Town,Commerce,4,40.0,51.0,3,3,100,HIGH
NSFAS006907,Andile Mkhize,University of Stellenbosch,Education,2,40.0,30.0,1,4,80,HIGH
NSFAS006908,Nomsa Mthethwa,North-West University,Commerce,1,47.36,52.0,1,3,80,HIGH
NSFAS006909,Sipho Mkhize,University of Stellenbosch,Arts,3,57.16,81.0,1,2,0,LOW
NSFAS006910,Zanele Dlamini,University of the Witwatersrand,Commerce,1,75.0,76.0,0,1,0,LOW
NSFAS006911,Nomsa Mthembu,University of Johannesburg,Education,4,68.03,63.0,0,4,40,MEDIUM
NSFAS006912,Lerato Molefe,University of Pretoria,Law,4,53.95,80.0,1,0,0,LOW
NSFAS006913,Themba Molefe,University of the Witwatersrand,Commerce,2,48.85,58.0,1,0,80,HIGH
NSFAS006914,Zanele Mthembu,North-West University,Arts,3,68.36,84.0,0,4,0,LOW
NSFAS006915,Phumzile Mokoena,North-West University,Engineering,4,56.11,84.0,0,2,0,LOW
NSFAS006916,Kagiso Mkhize,North-West University,Commerce,4,75.0,81.0,0,1,0,LOW
NSFAS006917,Busisiwe Zulu,University of the Witwatersrand,Law,1,63.59,77.0,1,4,0,LOW
NSFAS006918,Mpho Mahlangu,North-West University,Law,3,62.77,76.0,0,0,0,LOW
NSFAS006919,Nomsa Mkhize,University of Pretoria,Commerce,1,67.06,79.0,1,4,0,LOW
NSFAS006920,Zanele Mhlongo,North-West University,Engineering,1,49.6,61.0,0,2,80,HIGH
NSFAS006921,Busisiwe Mahlangu,University of Cape Town,Commerce,2,40.0,28.0,4,3,100,HIGH
NSFAS006922,Sibusiso Mhlongo,University of Stellenbosch,Law,4,46.45,38.0,2,1,80,HIGH
NSFAS006923,Busisiwe Dlamini,North-West University,Arts,4,75.0,91.0,1,0,0,LOW
NSFAS006924,Nokuthula Nkosi,University of Cape Town,Education,4,48.8,44.0,4,4,100,HIGH
NSFAS006925,Tshepo Mokoena,University of Pretoria,Commerce,3,75.0,76.0,0,0,0,LOW
NSFAS006926,Nokuthula Dlamini,University of the Free State,Law,3,50.24,75.0,1,0,0,LOW
NSFAS006927,Lindiwe Zulu,University of Johannesburg,Science,1,48.64,43.0,1,1,80,HIGH
NSFAS006928,Sibusiso Mabaso,University of Pretoria,Engineering,1,40.0,46.0,3,0,100,HIGH
NSFAS006929,Lindiwe Zulu,University of Johannesburg,Law,1,55.21,77.0,1,1,0,LOW
NSFAS006930,Sipho Dlamini,North-West University,Arts,3,75.0,82.0,0,2,0,LOW
NSFAS006931,Kagiso Mhlongo,North-West University,Law,3,48.84,44.0,2,4,80,HIGH
NSFAS006932,Lerato Ngcobo,North-West University,Arts,4,69.51,82.0,1,3,0,LOW
NSFAS006933,Mpho Zulu,University of KwaZulu-Natal,Law,1,75.0,75.0,1,4,0,LOW
NSFAS006934,Themba Mthembu,University of Stellenbosch,Science,3,61.09,69.0,1,2,40,MEDIUM
NSFAS006935,Lerato Mahlangu,University of Stellenbosch,Science,1,48.84,64.0,1,2,80,HIGH
NSFAS006936,Zanele Mokoena,University of Pretoria,Arts,2,43.07,39.0,4,5,100,HIGH
NSFAS006937,Kagiso Dlamini,University of Johannesburg,Commerce,3,40.0,38.0,3,0,100,HIGH
NSFAS006938,Sipho Mhlongo,University of the Free State,Arts,1,75.0,81.0,1,5,0,LOW
NSFAS006939,Themba Mthethwa,University of Johannesburg,Law,3,86.11,81.0,0,4,0,LOW
NSFAS006940,Sibusiso Ngcobo,University of the Free State,Arts,1,30.0,48.0,3,1,100,HIGH
NSFAS006941,Nomsa Mthethwa,University of Johannesburg,Science,3,75.0,78.0,1,4,0,LOW
NSFAS006942,Lerato Dlamini,University of KwaZulu-Natal,Science,3,48.53,59.0,4,2,100,HIGH
NSFAS006943,Kagiso Mabaso,University of the Witwatersrand,Arts,2,40.0,24.0,1,0,80,HIGH
NSFAS006944,Phumzile Mhlongo,North-West University,Science,2,30.0,64.0,3,3,100,HIGH
NSFAS006945,Busisiwe Ngcobo,University of KwaZulu-Natal,Education,3,48.01,28.0,3,1,100,HIGH
NSFAS006946,Mpho Khumalo,University of Pretoria,Engineering,2,30.0,43.0,3,3,100,HIGH
NSFAS006947,Mpho Mthembu,University of Cape Town,Education,3,32.99,28.0,1,3,80,HIGH
NSFAS006948,Thabo Mahlangu,University of Cape Town,Arts,4,40.0,31.0,2,3,80,HIGH
NSFAS006949,Themba Mahlangu,North-West University,Commerce,3,30.0,36.0,4,3,100,HIGH
NSFAS006950,Kagiso Mokoena,University of Stellenbosch,Engineering,4,40.0,0.0,3,3,100,HIGH
NSFAS006951,Themba Nkosi,University of Stellenbosch,Education,2,52.1,78.0,0,0,0,LOW
NSFAS006952,Phumzile Ngcobo,University of Stellenbosch,Law,1,69.14,83.0,0,4,0,LOW
NSFAS006953,Mpho Mabaso,University of the Witwatersrand,Law,4,45.18,28.0,3,1,100,HIGH
NSFAS006954,Zanele Nkosi,University of Cape Town,Science,2,40.0,54.0,2,5,80,HIGH
NSFAS006955,Andile Mokoena,University of KwaZulu-Natal,Arts,4,45.95,31.0,2,0,80,HIGH
NSFAS006956,Nomsa Molefe,North-West University,Arts,4,40.0,62.0,2,4,80,HIGH
NSFAS006957,Sibusiso Mahlangu,University of KwaZulu-Natal,Engineering,4,40.0,46.0,1,2,80,HIGH
NSFAS006958,Lindiwe Khumalo,University of the Free State,Science,3,75.0,94.0,1,5,0,LOW
NSFAS006959,Mpho Mahlangu,University of the Free State,Arts,4,40.0,65.0,2,4,80,HIGH
NSFAS006960,Phumzile Mokoena,North-West University,Law,2,53.6,70.0,1,3,0,LOW
NSFAS006961,Themba Khumalo,University of Stellenbosch,Engineering,2,57.89,0.0,3,2,60,HIGH
NSFAS006962,Nokuthula Nkosi,University of Stellenbosch,Education,1,75.0,89.0,1,5,0,LOW
NSFAS006963,Lerato Molefe,University of KwaZulu-Natal,Engineering,3,75.0,89.0,0,1,0,LOW
NSFAS006964,Sipho Mhlongo,University of Pretoria,Engineering,3,46.27,43.0,4,5,100,HIGH
NSFAS006965,Nomsa Mkhize,University of the Witwatersrand,Law,4,48.58,58.0,4,1,100,HIGH
NSFAS006966,Mpho Nkosi,University of the Free State,Commerce,3,40.28,0.0,3,0,100,HIGH
NSFAS006967,Mpho Khumalo,University of the Free State,Arts,2,59.38,56.0,4,2,60,HIGH
NSFAS006968,Busisiwe Dlamini,University of the Free State,Arts,2,75.0,92.0,0,4,0,LOW
NSFAS006969,Lerato Mhlongo,University of Johannesburg,Education,2,75.0,76.0,1,1,0,LOW
NSFAS006970,Themba Ngcobo,University of Stellenbosch,Commerce,4,75.0,92.0,0,5,0,LOW
NSFAS006971,Mpho Mahlangu,North-West University,Education,1,62.89,59.0,3,0,60,HIGH
NSFAS006972,Kagiso Mahlangu,University of KwaZulu-Natal,Science,1,75.0,77.0,1,0,0,LOW
NSFAS006973,Themba Mhlongo,University of Cape Town,Education,4,41.26,63.0,3,5,100,HIGH
NSFAS006974,Zanele Mahlangu,University of Cape Town,Law,3,40.0,22.0,4,4,100,HIGH
NSFAS006975,Sibusiso Mabaso,University of Pretoria,Education,4,75.0,94.0,1,2,0,LOW
NSFAS006976,Busisiwe Mokoena,University of Stellenbosch,Commerce,2,70.18,94.0,0,4,0,LOW
NSFAS006977,Themba Mhlongo,University of Pretoria,Engineering,3,75.0,95.0,1,1,0,LOW
NSFAS006978,Phumzile Mthembu,North-West University,Commerce,2,75.0,76.0,1,1,0,LOW
NSFAS006979,Lindiwe Ngcobo,North-West University,Science,3,62.81,71.0,1,3,0,LOW
NSFAS006980,Zanele Dlamini,University of the Witwatersrand,Law,1,48.56,46.0,1,0,80,HIGH
NSFAS006981,Nokuthula Mabaso,University of Cape Town,Arts,4,40.0,37.0,2,0,80,HIGH
NSFAS006982,Andile Mhlongo,University of Stellenbosch,Science,2,40.0,24.0,2,3,80,HIGH
NSFAS006983,Sipho Dlamini,University of Pretoria,Engineering,1,43.66,32.0,2,3,80,HIGH
NSFAS006984,Lindiwe Zulu,University of Pretoria,Science,1,45.49,32.0,2,2,80,HIGH
NSFAS006985,Kagiso Molefe,University of Cape Town,Arts,3,40.0,37.0,2,2,80,HIGH
NSFAS006986,Kagiso Mhlongo,University of Pretoria,Commerce,3,30.0,21.0,4,1,100,HIGH
NSFAS006987,Thabo Nkosi,University of KwaZulu-Natal,Arts,4,40.0,35.0,4,0,100,HIGH
NSFAS006988,Phumzile Mokoena,University of Cape Town,Law,2,44.05,46.0,2,0,80,HIGH
NSFAS006989,Zanele Mhlongo,University of Cape Town,Arts,3,54.92,82.0,1,4,0,LOW
NSFAS006990,Kagiso Mhlongo,University of Johannesburg,Science,4,61.19,64.0,0,0,40,MEDIUM
NSFAS006991,Nokuthula Mthethwa,University of Cape Town,Commerce,1,59.31,79.0,0,2,0,LOW
NSFAS006992,Busisiwe Mkhize,University of KwaZulu-Natal,Commerce,4,75.0,88.0,0,0,0,LOW
NSFAS006993,Kagiso Ngcobo,University of KwaZulu-Natal,Science,1,75.0,87.0,0,1,0,LOW
NSFAS006994,Mpho Khumalo,North-West University,Law,4,30.0,24.0,4,3,100,HIGH
NSFAS006995,Kagiso Nkosi,University of KwaZulu-Natal,Science,1,49.0,52.0,1,1,80,HIGH
NSFAS006996,Mpho Ngcobo,University of the Witwatersrand,Law,2,40.0,58.0,4,5,100,HIGH
NSFAS006997,Nomsa Mhlongo,University of the Free State,Engineering,3,75.0,95.0,0,4,0,LOW
NSFAS006998,Thabo Molefe,University of Pretoria,Arts,4,75.0,81.0,0,5,0,LOW
NSFAS006999,Sipho Dlamini,University of Pretoria,Science,1,40.0,64.0,3,4,100,HIGH
NSFAS007000,Kagiso Mabaso,University of Pretoria,Education,1,75.0,80.0,1,5,0,LOW
NSFAS007001,Lindiwe Mabaso,University of the Witwatersrand,Engineering,1,41.89,62.0,1,1,80,HIGH
NSFAS007002,Kagiso Ngcobo,University of the Free State,Arts,2,40.0,44.0,3,4,100,HIGH
NSFAS007003,Zanele Mkhize,University of Stellenbosch,Science,1,49.0,27.0,3,2,100,HIGH
NSFAS007004,Nokuthula Mthembu,University of Johannesburg,Law,3,40.0,36.0,4,2,100,HIGH
NSFAS007005,Nokuthula Mhlongo,University of Pretoria,Science,3,30.0,40.0,4,0,100,HIGH
NSFAS007006,Zanele Mthembu,University of the Witwatersrand,Education,4,75.0,76.0,0,2,0,LOW
NSFAS007007,Sipho Molefe,University of KwaZulu-Natal,Arts,4,30.0,59.0,2,4,80,HIGH
NSFAS007008,Zanele Mhlongo,University of KwaZulu-Natal,Law,4,66.09,63.0,1,2,40,MEDIUM
NSFAS007009,Kagiso Ngcobo,University of the Witwatersrand,Commerce,3,52.32,69.0,0,2,40,MEDIUM
NSFAS007010,Nomsa Mhlongo,University of Stellenbosch,Arts,3,30.0,37.0,4,1,100,HIGH
NSFAS007011,Themba Mabaso,University of KwaZulu-Natal,Education,1,52.21,58.0,2,1,40,MEDIUM
NSFAS007012,Tshepo Molefe,University of Cape Town,Education,3,46.75,29.0,2,2,80,HIGH
NSFAS007013,Kagiso Mokoena,University of Pretoria,Arts,2,40.0,64.0,2,2,80,HIGH
NSFAS007014,Busisiwe Mhlongo,University of Johannesburg,Commerce,3,40.0,32.0,2,3,80,HIGH
NSFAS007015,Sibusiso Khumalo,University of Stellenbosch,Commerce,2,75.0,89.0,0,0,0,LOW
NSFAS007016,Nomsa Mhlongo,University of the Witwatersrand,Science,2,75.0,86.0,0,0,0,LOW
NSFAS007017,Mpho Nkosi,University of KwaZulu-Natal,Commerce,1,40.0,36.0,2,5,80,HIGH
NSFAS007018,Nomsa Ngcobo,University of Cape Town,Commerce,2,68.76,84.0,1,5,0,LOW
NSFAS007019,Nomsa Nkosi,University of Stellenbosch,Education,1,58.86,70.0,0,5,0,LOW
NSFAS007020,Nokuthula Mabaso,University of Stellenbosch,Engineering,4,57.89,83.0,0,0,0,LOW
NSFAS007021,Andile Molefe,University of Stellenbosch,Commerce,1,40.0,49.0,2,2,80,HIGH
NSFAS007022,Mpho Mkhize,North-West University,Science,2,70.82,85.0,1,5,0,LOW
NSFAS007023,Nomsa Mhlongo,North-West University,Science,3,40.0,64.0,4,4,100,HIGH
NSFAS007024,Thabo Mthethwa,North-West University,Law,3,44.36,42.0,3,3,100,HIGH
NSFAS007025,Busisiwe Dlamini,University of KwaZulu-Natal,Science,1,30.0,49.0,2,2,80,HIGH
NSFAS007026,Nokuthula Mkhize,North-West University,Law,2,40.0,45.0,1,2,80,HIGH
NSFAS007027,Busisiwe Molefe,University of the Witwatersrand,Commerce,2,75.0,87.0,1,3,0,LOW
NSFAS007028,Sibusiso Khumalo,University of Pretoria,Arts,3,90.38,90.0,1,3,0,LOW
NSFAS007029,Kagiso Nkosi,University of Stellenbosch,Law,3,40.0,36.0,1,3,80,HIGH
NSFAS007030,Lerato Zulu,University of Johannesburg,Science,2,44.91,33.0,1,5,80,HIGH
NSFAS007031,Zanele Dlamini,University of Cape Town,Arts,4,40.0,42.0,1,3,80,HIGH
NSFAS007032,Nokuthula Mabaso,University of the Witwatersrand,Commerce,1,55.0,69.0,0,1,40,MEDIUM
NSFAS007033,Sibusiso Mthembu,University of Cape Town,Law,3,40.0,26.0,1,1,80,HIGH
NSFAS007034,Kagiso Ngcobo,North-West University,Law,1,58.57,76.0,0,0,0,LOW
NSFAS007035,Nokuthula Mahlangu,University of Johannesburg,Commerce,3,40.0,33.0,4,2,100,HIGH
NSFAS007036,Mpho Mthethwa,University of the Witwatersrand,Science,2,53.33,64.0,1,2,40,MEDIUM
NSFAS007037,Zanele Mahlangu,University of the Free State,Education,2,45.37,25.0,2,0,80,HIGH
NSFAS007038,Mpho Mthethwa,University of Stellenbosch,Law,3,40.0,61.0,4,2,100,HIGH
NSFAS007039,Lerato Mahlangu,University of KwaZulu-Natal,Engineering,3,40.0,27.0,4,1,100,HIGH
NSFAS007040,Sipho Molefe,North-West University,Law,3,49.0,61.0,0,0,80,HIGH
NSFAS007041,Thabo Mokoena,University of Stellenbosch,Science,2,40.0,63.0,2,1,80,HIGH
NSFAS007042,Lindiwe Mahlangu,University of Johannesburg,Science,3,68.97,71.0,0,5,0,LOW
NSFAS007043,Mpho Mthembu,University of the Witwatersrand,Engineering,2,30.0,51.0,1,2,80,HIGH
NSFAS007044,Nokuthula Khumalo,North-West University,Arts,3,75.0,93.0,1,2,0,LOW
NSFAS007045,Thabo Zulu,University of Pretoria,Arts,4,51.1,63.0,1,1,40,MEDIUM
NSFAS007046,Mpho Molefe,University of Cape Town,Science,3,30.0,47.0,2,3,80,HIGH
NSFAS007047,Kagiso Ngcobo,University of Pretoria,Commerce,1,53.34,67.0,1,2,40,MEDIUM
NSFAS007048,Themba Zulu,University of Cape Town,Engineering,2,40.0,36.0,1,1,80,HIGH
NSFAS007049,Nokuthula Mthethwa,University of Pretoria,Commerce,3,40.0,63.0,4,1,100,HIGH
NSFAS007050,Tshepo Molefe,University of Stellenbosch,Arts,1,62.76,85.0,1,3,0,LOW
NSFAS007051,Andile Mhlongo,University of Stellenbosch,Education,2,30.0,58.0,3,5,100,HIGH
NSFAS007052,Thabo Mahlangu,University of the Free State,Science,3,58.2,61.0,1,5,40,MEDIUM
NSFAS007053,Zanele Mthembu,University of the Free State,Law,3,30.0,63.0,1,4,80,HIGH
NSFAS007054,Andile Mkhize,University of Pretoria,Engineering,3,40.0,44.0,2,1,80,HIGH
NSFAS007055,Sibusiso Mthembu,University of Stellenbosch,Arts,1,75.0,95.0,1,4,0,LOW
NSFAS007056,Andile Mabaso,University of the Witwatersrand,Law,1,75.0,80.0,1,4,0,LOW
NSFAS007057,Andile Mokoena,University of Cape Town,Science,3,75.0,79.0,1,4,0,LOW
NSFAS007058,Sipho Molefe,University of the Free State,Commerce,4,49.57,47.0,2,0,80,HIGH
NSFAS007059,Nomsa Molefe,University of KwaZulu-Natal,Engineering,4,40.0,20.0,2,0,80,HIGH
NSFAS007060,Sibusiso Ngcobo,University of Pretoria,Education,3,50.7,76.0,0,1,0,LOW
NSFAS007061,Lerato Mokoena,University of the Free State,Science,3,75.0,77.0,0,5,0,LOW
NSFAS007062,Lerato Nkosi,University of Cape Town,Law,1,45.35,65.0,0,3,80,HIGH
NSFAS007063,Sipho Molefe,University of Cape Town,Arts,4,40.0,60.0,2,5,80,HIGH
NSFAS007064,Nomsa Mabaso,University of the Witwatersrand,Commerce,3,40.0,0.0,4,4,100,HIGH
NSFAS007065,Busisiwe Mhlongo,University of KwaZulu-Natal,Commerce,2,66.66,71.0,0,1,0,LOW
NSFAS007066,Sibusiso Dlamini,University of Cape Town,Education,4,67.44,55.0,2,1,40,MEDIUM
NSFAS007067,Lerato Khumalo,University of Pretoria,Commerce,3,35.13,53.0,2,5,80,HIGH
NSFAS007068,Kagiso Nkosi,University of KwaZulu-Natal,Education,4,40.0,49.0,3,0,100,HIGH
NSFAS007069,Themba Nkosi,North-West University,Law,2,49.0,51.0,4,3,100,HIGH
NSFAS007070,Nokuthula Mabaso,University of Johannesburg,Commerce,2,66.7,58.0,1,2,40,MEDIUM
NSFAS007071,Lindiwe Mhlongo,University of KwaZulu-Natal,Science,4,40.0,29.0,1,4,80,HIGH
NSFAS007072,Sipho Mkhize,University of Stellenbosch,Arts,2,40.0,55.0,1,5,80,HIGH
NSFAS007073,Kagiso Mabaso,North-West University,Education,1,73.31,89.0,1,5,0,LOW
NSFAS007074,Kagiso Mokoena,North-West University,Education,3,40.38,64.0,4,0,100,HIGH
NSFAS007075,Sibusiso Mhlongo,University of the Witwatersrand,Science,3,45.15,46.0,3,0,100,HIGH
NSFAS007076,Lindiwe Nkosi,University of Stellenbosch,Science,4,75.0,89.0,0,5,0,LOW
NSFAS007077,Kagiso Ngcobo,University of the Free State,Arts,4,77.41,93.0,1,0,0,LOW
NSFAS007078,Mpho Mkhize,University of the Free State,Arts,3,40.0,23.0,2,0,80,HIGH
NSFAS007079,Themba Mokoena,University of the Free State,Arts,1,49.0,38.0,3,4,100,HIGH
NSFAS007080,Kagiso Khumalo,University of Johannesburg,Science,2,40.0,20.0,4,1,100,HIGH
NSFAS007081,Phumzile Ngcobo,University of the Free State,Law,1,75.0,77.0,0,5,0,LOW
NSFAS007082,Mpho Mabaso,University of the Free State,Commerce,2,75.0,95.0,1,2,0,LOW
NSFAS007083,Zanele Ngcobo,University of Stellenbosch,Commerce,3,40.0,60.0,4,2,100,HIGH
NSFAS007084,Sibusiso Zulu,University of KwaZulu-Natal,Law,4,75.0,77.0,0,1,0,LOW
NSFAS007085,Lerato Mkhize,University of Johannesburg,Engineering,3,54.68,68.0,1,1,40,MEDIUM
NSFAS007086,Zanele Zulu,University of KwaZulu-Natal,Engineering,3,75.0,91.0,1,2,0,LOW
NSFAS007087,Busisiwe Nkosi,University of Cape Town,Law,2,77.35,89.0,0,5,0,LOW
NSFAS007088,Zanele Mthethwa,University of KwaZulu-Natal,Arts,2,61.64,81.0,1,2,0,LOW
NSFAS007089,Busisiwe Nkosi,University of Johannesburg,Science,1,40.0,45.0,1,5,80,HIGH
NSFAS007090,Busisiwe Mkhize,University of Stellenbosch,Engineering,3,38.36,22.0,1,3,80,HIGH
NSFAS007091,Mpho Mthembu,University of Stellenbosch,Commerce,3,40.0,32.0,1,5,80,HIGH
NSFAS007092,Tshepo Nkosi,University of Stellenbosch,Education,2,59.79,59.0,4,4,60,HIGH
NSFAS007093,Sibusiso Molefe,University of Johannesburg,Engineering,2,70.51,78.0,1,2,0,LOW
NSFAS007094,Zanele Mkhize,University of Johannesburg,Education,3,56.5,59.0,2,2,40,MEDIUM
NSFAS007095,Sibusiso Mthethwa,North-West University,Engineering,1,70.1,86.0,0,3,0,LOW
NSFAS007096,Nokuthula Mthethwa,University of Cape Town,Commerce,1,75.0,0.0,1,3,40,MEDIUM
NSFAS007097,Phumzile Zulu,University of Cape Town,Science,4,71.71,92.0,0,1,0,LOW
NSFAS007098,Phumzile Mthembu,University of Stellenbosch,Commerce,3,40.0,59.0,3,0,100,HIGH
NSFAS007099,Nomsa Nkosi,University of Pretoria,Science,1,70.88,80.0,0,0,0,LOW
NSFAS007100,Andile Khumalo,North-West University,Education,1,30.0,53.0,1,0,80,HIGH
NSFAS007101,Kagiso Mthethwa,North-West University,Arts,1,40.0,62.0,3,4,100,HIGH
NSFAS007102,Zanele Mhlongo,University of Cape Town,Engineering,2,40.0,28.0,3,3,100,HIGH
NSFAS007103,Andile Mabaso,North-West University,Commerce,3,75.0,86.0,1,2,0,LOW
NSFAS007104,Zanele Dlamini,University of the Free State,Education,2,75.0,77.0,1,2,0,LOW
NSFAS007105,Kagiso Ngcobo,University of Cape Town,Engineering,1,40.0,40.0,3,4,100,HIGH
NSFAS007106,Nomsa Ngcobo,University of Johannesburg,Arts,3,54.01,70.0,0,2,0,LOW
NSFAS007107,Sibusiso Mokoena,University of Cape Town,Arts,4,74.45,88.0,1,5,0,LOW
NSFAS007108,Themba Zulu,North-West University,Commerce,2,44.95,57.0,4,5,100,HIGH
NSFAS007109,Andile Mkhize,University of Pretoria,Commerce,4,39.47,64.0,3,2,100,HIGH
NSFAS007110,Busisiwe Mabaso,University of Cape Town,Commerce,4,40.0,61.0,2,5,80,HIGH
NSFAS007111,Mpho Ngcobo,University of the Witwatersrand,Science,4,75.0,84.0,1,1,0,LOW
NSFAS007112,Lindiwe Mokoena,University of the Witwatersrand,Arts,4,75.0,78.0,0,2,0,LOW
NSFAS007113,Kagiso Mthethwa,University of Pretoria,Law,1,40.0,28.0,1,0,80,HIGH
NSFAS007114,Kagiso Dlamini,North-West University,Commerce,2,75.0,95.0,0,3,0,LOW
NSFAS007115,Nokuthula Mabaso,University of the Witwatersrand,Education,3,30.0,21.0,3,4,100,HIGH
NSFAS007116,Mpho Ngcobo,North-West University,Law,3,65.3,64.0,1,4,40,MEDIUM
NSFAS007117,Sibusiso Khumalo,University of KwaZulu-Natal,Arts,4,47.28,57.0,4,1,100,HIGH
NSFAS007118,Sibusiso Khumalo,University of the Free State,Law,4,40.0,29.0,1,0,80,HIGH
NSFAS007119,Mpho Mthembu,University of the Witwatersrand,Education,4,95.0,78.0,0,2,0,LOW
NSFAS007120,Thabo Molefe,University of the Witwatersrand,Education,1,75.0,95.0,0,1,0,LOW
NSFAS007121,Nokuthula Molefe,University of Johannesburg,Engineering,2,40.0,58.0,4,5,100,HIGH
NSFAS007122,Nokuthula Ngcobo,North-West University,Science,1,30.0,39.0,3,4,100,HIGH
NSFAS007123,Busisiwe Ngcobo,University of the Witwatersrand,Arts,4,75.0,92.0,1,0,0,LOW
NSFAS007124,Zanele Dlamini,University of Johannesburg,Science,2,73.42,77.0,0,4,0,LOW
NSFAS007125,Mpho Zulu,North-West University,Commerce,3,75.0,94.0,0,1,0,LOW
NSFAS007126,Nomsa Mthethwa,University of Johannesburg,Education,1,30.0,52.0,4,2,100,HIGH
NSFAS007127,Andile Mabaso,University of Pretoria,Education,1,40.0,47.0,3,4,100,HIGH
NSFAS007128,Busisiwe Mabaso,University of Pretoria,Engineering,2,40.0,43.0,2,2,80,HIGH
NSFAS007129,Themba Ngcobo,University of the Witwatersrand,Commerce,3,40.0,37.0,4,3,100,HIGH
NSFAS007130,Nokuthula Molefe,University of KwaZulu-Natal,Law,4,61.92,84.0,1,4,0,LOW
NSFAS007131,Lindiwe Mokoena,North-West University,Engineering,1,75.0,83.0,1,4,0,LOW
NSFAS007132,Sipho Mthembu,University of Pretoria,Commerce,2,30.0,34.0,4,0,100,HIGH
NSFAS007133,Mpho Khumalo,University of Pretoria,Science,4,49.83,28.0,1,1,80,HIGH
NSFAS007134,Andile Mthethwa,North-West University,Engineering,4,68.66,71.0,0,0,0,LOW
NSFAS007135,Mpho Mhlongo,University of Pretoria,Science,2,40.0,65.0,2,2,80,HIGH
NSFAS007136,Thabo Ngcobo,North-West University,Commerce,3,40.0,61.0,3,2,100,HIGH
NSFAS007137,Busisiwe Nkosi,University of the Witwatersrand,Law,4,45.73,50.0,3,3,100,HIGH
NSFAS007138,Andile Mahlangu,University of Cape Town,Commerce,2,75.0,94.0,0,4,0,LOW
NSFAS007139,Sipho Molefe,University of the Witwatersrand,Arts,1,75.0,95.0,1,0,0,LOW
NSFAS007140,Thabo Ngcobo,North-West University,Education,3,60.76,67.0,1,5,40,MEDIUM
NSFAS007141,Nokuthula Mokoena,University of Pretoria,Law,4,40.0,59.0,1,4,80,HIGH
NSFAS007142,Sibusiso Molefe,University of Cape Town,Engineering,1,79.92,84.0,1,0,0,LOW
NSFAS007143,Kagiso Molefe,University of the Free State,Education,3,67.39,73.0,0,1,0,LOW
NSFAS007144,Thabo Dlamini,North-West University,Science,2,84.86,82.0,0,4,0,LOW
NSFAS007145,Nokuthula Mokoena,University of Cape Town,Science,1,40.0,62.0,3,4,100,HIGH
NSFAS007146,Tshepo Mabaso,University of KwaZulu-Natal,Law,1,60.17,85.0,1,4,0,LOW
NSFAS007147,Sibusiso Mthembu,North-West University,Science,3,40.0,53.0,1,4,80,HIGH
NSFAS007148,Lerato Mokoena,University of the Witwatersrand,Arts,3,56.38,64.0,1,3,40,MEDIUM
NSFAS007149,Kagiso Mhlongo,University of the Free State,Education,2,40.0,33.0,2,3,80,HIGH
NSFAS007150,Thabo Zulu,North-West University,Commerce,1,48.97,33.0,1,5,80,HIGH
NSFAS007151,Themba Khumalo,University of Stellenbosch,Engineering,4,40.0,39.0,4,3,100,HIGH
NSFAS007152,Sipho Dlamini,University of KwaZulu-Natal,Science,2,40.0,65.0,2,2,80,HIGH
NSFAS007153,Lindiwe Zulu,University of the Free State,Commerce,2,57.86,70.0,0,1,0,LOW
NSFAS007154,Thabo Mabaso,University of the Free State,Law,3,75.0,76.0,1,0,0,LOW
NSFAS007155,Lerato Mokoena,University of Johannesburg,Commerce,2,44.04,28.0,1,2,80,HIGH
NSFAS007156,Sibusiso Mahlangu,North-West University,Education,3,92.49,90.0,1,0,0,LOW
NSFAS007157,Zanele Mthembu,University of the Witwatersrand,Arts,1,40.0,35.0,2,1,80,HIGH
NSFAS007158,Tshepo Mhlongo,University of KwaZulu-Natal,Law,2,65.44,75.0,1,3,0,LOW
NSFAS007159,Zanele Mahlangu,North-West University,Science,4,75.0,82.0,1,0,0,LOW
NSFAS007160,Zanele Mokoena,University of Pretoria,Education,4,75.0,93.0,0,4,0,LOW
NSFAS007161,Zanele Mthembu,University of Cape Town,Science,4,40.0,49.0,4,4,100,HIGH
NSFAS007162,Phumzile Mahlangu,University of KwaZulu-Natal,Law,3,64.57,71.0,0,0,0,LOW
NSFAS007163,Lerato Molefe,North-West University,Engineering,2,40.0,52.0,2,4,80,HIGH
NSFAS007164,Zanele Ngcobo,University of KwaZulu-Natal,Commerce,4,40.0,60.0,4,3,100,HIGH
NSFAS007165,Tshepo Mabaso,University of the Witwatersrand,Science,3,71.67,94.0,0,3,0,LOW
NSFAS007166,Kagiso Mthembu,University of the Witwatersrand,Engineering,1,47.35,53.0,2,3,80,HIGH
NSFAS007167,Lindiwe Mhlongo,University of KwaZulu-Natal,Arts,4,40.0,24.0,4,0,100,HIGH
NSFAS007168,Sibusiso Mokoena,University of Pretoria,Arts,1,63.83,67.0,1,1,40,MEDIUM
NSFAS007169,Lerato Mhlongo,North-West University,Commerce,4,71.31,79.0,0,1,0,LOW
NSFAS007170,Sibusiso Mabaso,North-West University,Science,2,52.84,85.0,0,0,0,LOW
NSFAS007171,Lerato Mthethwa,University of Stellenbosch,Engineering,1,40.0,51.0,3,0,100,HIGH
NSFAS007172,Busisiwe Ngcobo,University of KwaZulu-Natal,Engineering,4,48.04,42.0,4,0,100,HIGH
NSFAS007173,Nomsa Mkhize,University of the Free State,Education,1,80.9,90.0,0,5,0,LOW
NSFAS007174,Kagiso Mkhize,University of Cape Town,Engineering,2,71.84,95.0,0,0,0,LOW
NSFAS007175,Thabo Zulu,University of KwaZulu-Natal,Law,2,76.32,95.0,1,3,0,LOW
NSFAS007176,Thabo Mthembu,University of KwaZulu-Natal,Science,1,30.0,45.0,3,5,100,HIGH
NSFAS007177,Kagiso Khumalo,University of the Witwatersrand,Engineering,4,55.65,74.0,0,2,0,LOW
NSFAS007178,Themba Ngcobo,University of Pretoria,Science,3,46.37,59.0,3,2,100,HIGH
NSFAS007179,Kagiso Mthembu,North-West University,Education,2,75.0,78.0,1,5,0,LOW
NSFAS007180,Nokuthula Mabaso,North-West University,Arts,1,89.39,92.0,0,2,0,LOW
NSFAS007181,Busisiwe Zulu,University of Cape Town,Arts,2,30.0,65.0,1,1,80,HIGH
NSFAS007182,Lerato Ngcobo,University of the Free State,Arts,4,75.0,90.0,0,0,0,LOW
NSFAS007183,Andile Mabaso,University of Johannesburg,Law,2,51.46,58.0,3,2,60,HIGH
NSFAS007184,Busisiwe Mthembu,University of Cape Town,Education,4,62.37,81.0,0,4,0,LOW
NSFAS007185,Themba Mthembu,University of Johannesburg,Commerce,1,40.0,49.0,4,5,100,HIGH
NSFAS007186,Lerato Mthethwa,University of Stellenbosch,Engineering,4,75.0,82.0,1,2,0,LOW
NSFAS007187,Sibusiso Mabaso,University of KwaZulu-Natal,Education,4,51.74,60.0,1,4,40,MEDIUM
NSFAS007188,Phumzile Mahlangu,University of Johannesburg,Education,3,40.0,65.0,4,1,100,HIGH
NSFAS007189,Zanele Mahlangu,University of Stellenbosch,Science,4,63.71,55.0,2,0,40,MEDIUM
NSFAS007190,Lindiwe Mthethwa,University of the Witwatersrand,Arts,4,40.0,49.0,4,0,100,HIGH
NSFAS007191,Nokuthula Molefe,University of Pretoria,Law,4,30.0,41.0,1,5,80,HIGH
NSFAS007192,Sibusiso Zulu,University of the Free State,Engineering,4,40.0,24.0,2,1,80,HIGH
NSFAS007193,Kagiso Mahlangu,University of the Witwatersrand,Science,1,40.0,52.0,4,5,100,HIGH
NSFAS007194,Sibusiso Mthethwa,University of Johannesburg,Engineering,2,40.84,64.0,2,0,80,HIGH
NSFAS007195,Andile Khumalo,University of the Witwatersrand,Commerce,2,75.0,0.0,0,0,40,MEDIUM
NSFAS007196,Lindiwe Mthethwa,University of KwaZulu-Natal,Arts,3,44.24,52.0,3,0,100,HIGH
NSFAS007197,Nokuthula Mahlangu,University of Johannesburg,Education,2,75.0,95.0,1,5,0,LOW
NSFAS007198,Thabo Mabaso,University of Cape Town,Science,1,30.0,51.0,1,5,80,HIGH
NSFAS007199,Thabo Molefe,North-West University,Commerce,3,40.0,55.0,3,2,100,HIGH
NSFAS007200,Tshepo Molefe,University of Stellenbosch,Engineering,2,75.0,77.0,0,0,0,LOW
NSFAS007201,Sibusiso Mhlongo,University of Stellenbosch,Education,1,75.0,82.0,1,2,0,LOW
NSFAS007202,Sibusiso Nkosi,University of the Free State,Education,1,85.39,93.0,0,5,0,LOW
NSFAS007203,Thabo Mokoena,University of the Witwatersrand,Law,1,39.19,52.0,1,0,80,HIGH
NSFAS007204,Phumzile Mahlangu,University of the Witwatersrand,Commerce,4,65.94,85.0,0,5,0,LOW
NSFAS007205,Nomsa Mahlangu,University of Johannesburg,Arts,4,40.0,21.0,3,3,100,HIGH
NSFAS007206,Tshepo Mkhize,University of KwaZulu-Natal,Arts,1,70.29,82.0,0,2,0,LOW
NSFAS007207,Andile Mhlongo,North-West University,Education,2,46.48,65.0,0,5,80,HIGH
NSFAS007208,Sipho Mokoena,University of Stellenbosch,Law,2,40.0,36.0,1,3,80,HIGH
NSFAS007209,Themba Zulu,University of KwaZulu-Natal,Commerce,4,33.7,46.0,4,5,100,HIGH
NSFAS007210,Lerato Zulu,University of Pretoria,Arts,3,30.0,40.0,3,2,100,HIGH
NSFAS007211,Phumzile Mabaso,University of Johannesburg,Education,1,40.0,38.0,1,5,80,HIGH
NSFAS007212,Kagiso Mabaso,University of Pretoria,Science,2,75.0,95.0,0,2,0,LOW
NSFAS007213,Kagiso Mthethwa,University of Johannesburg,Commerce,1,60.74,67.0,0,5,40,MEDIUM
NSFAS007214,Mpho Nkosi,University of Pretoria,Engineering,2,40.0,51.0,4,4,100,HIGH
NSFAS007215,Thabo Mkhize,University of Stellenbosch,Law,2,58.13,61.0,1,0,40,MEDIUM
NSFAS007216,Busisiwe Zulu,University of the Free State,Science,3,53.08,73.0,1,4,0,LOW
NSFAS007217,Thabo Dlamini,University of Stellenbosch,Education,4,40.0,60.0,1,2,80,HIGH
NSFAS007218,Nokuthula Dlamini,University of Stellenbosch,Science,3,40.0,44.0,4,1,100,HIGH
NSFAS007219,Zanele Khumalo,North-West University,Engineering,3,68.91,62.0,1,3,40,MEDIUM
NSFAS007220,Thabo Mabaso,University of Johannesburg,Engineering,2,30.0,42.0,3,0,100,HIGH
NSFAS007221,Lindiwe Ngcobo,University of KwaZulu-Natal,Education,2,43.75,34.0,3,4,100,HIGH
NSFAS007222,Tshepo Khumalo,University of Pretoria,Law,1,40.0,52.0,3,1,100,HIGH
NSFAS007223,Nokuthula Dlamini,North-West University,Law,1,34.6,35.0,3,1,100,HIGH
NSFAS007224,Themba Molefe,University of Stellenbosch,Law,4,46.84,0.0,1,4,80,HIGH
NSFAS007225,Mpho Mthethwa,University of Cape Town,Education,1,63.0,66.0,0,3,40,MEDIUM
NSFAS007226,Phumzile Mokoena,University of Cape Town,Science,1,75.0,75.0,1,3,0,LOW
NSFAS007227,Themba Nkosi,University of the Free State,Education,1,59.18,67.0,0,0,40,MEDIUM
NSFAS007228,Nomsa Mhlongo,University of Stellenbosch,Engineering,2,75.0,93.0,1,3,0,LOW
NSFAS007229,Phumzile Mokoena,University of Johannesburg,Education,3,30.0,33.0,3,0,100,HIGH
NSFAS007230,Phumzile Mahlangu,University of the Witwatersrand,Education,1,40.0,56.0,3,4,100,HIGH
NSFAS007231,Phumzile Nkosi,University of the Free State,Education,3,30.0,57.0,4,5,100,HIGH
NSFAS007232,Lindiwe Mthembu,University of the Witwatersrand,Education,4,30.0,38.0,3,2,100,HIGH
NSFAS007233,Andile Mkhize,University of Pretoria,Science,4,40.0,36.0,1,2,80,HIGH
NSFAS007234,Busisiwe Mthembu,University of the Witwatersrand,Law,1,49.38,62.0,0,0,80,HIGH
NSFAS007235,Kagiso Mahlangu,University of Pretoria,Engineering,3,75.0,82.0,0,5,0,LOW
NSFAS007236,Themba Molefe,University of Johannesburg,Science,2,40.0,21.0,3,0,100,HIGH
NSFAS007237,Andile Mhlongo,University of KwaZulu-Natal,Arts,1,75.0,90.0,0,1,0,LOW
NSFAS007238,Nomsa Nkosi,University of the Witwatersrand,Engineering,2,30.0,27.0,4,2,100,HIGH
NSFAS007239,Mpho Mthethwa,North-West University,Education,2,42.7,59.0,2,5,80,HIGH
NSFAS007240,Sipho Dlamini,University of Johannesburg,Law,3,40.0,48.0,2,4,80,HIGH
NSFAS007241,Zanele Dlamini,University of Stellenbosch,Arts,3,40.0,65.0,4,2,100,HIGH
NSFAS007242,Mpho Mthembu,North-West University,Education,2,75.0,81.0,1,2,0,LOW
NSFAS007243,Themba Dlamini,University of the Free State,Science,1,40.0,21.0,1,5,80,HIGH
NSFAS007244,Kagiso Khumalo,University of Johannesburg,Commerce,4,75.0,95.0,0,3,0,LOW
NSFAS007245,Nokuthula Mabaso,University of the Free State,Science,1,49.0,59.0,2,4,80,HIGH
NSFAS007246,Sipho Khumalo,University of the Free State,Education,3,40.0,27.0,4,5,100,HIGH
NSFAS007247,Nomsa Khumalo,University of Cape Town,Law,4,40.0,46.0,2,0,80,HIGH
NSFAS007248,Mpho Mokoena,University of the Free State,Education,3,77.4,92.0,0,3,0,LOW
NSFAS007249,Lerato Mabaso,University of Pretoria,Arts,4,75.0,0.0,1,0,40,MEDIUM
NSFAS007250,Thabo Zulu,University of Stellenbosch,Engineering,1,71.13,95.0,1,1,0,LOW
NSFAS007251,Andile Dlamini,University of Cape Town,Education,1,62.27,58.0,2,3,40,MEDIUM
NSFAS007252,Phumzile Mokoena,University of Cape Town,Commerce,4,95.0,79.0,1,1,0,LOW
NSFAS007253,Tshepo Mthethwa,North-West University,Science,4,40.0,58.0,1,4,80,HIGH
NSFAS007254,Lerato Mabaso,University of Johannesburg,Arts,2,62.27,62.0,1,2,40,MEDIUM
NSFAS007255,Nokuthula Mahlangu,University of Cape Town,Law,3,51.67,63.0,0,4,40,MEDIUM
NSFAS007256,Nomsa Mhlongo,University of Cape Town,Law,3,71.62,95.0,1,1,0,LOW
NSFAS007257,Kagiso Mkhize,University of KwaZulu-Natal,Engineering,2,59.77,85.0,1,1,0,LOW
NSFAS007258,Sibusiso Mhlongo,University of the Witwatersrand,Science,4,48.66,21.0,1,0,80,HIGH
NSFAS007259,Tshepo Mokoena,University of Stellenbosch,Engineering,4,63.63,84.0,0,5,0,LOW
NSFAS007260,Sibusiso Molefe,University of Johannesburg,Science,1,68.96,57.0,4,0,60,HIGH
NSFAS007261,Themba Ngcobo,University of Stellenbosch,Arts,3,72.77,84.0,1,4,0,LOW
NSFAS007262,Thabo Nkosi,University of KwaZulu-Natal,Education,3,66.34,74.0,1,3,0,LOW
NSFAS007263,Thabo Dlamini,University of Johannesburg,Commerce,4,50.73,83.0,0,5,0,LOW
NSFAS007264,Lindiwe Mabaso,University of the Free State,Commerce,1,45.39,35.0,1,5,80,HIGH
NSFAS007265,Lindiwe Zulu,University of KwaZulu-Natal,Arts,4,30.0,60.0,4,3,100,HIGH
NSFAS007266,Sipho Mahlangu,University of KwaZulu-Natal,Arts,1,49.0,49.0,2,0,80,HIGH
NSFAS007267,Sibusiso Mthethwa,University of the Free State,Commerce,3,55.84,82.0,1,3,0,LOW
NSFAS007268,Zanele Mthethwa,North-West University,Education,1,40.0,56.0,3,2,100,HIGH
NSFAS007269,Lindiwe Mahlangu,University of Stellenbosch,Education,1,40.31,35.0,2,1,80,HIGH
NSFAS007270,Andile Dlamini,North-West University,Law,1,75.0,88.0,1,0,0,LOW
NSFAS007271,Sipho Khumalo,University of the Witwatersrand,Arts,1,75.0,86.0,0,4,0,LOW
NSFAS007272,Andile Ngcobo,University of the Free State,Engineering,4,43.14,54.0,1,0,80,HIGH
NSFAS007273,Kagiso Mhlongo,University of KwaZulu-Natal,Arts,2,40.0,26.0,4,5,100,HIGH
NSFAS007274,Tshepo Mabaso,University of Cape Town,Education,3,47.4,63.0,0,0,80,HIGH
NSFAS007275,Mpho Nkosi,University of KwaZulu-Natal,Commerce,4,64.95,59.0,4,3,60,HIGH
NSFAS007276,Sipho Mhlongo,University of Cape Town,Education,3,75.0,95.0,0,0,0,LOW
NSFAS007277,Nokuthula Mokoena,University of Stellenbosch,Law,1,30.0,47.0,2,2,80,HIGH
NSFAS007278,Kagiso Dlamini,University of Stellenbosch,Engineering,1,69.97,85.0,0,4,0,LOW
NSFAS007279,Sibusiso Mthembu,University of KwaZulu-Natal,Arts,2,40.0,43.0,1,4,80,HIGH
NSFAS007280,Lindiwe Nkosi,University of Stellenbosch,Arts,2,72.26,82.0,0,1,0,LOW
NSFAS007281,Nomsa Mahlangu,University of KwaZulu-Natal,Engineering,2,75.0,91.0,0,0,0,LOW
NSFAS007282,Zanele Mkhize,University of Cape Town,Arts,2,75.0,95.0,1,5,0,LOW
NSFAS007283,Andile Nkosi,University of Pretoria,Law,2,40.0,48.0,3,2,100,HIGH
NSFAS007284,Themba Zulu,University of Johannesburg,Education,1,40.0,60.0,4,5,100,HIGH
NSFAS007285,Nomsa Mahlangu,University of Stellenbosch,Commerce,3,41.43,47.0,1,2,80,HIGH
NSFAS007286,Kagiso Mthethwa,University of Stellenbosch,Law,1,34.21,57.0,3,2,100,HIGH
NSFAS007287,Lerato Mahlangu,University of Cape Town,Education,3,95.0,81.0,1,2,0,LOW
NSFAS007288,Lindiwe Mabaso,University of Pretoria,Commerce,3,30.0,61.0,3,5,100,HIGH
NSFAS007289,Lerato Nkosi,University of the Free State,Science,1,40.0,51.0,3,2,100,HIGH
NSFAS007290,Tshepo Zulu,University of Johannesburg,Education,2,48.9,62.0,0,1,80,HIGH
NSFAS007291,Lerato Khumalo,University of KwaZulu-Natal,Science,3,30.0,29.0,2,1,80,HIGH
NSFAS007292,Kagiso Molefe,University of Johannesburg,Arts,4,30.0,42.0,3,5,100,HIGH
NSFAS007293,Tshepo Molefe,University of Stellenbosch,Education,2,75.0,81.0,1,5,0,LOW
NSFAS007294,Tshepo Mthethwa,University of the Free State,Commerce,4,40.0,50.0,1,4,80,HIGH
NSFAS007295,Thabo Ngcobo,University of Johannesburg,Law,1,47.96,36.0,1,1,80,HIGH
NSFAS007296,Busisiwe Mokoena,University of Pretoria,Arts,3,75.0,83.0,1,1,0,LOW
NSFAS007297,Lerato Khumalo,North-West University,Education,1,40.0,38.0,4,2,100,HIGH
NSFAS007298,Nokuthula Mahlangu,University of Cape Town,Science,1,30.0,44.0,3,2,100,HIGH
NSFAS007299,Andile Mhlongo,University of Cape Town,Education,3,45.56,26.0,3,2,100,HIGH
NSFAS007300,Nokuthula Zulu,University of the Free State,Education,2,49.53,64.0,0,5,80,HIGH
NSFAS007301,Sibusiso Nkosi,University of Cape Town,Arts,3,40.0,24.0,4,4,100,HIGH
NSFAS007302,Lerato Dlamini,University of Stellenbosch,Science,3,52.09,62.0,0,2,40,MEDIUM
NSFAS007303,Nokuthula Nkosi,University of Stellenbosch,Education,1,75.0,92.0,0,2,0,LOW
NSFAS007304,Andile Mahlangu,University of Cape Town,Commerce,2,70.59,94.0,0,0,0,LOW
NSFAS007305,Sipho Molefe,University of the Witwatersrand,Law,2,30.0,28.0,1,2,80,HIGH
NSFAS007306,Busisiwe Dlamini,University of the Free State,Science,4,46.25,58.0,4,0,100,HIGH
NSFAS007307,Lerato Khumalo,University of the Free State,Law,4,30.0,52.0,1,3,80,HIGH
NSFAS007308,Lerato Mkhize,North-West University,Commerce,1,50.05,78.0,1,3,0,LOW
NSFAS007309,Thabo Mthethwa,University of the Free State,Engineering,2,40.0,22.0,3,2,100,HIGH
NSFAS007310,Nomsa Khumalo,University of Stellenbosch,Law,4,45.12,48.0,2,5,80,HIGH
NSFAS007311,Nokuthula Mahlangu,University of Cape Town,Science,3,75.0,87.0,1,0,0,LOW
NSFAS007312,Lindiwe Mahlangu,University of KwaZulu-Natal,Arts,3,75.0,95.0,0,0,0,LOW
NSFAS007313,Nokuthula Mthembu,University of Pretoria,Commerce,1,30.0,20.0,4,2,100,HIGH
NSFAS007314,Zanele Ngcobo,University of Pretoria,Education,3,49.0,44.0,1,3,80,HIGH
NSFAS007315,Lindiwe Mahlangu,North-West University,Education,3,30.0,31.0,2,4,80,HIGH
NSFAS007316,Tshepo Mkhize,University of KwaZulu-Natal,Commerce,4,75.0,84.0,0,2,0,LOW
NSFAS007317,Mpho Zulu,University of Pretoria,Commerce,1,40.0,24.0,2,3,80,HIGH
NSFAS007318,Thabo Ngcobo,University of Johannesburg,Science,3,49.0,35.0,4,4,100,HIGH
NSFAS007319,Sipho Zulu,University of the Free State,Engineering,4,58.53,62.0,1,1,40,MEDIUM
NSFAS007320,Phumzile Mhlongo,University of the Free State,Science,1,40.0,38.0,3,5,100,HIGH
NSFAS007321,Sibusiso Ngcobo,University of the Witwatersrand,Engineering,4,40.0,30.0,2,0,80,HIGH
NSFAS007322,Lerato Mthembu,University of Stellenbosch,Science,4,89.28,87.0,0,1,0,LOW
NSFAS007323,Kagiso Mkhize,North-West University,Science,4,58.21,82.0,1,1,0,LOW
NSFAS007324,Busisiwe Mabaso,University of Cape Town,Education,1,40.0,57.0,4,3,100,HIGH
NSFAS007325,Thabo Mthembu,North-West University,Science,1,40.0,26.0,2,0,80,HIGH
NSFAS007326,Tshepo Mthethwa,University of Cape Town,Engineering,4,40.0,24.0,2,2,80,HIGH
NSFAS007327,Phumzile Mkhize,University of Pretoria,Science,3,40.0,36.0,1,1,80,HIGH
NSFAS007328,Themba Mahlangu,University of the Witwatersrand,Law,4,60.12,69.0,0,2,40,MEDIUM
NSFAS007329,Themba Mahlangu,University of Stellenbosch,Education,3,75.0,89.0,1,0,0,LOW
NSFAS007330,Nokuthula Mthethwa,University of the Free State,Law,4,40.0,61.0,2,4,80,HIGH
NSFAS007331,Sibusiso Dlamini,University of Pretoria,Engineering,4,75.0,84.0,0,0,0,LOW
NSFAS007332,Sibusiso Zulu,University of Johannesburg,Arts,1,68.6,83.0,0,1,0,LOW
NSFAS007333,Lerato Khumalo,University of Cape Town,Engineering,3,48.62,25.0,1,1,80,HIGH
NSFAS007334,Andile Mhlongo,University of KwaZulu-Natal,Commerce,4,73.26,83.0,1,1,0,LOW
NSFAS007335,Nokuthula Molefe,University of Johannesburg,Commerce,2,30.0,58.0,1,1,80,HIGH
NSFAS007336,Thabo Mhlongo,University of KwaZulu-Natal,Arts,1,47.16,63.0,1,2,80,HIGH
NSFAS007337,Busisiwe Mthethwa,University of Pretoria,Education,1,56.61,74.0,0,2,0,LOW
NSFAS007338,Sibusiso Mabaso,University of Pretoria,Science,4,57.82,75.0,1,5,0,LOW
NSFAS007339,Phumzile Molefe,North-West University,Engineering,4,40.0,48.0,4,4,100,HIGH
NSFAS007340,Nokuthula Zulu,University of KwaZulu-Natal,Science,2,38.64,24.0,1,0,80,HIGH
NSFAS007341,Kagiso Mokoena,University of Stellenbosch,Law,1,75.0,78.0,0,0,0,LOW
NSFAS007342,Nomsa Mhlongo,University of the Free State,Engineering,4,40.0,23.0,2,1,80,HIGH
NSFAS007343,Busisiwe Mhlongo,University of Stellenbosch,Commerce,4,62.09,61.0,1,2,40,MEDIUM
NSFAS007344,Thabo Zulu,University of KwaZulu-Natal,Engineering,2,60.75,82.0,1,3,0,LOW
NSFAS007345,Thabo Mabaso,University of KwaZulu-Natal,Arts,4,51.25,74.0,1,1,0,LOW
NSFAS007346,Busisiwe Khumalo,University of the Free State,Commerce,3,68.23,73.0,0,1,0,LOW
NSFAS007347,Phumzile Mahlangu,University of KwaZulu-Natal,Science,3,40.0,62.0,2,3,80,HIGH
NSFAS007348,Mpho Molefe,North-West University,Commerce,2,40.0,62.0,2,2,80,HIGH
NSFAS007349,Thabo Mabaso,University of the Free State,Science,4,92.68,85.0,1,1,0,LOW
NSFAS007350,Sipho Mthembu,University of the Free State,Science,3,86.33,81.0,0,0,0,LOW
NSFAS007351,Zanele Mabaso,University of Stellenbosch,Education,2,75.0,87.0,0,2,0,LOW
NSFAS007352,Thabo Mabaso,University of Johannesburg,Science,2,40.0,43.0,4,2,100,HIGH
NSFAS007353,Phumzile Mkhize,University of Pretoria,Law,3,81.29,88.0,0,3,0,LOW
NSFAS007354,Nomsa Dlamini,University of the Free State,Education,3,52.64,76.0,0,1,0,LOW
NSFAS007355,Thabo Mthembu,University of Cape Town,Law,2,30.0,48.0,4,0,100,HIGH
NSFAS007356,Phumzile Nkosi,University of Johannesburg,Engineering,1,30.0,65.0,2,2,80,HIGH
NSFAS007357,Zanele Mhlongo,University of Stellenbosch,Commerce,3,44.59,58.0,2,3,80,HIGH
NSFAS007358,Andile Zulu,University of Johannesburg,Science,2,60.43,78.0,1,0,0,LOW
NSFAS007359,Busisiwe Nkosi,University of the Witwatersrand,Engineering,3,75.0,81.0,1,4,0,LOW
NSFAS007360,Tshepo Mokoena,University of the Free State,Science,4,30.0,44.0,4,3,100,HIGH
NSFAS007361,Sibusiso Zulu,University of the Free State,Commerce,1,75.0,92.0,0,3,0,LOW
NSFAS007362,Busisiwe Ngcobo,University of the Free State,Science,1,67.17,81.0,0,0,0,LOW
NSFAS007363,Andile Nkosi,University of the Free State,Science,4,40.0,49.0,3,3,100,HIGH
NSFAS007364,Sipho Ngcobo,University of KwaZulu-Natal,Science,3,48.37,56.0,4,2,100,HIGH
NSFAS007365,Mpho Mahlangu,University of the Free State,Commerce,4,40.0,28.0,1,0,80,HIGH
NSFAS007366,Mpho Mthethwa,North-West University,Commerce,4,75.0,81.0,0,5,0,LOW
NSFAS007367,Nokuthula Ngcobo,University of Stellenbosch,Education,1,49.0,48.0,3,4,100,HIGH
NSFAS007368,Zanele Ngcobo,University of the Free State,Engineering,2,75.0,89.0,0,2,0,LOW
NSFAS007369,Zanele Mahlangu,University of Cape Town,Commerce,4,40.0,56.0,4,0,100,HIGH
NSFAS007370,Kagiso Mthethwa,University of the Witwatersrand,Law,1,43.06,65.0,4,2,100,HIGH
NSFAS007371,Phumzile Mahlangu,University of the Free State,Law,3,49.0,51.0,3,4,100,HIGH
NSFAS007372,Nomsa Zulu,University of Cape Town,Education,1,30.0,36.0,3,4,100,HIGH
NSFAS007373,Tshepo Molefe,University of the Witwatersrand,Commerce,4,75.0,80.0,0,2,0,LOW
NSFAS007374,Andile Mokoena,University of KwaZulu-Natal,Law,3,75.0,90.0,0,3,0,LOW
NSFAS007375,Kagiso Mkhize,University of Cape Town,Science,2,70.94,91.0,1,5,0,LOW
NSFAS007376,Nokuthula Dlamini,University of Pretoria,Law,4,75.0,79.0,0,1,0,LOW
NSFAS007377,Nomsa Mabaso,University of Pretoria,Engineering,3,42.21,45.0,3,1,100,HIGH
NSFAS007378,Sipho Khumalo,University of Stellenbosch,Science,3,75.0,82.0,1,0,0,LOW
NSFAS007379,Nokuthula Mhlongo,University of Cape Town,Law,1,53.41,80.0,1,0,0,LOW
NSFAS007380,Zanele Mahlangu,University of the Witwatersrand,Arts,3,33.02,35.0,1,0,80,HIGH
NSFAS007381,Sibusiso Mthembu,University of KwaZulu-Natal,Arts,1,30.0,26.0,1,3,80,HIGH
NSFAS007382,Thabo Mokoena,University of KwaZulu-Natal,Arts,1,57.88,71.0,1,3,0,LOW
NSFAS007383,Lindiwe Nkosi,University of KwaZulu-Natal,Science,3,30.0,41.0,1,4,80,HIGH
NSFAS007384,Lindiwe Molefe,University of the Witwatersrand,Commerce,4,75.0,89.0,1,5,0,LOW
NSFAS007385,Andile Mokoena,University of Stellenbosch,Arts,4,45.74,63.0,1,3,80,HIGH
NSFAS007386,Kagiso Mkhize,University of Stellenbosch,Education,2,52.36,0.0,1,0,40,MEDIUM
NSFAS007387,Kagiso Nkosi,University of Johannesburg,Arts,1,48.71,61.0,0,4,80,HIGH
NSFAS007388,Nomsa Khumalo,University of Stellenbosch,Science,2,75.0,91.0,1,3,0,LOW
NSFAS007389,Nokuthula Mkhize,University of the Witwatersrand,Law,2,43.52,39.0,4,5,100,HIGH
NSFAS007390,Kagiso Mthethwa,University of Stellenbosch,Engineering,3,46.09,23.0,4,4,100,HIGH
NSFAS007391,Lindiwe Mthethwa,North-West University,Law,4,75.0,95.0,0,2,0,LOW
NSFAS007392,Sipho Khumalo,University of the Witwatersrand,Engineering,2,72.75,79.0,1,0,0,LOW
NSFAS007393,Zanele Zulu,North-West University,Education,3,68.86,81.0,0,0,0,LOW
NSFAS007394,Phumzile Mhlongo,University of the Witwatersrand,Law,2,40.0,30.0,2,0,80,HIGH
NSFAS007395,Zanele Mthembu,University of KwaZulu-Natal,Science,2,68.84,62.0,1,4,40,MEDIUM
NSFAS007396,Busisiwe Molefe,University of KwaZulu-Natal,Science,1,30.0,51.0,3,0,100,HIGH
NSFAS007397,Nomsa Zulu,University of KwaZulu-Natal,Commerce,3,44.93,41.0,2,3,80,HIGH
NSFAS007398,Kagiso Mkhize,University of Stellenbosch,Education,3,58.42,80.0,0,0,0,LOW
NSFAS007399,Nokuthula Mthethwa,North-West University,Education,4,40.0,29.0,4,2,100,HIGH
NSFAS007400,Phumzile Dlamini,University of Pretoria,Science,2,49.91,28.0,3,1,100,HIGH
NSFAS007401,Phumzile Mabaso,University of Johannesburg,Law,1,75.0,86.0,0,2,0,LOW
NSFAS007402,Kagiso Molefe,University of the Witwatersrand,Commerce,3,40.0,38.0,3,5,100,HIGH
NSFAS007403,Busisiwe Khumalo,University of Stellenbosch,Law,4,40.0,38.0,4,0,100,HIGH
NSFAS007404,Lerato Zulu,University of Stellenbosch,Commerce,3,45.8,51.0,3,3,100,HIGH
NSFAS007405,Phumzile Mthembu,University of KwaZulu-Natal,Engineering,4,30.0,37.0,4,5,100,HIGH
NSFAS007406,Lindiwe Ngcobo,University of Stellenbosch,Science,2,72.29,86.0,0,1,0,LOW
NSFAS007407,Lerato Mahlangu,University of Stellenbosch,Engineering,2,75.0,95.0,1,0,0,LOW
NSFAS007408,Nomsa Khumalo,University of Johannesburg,Commerce,2,75.0,87.0,0,4,0,LOW
NSFAS007409,Sibusiso Ngcobo,University of the Witwatersrand,Science,1,40.0,63.0,2,1,80,HIGH
NSFAS007410,Andile Mabaso,University of the Free State,Law,4,40.0,38.0,3,4,100,HIGH
NSFAS007411,Kagiso Ngcobo,University of the Witwatersrand,Law,1,51.95,74.0,1,2,0,LOW
NSFAS007412,Phumzile Ngcobo,University of Stellenbosch,Law,2,40.0,34.0,3,5,100,HIGH
NSFAS007413,Andile Mahlangu,University of the Witwatersrand,Law,3,40.0,33.0,3,4,100,HIGH
NSFAS007414,Kagiso Mkhize,University of Johannesburg,Arts,1,40.0,43.0,3,0,100,HIGH
NSFAS007415,Zanele Mthethwa,University of Johannesburg,Law,4,40.0,40.0,4,0,100,HIGH
NSFAS007416,Nokuthula Dlamini,University of Pretoria,Commerce,4,64.15,60.0,0,3,40,MEDIUM
NSFAS007417,Sibusiso Dlamini,University of Stellenbosch,Commerce,2,75.0,81.0,0,0,0,LOW
NSFAS007418,Nokuthula Molefe,North-West University,Engineering,3,53.74,56.0,3,5,60,HIGH
NSFAS007419,Andile Zulu,University of the Free State,Arts,2,40.0,21.0,3,0,100,HIGH
NSFAS007420,Andile Mhlongo,University of Cape Town,Commerce,1,45.26,45.0,3,5,100,HIGH
NSFAS007421,Nomsa Molefe,University of the Witwatersrand,Arts,1,75.0,76.0,1,2,0,LOW
NSFAS007422,Lindiwe Molefe,University of Cape Town,Science,1,40.0,37.0,3,1,100,HIGH
NSFAS007423,Sipho Mhlongo,University of Pretoria,Science,2,30.0,43.0,1,5,80,HIGH
NSFAS007424,Sipho Dlamini,University of Cape Town,Science,1,40.0,29.0,2,4,80,HIGH
NSFAS007425,Kagiso Mabaso,University of Johannesburg,Arts,2,71.97,77.0,1,5,0,LOW
NSFAS007426,Nomsa Mhlongo,North-West University,Science,4,43.16,41.0,1,0,80,HIGH
NSFAS007427,Lindiwe Mahlangu,University of Johannesburg,Engineering,2,55.9,63.0,0,1,40,MEDIUM
NSFAS007428,Kagiso Mkhize,University of Pretoria,Education,3,40.0,64.0,3,1,100,HIGH
NSFAS007429,Lerato Nkosi,University of the Free State,Law,2,30.0,59.0,1,4,80,HIGH
NSFAS007430,Kagiso Khumalo,University of the Witwatersrand,Science,1,75.0,89.0,0,4,0,LOW
NSFAS007431,Phumzile Dlamini,University of Stellenbosch,Engineering,3,40.0,21.0,2,4,80,HIGH
NSFAS007432,Lindiwe Mokoena,University of Johannesburg,Education,3,40.0,44.0,4,4,100,HIGH
NSFAS007433,Busisiwe Mokoena,North-West University,Education,3,75.0,91.0,1,0,0,LOW
NSFAS007434,Thabo Ngcobo,University of the Witwatersrand,Commerce,2,69.39,73.0,0,5,0,LOW
NSFAS007435,Lerato Mkhize,University of Stellenbosch,Education,4,67.6,65.0,0,1,40,MEDIUM
NSFAS007436,Andile Mhlongo,University of Johannesburg,Education,2,40.0,55.0,4,0,100,HIGH
NSFAS007437,Lindiwe Mokoena,University of Stellenbosch,Science,4,42.68,35.0,2,1,80,HIGH
NSFAS007438,Busisiwe Mhlongo,North-West University,Science,2,75.0,95.0,0,2,0,LOW
NSFAS007439,Lerato Mokoena,University of the Witwatersrand,Arts,3,54.9,77.0,0,4,0,LOW
NSFAS007440,Andile Mkhize,University of Cape Town,Science,2,75.0,95.0,0,4,0,LOW
NSFAS007441,Sipho Ngcobo,University of the Witwatersrand,Arts,2,91.01,91.0,0,2,0,LOW
NSFAS007442,Nokuthula Mkhize,University of the Witwatersrand,Commerce,3,42.14,48.0,1,2,80,HIGH
NSFAS007443,Lerato Mokoena,University of KwaZulu-Natal,Education,4,71.27,91.0,1,2,0,LOW
NSFAS007444,Zanele Mkhize,University of the Free State,Commerce,3,75.0,95.0,0,1,0,LOW
NSFAS007445,Sipho Mokoena,University of Johannesburg,Law,2,75.0,95.0,1,2,0,LOW
NSFAS007446,Busisiwe Mokoena,University of Cape Town,Engineering,3,43.11,33.0,4,3,100,HIGH
NSFAS007447,Lindiwe Mahlangu,University of KwaZulu-Natal,Law,4,45.08,55.0,3,5,100,HIGH
NSFAS007448,Nokuthula Mhlongo,University of the Free State,Commerce,2,40.0,45.0,1,5,80,HIGH
NSFAS007449,Nokuthula Molefe,University of Pretoria,Law,2,75.0,83.0,0,4,0,LOW
NSFAS007450,Nomsa Mhlongo,University of Johannesburg,Arts,4,48.41,32.0,2,1,80,HIGH
NSFAS007451,Mpho Mkhize,University of KwaZulu-Natal,Law,2,30.0,63.0,1,2,80,HIGH
NSFAS007452,Kagiso Mabaso,University of Cape Town,Arts,1,53.59,76.0,0,0,0,LOW
NSFAS007453,Kagiso Nkosi,University of the Witwatersrand,Engineering,3,75.0,94.0,1,2,0,LOW
NSFAS007454,Lindiwe Mabaso,North-West University,Engineering,3,40.0,34.0,2,0,80,HIGH
NSFAS007455,Thabo Mkhize,University of Stellenbosch,Commerce,2,62.03,77.0,1,0,0,LOW
NSFAS007456,Zanele Mahlangu,University of KwaZulu-Natal,Arts,4,40.0,51.0,3,1,100,HIGH
NSFAS007457,Zanele Mokoena,North-West University,Law,1,30.0,27.0,1,1,80,HIGH
NSFAS007458,Nokuthula Mthethwa,University of the Witwatersrand,Law,2,65.19,77.0,1,4,0,LOW
NSFAS007459,Zanele Ngcobo,University of Pretoria,Education,1,51.88,78.0,1,2,0,LOW
NSFAS007460,Andile Mthembu,University of Johannesburg,Science,1,75.0,93.0,1,2,0,LOW
NSFAS007461,Lindiwe Khumalo,University of the Witwatersrand,Commerce,3,40.0,42.0,3,4,100,HIGH
NSFAS007462,Thabo Khumalo,University of the Free State,Arts,2,57.5,56.0,3,4,60,HIGH
NSFAS007463,Sipho Mahlangu,University of Stellenbosch,Law,1,40.0,24.0,3,1,100,HIGH
NSFAS007464,Thabo Khumalo,University of the Free State,Science,1,40.0,24.0,1,3,80,HIGH
NSFAS007465,Nomsa Mhlongo,University of KwaZulu-Natal,Education,1,40.0,44.0,1,5,80,HIGH
NSFAS007466,Lindiwe Mahlangu,University of Cape Town,Education,2,40.0,45.0,4,5,100,HIGH
NSFAS007467,Tshepo Mahlangu,University of KwaZulu-Natal,Engineering,3,40.0,30.0,4,2,100,HIGH
NSFAS007468,Lindiwe Dlamini,University of the Witwatersrand,Law,3,75.0,79.0,0,4,0,LOW
NSFAS007469,Thabo Mabaso,University of the Witwatersrand,Arts,3,33.59,51.0,4,0,100,HIGH
NSFAS007470,Sipho Mhlongo,University of KwaZulu-Natal,Commerce,4,75.0,95.0,1,1,0,LOW
NSFAS007471,Lerato Dlamini,University of the Witwatersrand,Arts,1,70.84,95.0,0,2,0,LOW
NSFAS007472,Lindiwe Mkhize,University of Stellenbosch,Commerce,2,54.21,73.0,1,3,0,LOW
NSFAS007473,Nomsa Mokoena,University of Johannesburg,Commerce,2,75.0,84.0,0,2,0,LOW
NSFAS007474,Zanele Mabaso,University of KwaZulu-Natal,Education,1,86.13,95.0,0,5,0,LOW
NSFAS007475,Sibusiso Nkosi,North-West University,Science,1,75.0,85.0,0,3,0,LOW
NSFAS007476,Zanele Nkosi,University of Cape Town,Arts,4,40.0,34.0,1,4,80,HIGH
NSFAS007477,Thabo Mabaso,University of the Free State,Engineering,4,48.23,45.0,1,3,80,HIGH
NSFAS007478,Lerato Khumalo,University of KwaZulu-Natal,Engineering,1,41.25,46.0,1,0,80,HIGH
NSFAS007479,Andile Mahlangu,North-West University,Commerce,1,51.11,72.0,1,0,0,LOW
NSFAS007480,Kagiso Mthethwa,University of the Free State,Science,4,95.0,95.0,1,1,0,LOW
NSFAS007481,Tshepo Mabaso,North-West University,Commerce,2,51.26,60.0,0,1,40,MEDIUM
NSFAS007482,Kagiso Nkosi,University of the Free State,Commerce,1,40.0,38.0,3,0,100,HIGH
NSFAS007483,Nomsa Zulu,University of Johannesburg,Arts,1,48.98,58.0,2,3,80,HIGH
NSFAS007484,Themba Mkhize,University of Johannesburg,Engineering,4,56.5,58.0,2,1,40,MEDIUM
NSFAS007485,Tshepo Mabaso,North-West University,Science,2,30.0,34.0,4,0,100,HIGH
NSFAS007486,Lerato Dlamini,University of Johannesburg,Education,4,65.57,66.0,0,4,40,MEDIUM
NSFAS007487,Sipho Nkosi,University of Cape Town,Commerce,1,53.99,0.0,1,3,40,MEDIUM
NSFAS007488,Tshepo Dlamini,University of Cape Town,Law,2,46.1,44.0,2,0,80,HIGH
NSFAS007489,Nokuthula Khumalo,University of Johannesburg,Engineering,3,69.31,79.0,1,1,0,LOW
NSFAS007490,Lerato Mthembu,University of Johannesburg,Education,1,40.0,28.0,4,0,100,HIGH
NSFAS007491,Mpho Mthethwa,North-West University,Engineering,4,48.22,56.0,4,2,100,HIGH
NSFAS007492,Thabo Mthethwa,North-West University,Law,2,63.0,64.0,1,2,40,MEDIUM
NSFAS007493,Tshepo Ngcobo,University of Pretoria,Law,2,49.0,27.0,1,5,80,HIGH
NSFAS007494,Lindiwe Khumalo,University of Pretoria,Law,2,40.0,37.0,4,1,100,HIGH
NSFAS007495,Andile Ngcobo,North-West University,Engineering,4,30.0,25.0,1,5,80,HIGH
NSFAS007496,Thabo Mkhize,University of the Free State,Science,2,86.02,92.0,1,4,0,LOW
NSFAS007497,Nomsa Zulu,University of Johannesburg,Law,4,72.39,79.0,0,5,0,LOW
NSFAS007498,Mpho Khumalo,University of Johannesburg,Commerce,3,30.0,38.0,4,5,100,HIGH
NSFAS007499,Andile Dlamini,University of Johannesburg,Education,2,75.0,95.0,1,1,0,LOW
NSFAS007500,Phumzile Mabaso,University of Cape Town,Engineering,1,44.6,57.0,3,1,100,HIGH
NSFAS007501,Nomsa Mthethwa,University of the Free State,Law,4,40.0,25.0,4,4,100,HIGH
NSFAS007502,Lerato Mkhize,University of the Witwatersrand,Engineering,2,40.0,27.0,1,5,80,HIGH
NSFAS007503,Mpho Molefe,University of Johannesburg,Law,3,85.61,85.0,0,1,0,LOW
NSFAS007504,Lerato Mthembu,University of Cape Town,Arts,2,75.0,78.0,0,4,0,LOW
NSFAS007505,Busisiwe Molefe,North-West University,Engineering,3,43.99,36.0,1,3,80,HIGH
NSFAS007506,Mpho Mabaso,University of KwaZulu-Natal,Science,1,41.28,25.0,1,4,80,HIGH
NSFAS007507,Sipho Mabaso,University of the Free State,Engineering,1,43.99,53.0,2,0,80,HIGH
NSFAS007508,Nokuthula Mabaso,University of KwaZulu-Natal,Engineering,2,40.0,54.0,1,5,80,HIGH
NSFAS007509,Themba Nkosi,University of the Witwatersrand,Arts,4,40.0,26.0,2,5,80,HIGH
NSFAS007510,Themba Mthethwa,University of Stellenbosch,Engineering,2,59.05,72.0,0,4,0,LOW
NSFAS007511,Tshepo Zulu,University of the Witwatersrand,Commerce,1,46.68,45.0,1,4,80,HIGH
NSFAS007512,Zanele Mthethwa,North-West University,Engineering,1,40.0,39.0,4,4,100,HIGH
NSFAS007513,Themba Molefe,University of Stellenbosch,Law,4,59.73,73.0,0,3,0,LOW
NSFAS007514,Zanele Mokoena,University of the Free State,Arts,4,75.0,82.0,0,5,0,LOW
NSFAS007515,Andile Ngcobo,University of KwaZulu-Natal,Education,3,40.0,38.0,1,1,80,HIGH
NSFAS007516,Themba Mthethwa,University of the Witwatersrand,Science,3,69.14,70.0,0,4,0,LOW
NSFAS007517,Nomsa Mthembu,University of KwaZulu-Natal,Engineering,3,38.87,60.0,1,5,80,HIGH
NSFAS007518,Kagiso Dlamini,University of Pretoria,Science,3,75.0,76.0,0,1,0,LOW
NSFAS007519,Phumzile Khumalo,University of Johannesburg,Science,3,30.0,55.0,3,1,100,HIGH
NSFAS007520,Sipho Mthethwa,University of Pretoria,Arts,1,42.88,23.0,1,3,80,HIGH
NSFAS007521,Kagiso Dlamini,North-West University,Commerce,2,40.0,44.0,2,5,80,HIGH
NSFAS007522,Zanele Mabaso,University of Stellenbosch,Commerce,1,54.72,64.0,0,0,40,MEDIUM
NSFAS007523,Kagiso Mthembu,University of KwaZulu-Natal,Engineering,1,70.55,95.0,1,4,0,LOW
NSFAS007524,Tshepo Mokoena,University of Cape Town,Engineering,3,75.0,75.0,1,3,0,LOW
NSFAS007525,Nokuthula Mhlongo,University of KwaZulu-Natal,Commerce,2,40.0,56.0,1,5,80,HIGH
NSFAS007526,Nokuthula Molefe,University of KwaZulu-Natal,Science,2,40.0,63.0,4,5,100,HIGH
NSFAS007527,Themba Zulu,University of Johannesburg,Science,4,45.46,43.0,3,5,100,HIGH
NSFAS007528,Kagiso Mkhize,University of the Witwatersrand,Arts,2,47.93,44.0,3,5,100,HIGH
NSFAS007529,Themba Molefe,University of KwaZulu-Natal,Commerce,4,58.23,80.0,0,1,0,LOW
NSFAS007530,Mpho Mthembu,University of KwaZulu-Natal,Education,1,67.43,82.0,0,1,0,LOW
NSFAS007531,Kagiso Nkosi,University of Cape Town,Arts,2,75.0,95.0,0,3,0,LOW
NSFAS007532,Kagiso Mhlongo,University of the Free State,Law,3,40.0,28.0,1,0,80,HIGH
NSFAS007533,Lindiwe Dlamini,University of the Witwatersrand,Science,3,40.0,22.0,1,5,80,HIGH
NSFAS007534,Lerato Mthembu,University of Cape Town,Science,3,40.0,54.0,4,2,100,HIGH
NSFAS007535,Lerato Mhlongo,University of KwaZulu-Natal,Science,2,68.16,73.0,0,5,0,LOW
NSFAS007536,Sipho Mthethwa,University of KwaZulu-Natal,Law,3,40.0,32.0,2,2,80,HIGH
NSFAS007537,Sibusiso Mkhize,University of KwaZulu-Natal,Arts,1,40.0,62.0,4,2,100,HIGH
NSFAS007538,Phumzile Khumalo,University of Johannesburg,Arts,1,75.0,75.0,0,1,0,LOW
NSFAS007539,Busisiwe Ngcobo,University of Pretoria,Law,1,72.04,93.0,0,3,0,LOW
NSFAS007540,Andile Dlamini,University of KwaZulu-Natal,Commerce,2,40.0,47.0,1,5,80,HIGH
NSFAS007541,Nomsa Nkosi,University of Pretoria,Engineering,2,40.0,60.0,2,1,80,HIGH
NSFAS007542,Zanele Mabaso,University of Johannesburg,Arts,1,75.0,95.0,1,0,0,LOW
NSFAS007543,Andile Khumalo,University of Pretoria,Law,4,40.0,50.0,2,2,80,HIGH
NSFAS007544,Tshepo Mahlangu,University of the Free State,Education,1,48.97,50.0,4,3,100,HIGH
NSFAS007545,Phumzile Mthethwa,University of Pretoria,Education,3,75.0,81.0,1,3,0,LOW
NSFAS007546,Lindiwe Zulu,University of Johannesburg,Arts,3,70.3,85.0,0,0,0,LOW
NSFAS007547,Phumzile Mkhize,University of the Witwatersrand,Engineering,2,40.0,61.0,2,4,80,HIGH
NSFAS007548,Busisiwe Mthembu,University of Pretoria,Arts,2,63.58,82.0,0,3,0,LOW
NSFAS007549,Kagiso Mthethwa,University of Stellenbosch,Law,4,30.0,29.0,1,2,80,HIGH
NSFAS007550,Sipho Ngcobo,University of Pretoria,Law,4,75.0,86.0,0,0,0,LOW
NSFAS007551,Lerato Mahlangu,University of Pretoria,Engineering,1,52.41,61.0,0,5,40,MEDIUM
NSFAS007552,Phumzile Mthembu,University of KwaZulu-Natal,Law,3,50.47,85.0,1,1,0,LOW
NSFAS007553,Lindiwe Mhlongo,University of Johannesburg,Engineering,3,75.0,94.0,0,1,0,LOW
NSFAS007554,Busisiwe Mokoena,University of the Witwatersrand,Science,4,40.0,46.0,1,4,80,HIGH
NSFAS007555,Nomsa Khumalo,University of Stellenbosch,Science,3,40.71,55.0,2,3,80,HIGH
NSFAS007556,Mpho Mahlangu,University of Stellenbosch,Engineering,2,40.0,28.0,4,4,100,HIGH
NSFAS007557,Nomsa Dlamini,University of the Free State,Engineering,4,62.99,69.0,1,5,40,MEDIUM
NSFAS007558,Nokuthula Mabaso,North-West University,Arts,4,30.0,33.0,2,1,80,HIGH
NSFAS007559,Kagiso Dlamini,University of KwaZulu-Natal,Commerce,1,48.55,46.0,4,1,100,HIGH
NSFAS007560,Lindiwe Khumalo,University of KwaZulu-Natal,Science,2,75.0,91.0,1,5,0,LOW
NSFAS007561,Thabo Ngcobo,University of the Free State,Engineering,4,40.0,57.0,2,4,80,HIGH
NSFAS007562,Nokuthula Mkhize,University of Stellenbosch,Law,2,74.54,79.0,0,5,0,LOW
NSFAS007563,Sipho Ngcobo,University of Pretoria,Engineering,1,40.0,46.0,4,5,100,HIGH
NSFAS007564,Nokuthula Molefe,University of Johannesburg,Science,2,40.0,51.0,4,4,100,HIGH
NSFAS007565,Sibusiso Zulu,University of the Free State,Science,1,56.6,66.0,1,0,40,MEDIUM
NSFAS007566,Mpho Khumalo,University of KwaZulu-Natal,Commerce,1,75.0,78.0,1,1,0,LOW
NSFAS007567,Zanele Mthembu,University of Stellenbosch,Engineering,4,30.0,41.0,3,3,100,HIGH
NSFAS007568,Thabo Mkhize,University of the Witwatersrand,Commerce,3,85.11,77.0,0,0,0,LOW
NSFAS007569,Sibusiso Molefe,University of KwaZulu-Natal,Science,4,31.64,30.0,1,4,80,HIGH
NSFAS007570,Thabo Mthembu,University of Pretoria,Arts,2,59.63,56.0,3,3,60,HIGH
NSFAS007571,Thabo Mhlongo,University of Stellenbosch,Commerce,4,30.0,41.0,3,4,100,HIGH
NSFAS007572,Sipho Mthethwa,University of Johannesburg,Education,3,40.0,52.0,4,0,100,HIGH
NSFAS007573,Kagiso Mokoena,University of Stellenbosch,Arts,4,59.06,60.0,0,4,40,MEDIUM
NSFAS007574,Busisiwe Mthethwa,University of the Free State,Education,4,47.73,57.0,4,5,100,HIGH
NSFAS007575,Busisiwe Zulu,North-West University,Education,2,40.0,42.0,1,0,80,HIGH
NSFAS007576,Tshepo Mahlangu,University of Pretoria,Education,4,30.0,37.0,2,4,80,HIGH
NSFAS007577,Kagiso Nkosi,University of Cape Town,Engineering,2,62.31,56.0,4,4,60,HIGH
NSFAS007578,Mpho Khumalo,University of Pretoria,Science,3,30.0,32.0,2,4,80,HIGH
NSFAS007579,Phumzile Mhlongo,North-West University,Education,3,40.0,43.0,1,5,80,HIGH
NSFAS007580,Lerato Khumalo,University of Johannesburg,Commerce,2,40.0,46.0,2,3,80,HIGH
NSFAS007581,Thabo Mabaso,University of Cape Town,Science,2,65.1,72.0,0,5,0,LOW
NSFAS007582,Lindiwe Nkosi,University of the Free State,Engineering,1,40.0,56.0,4,3,100,HIGH
NSFAS007583,Sibusiso Ngcobo,University of Johannesburg,Education,4,75.0,81.0,1,0,0,LOW
NSFAS007584,Lerato Khumalo,University of KwaZulu-Natal,Law,3,43.01,37.0,1,4,80,HIGH
NSFAS007585,Lindiwe Zulu,University of Cape Town,Science,4,70.62,95.0,1,4,0,LOW
NSFAS007586,Nokuthula Khumalo,University of the Witwatersrand,Arts,3,75.0,79.0,1,4,0,LOW
NSFAS007587,Kagiso Mthethwa,University of Stellenbosch,Commerce,4,40.0,24.0,3,1,100,HIGH
NSFAS007588,Tshepo Mthethwa,University of Cape Town,Engineering,1,78.08,95.0,1,4,0,LOW
NSFAS007589,Mpho Mabaso,University of KwaZulu-Natal,Law,1,43.04,23.0,2,3,80,HIGH
NSFAS007590,Phumzile Nkosi,University of Cape Town,Law,3,75.0,83.0,0,3,0,LOW
NSFAS007591,Thabo Dlamini,North-West University,Commerce,1,45.74,57.0,4,4,100,HIGH
NSFAS007592,Zanele Mkhize,University of Cape Town,Engineering,1,40.0,41.0,1,3,80,HIGH
NSFAS007593,Tshepo Mabaso,University of KwaZulu-Natal,Commerce,2,60.97,75.0,1,1,0,LOW
NSFAS007594,Andile Mabaso,University of the Witwatersrand,Law,4,53.8,64.0,1,2,40,MEDIUM
NSFAS007595,Lindiwe Mthembu,University of Johannesburg,Education,1,54.94,73.0,0,2,0,LOW
NSFAS007596,Andile Molefe,University of Pretoria,Commerce,3,49.0,23.0,1,0,80,HIGH
NSFAS007597,Nomsa Mthembu,North-West University,Arts,3,40.0,20.0,2,5,80,HIGH
NSFAS007598,Lindiwe Mahlangu,North-West University,Arts,1,40.0,60.0,2,0,80,HIGH
NSFAS007599,Mpho Mahlangu,University of the Free State,Science,2,40.0,62.0,2,1,80,HIGH
NSFAS007600,Mpho Zulu,University of the Free State,Education,3,59.95,58.0,2,3,40,MEDIUM
NSFAS007601,Kagiso Zulu,University of KwaZulu-Natal,Arts,3,72.18,83.0,0,3,0,LOW
NSFAS007602,Sipho Dlamini,University of the Free State,Education,4,40.0,27.0,4,5,100,HIGH
NSFAS007603,Sibusiso Nkosi,University of the Free State,Engineering,1,75.0,85.0,0,3,0,LOW
NSFAS007604,Lerato Dlamini,North-West University,Science,3,44.53,34.0,3,2,100,HIGH
NSFAS007605,Nomsa Mahlangu,University of Cape Town,Engineering,2,30.0,24.0,3,0,100,HIGH
NSFAS007606,Andile Mthembu,University of Stellenbosch,Education,3,49.0,48.0,1,3,80,HIGH
NSFAS007607,Sibusiso Mkhize,University of Johannesburg,Law,4,79.46,77.0,0,0,0,LOW
NSFAS007608,Lindiwe Ngcobo,University of Cape Town,Arts,4,30.0,44.0,1,4,80,HIGH
NSFAS007609,Themba Nkosi,University of Johannesburg,Engineering,2,41.54,32.0,2,2,80,HIGH
NSFAS007610,Zanele Mkhize,University of Cape Town,Commerce,1,40.0,41.0,4,3,100,HIGH
NSFAS007611,Mpho Khumalo,University of Stellenbosch,Science,2,40.0,55.0,4,0,100,HIGH
NSFAS007612,Mpho Zulu,North-West University,Arts,1,40.0,0.0,4,1,100,HIGH
NSFAS007613,Busisiwe Khumalo,University of Stellenbosch,Commerce,1,64.94,56.0,4,0,60,HIGH
NSFAS007614,Lerato Mahlangu,University of the Free State,Education,3,30.0,29.0,4,3,100,HIGH
NSFAS007615,Zanele Mahlangu,North-West University,Science,1,70.76,93.0,0,2,0,LOW
NSFAS007616,Sibusiso Zulu,North-West University,Science,3,42.12,31.0,3,1,100,HIGH
NSFAS007617,Sibusiso Mahlangu,University of Johannesburg,Education,2,45.4,48.0,2,5,80,HIGH
NSFAS007618,Sipho Khumalo,University of Cape Town,Science,4,56.4,60.0,1,2,40,MEDIUM
NSFAS007619,Sipho Ngcobo,University of the Free State,Science,1,47.71,38.0,1,2,80,HIGH
NSFAS007620,Sipho Zulu,University of the Free State,Education,4,41.23,31.0,1,3,80,HIGH
NSFAS007621,Nomsa Mkhize,University of KwaZulu-Natal,Commerce,4,75.0,80.0,1,0,0,LOW
NSFAS007622,Sipho Mokoena,University of the Free State,Science,4,58.6,63.0,0,2,40,MEDIUM
NSFAS007623,Tshepo Zulu,University of the Free State,Engineering,4,95.0,95.0,0,2,0,LOW
NSFAS007624,Lindiwe Dlamini,University of Johannesburg,Arts,1,30.0,64.0,4,2,100,HIGH
NSFAS007625,Mpho Zulu,University of KwaZulu-Natal,Arts,1,58.54,66.0,1,5,40,MEDIUM
NSFAS007626,Busisiwe Mokoena,University of the Free State,Arts,2,50.8,61.0,0,4,40,MEDIUM
NSFAS007627,Lindiwe Dlamini,University of the Free State,Engineering,1,75.0,83.0,1,5,0,LOW
NSFAS007628,Thabo Ngcobo,University of Pretoria,Arts,2,75.0,88.0,0,3,0,LOW
NSFAS007629,Lerato Dlamini,North-West University,Science,2,40.0,31.0,4,2,100,HIGH
NSFAS007630,Busisiwe Mthembu,University of Cape Town,Engineering,4,45.53,26.0,2,5,80,HIGH
NSFAS007631,Tshepo Mabaso,North-West University,Engineering,2,40.0,65.0,3,2,100,HIGH
NSFAS007632,Thabo Zulu,University of Cape Town,Science,4,40.0,39.0,1,3,80,HIGH
NSFAS007633,Kagiso Mthethwa,University of Stellenbosch,Arts,4,40.0,56.0,4,4,100,HIGH
NSFAS007634,Kagiso Mabaso,University of Cape Town,Engineering,3,40.0,37.0,2,2,80,HIGH
NSFAS007635,Lerato Mthembu,University of the Witwatersrand,Education,4,75.0,84.0,0,4,0,LOW
NSFAS007636,Mpho Mkhize,University of Pretoria,Science,4,51.49,85.0,1,3,0,LOW
NSFAS007637,Mpho Mhlongo,University of Cape Town,Commerce,1,75.81,84.0,0,5,0,LOW
NSFAS007638,Lerato Zulu,University of Johannesburg,Engineering,2,75.0,94.0,0,5,0,LOW
NSFAS007639,Busisiwe Khumalo,University of KwaZulu-Natal,Engineering,3,49.0,40.0,2,3,80,HIGH
NSFAS007640,Busisiwe Mkhize,University of the Witwatersrand,Engineering,1,42.2,31.0,2,2,80,HIGH
NSFAS007641,Zanele Molefe,University of Johannesburg,Arts,4,54.99,78.0,0,3,0,LOW
NSFAS007642,Mpho Mabaso,University of the Witwatersrand,Education,2,52.4,78.0,1,5,0,LOW
NSFAS007643,Sipho Dlamini,University of the Free State,Arts,4,40.0,40.0,4,0,100,HIGH
NSFAS007644,Nokuthula Mokoena,University of Pretoria,Science,1,40.0,43.0,4,3,100,HIGH
NSFAS007645,Phumzile Mkhize,University of the Witwatersrand,Science,3,40.0,65.0,1,2,80,HIGH
NSFAS007646,Mpho Mhlongo,University of Stellenbosch,Law,4,75.0,80.0,0,0,0,LOW
NSFAS007647,Sipho Mokoena,University of KwaZulu-Natal,Law,2,74.8,95.0,1,2,0,LOW
NSFAS007648,Andile Dlamini,North-West University,Education,4,43.38,55.0,1,3,80,HIGH
NSFAS007649,Zanele Mahlangu,University of Pretoria,Commerce,4,40.0,54.0,1,5,80,HIGH
NSFAS007650,Zanele Ngcobo,University of Pretoria,Engineering,2,40.0,29.0,2,0,80,HIGH
NSFAS007651,Mpho Dlamini,University of KwaZulu-Natal,Engineering,3,57.71,79.0,0,1,0,LOW
NSFAS007652,Mpho Mabaso,North-West University,Engineering,1,70.61,81.0,1,1,0,LOW
NSFAS007653,Andile Mhlongo,University of Pretoria,Law,2,30.0,23.0,2,3,80,HIGH
NSFAS007654,Sipho Dlamini,University of the Free State,Arts,1,33.22,65.0,1,5,80,HIGH
NSFAS007655,Thabo Mahlangu,University of KwaZulu-Natal,Engineering,3,55.49,59.0,4,5,60,HIGH
NSFAS007656,Mpho Mhlongo,University of the Witwatersrand,Science,1,73.94,89.0,1,5,0,LOW
NSFAS007657,Sibusiso Mabaso,University of KwaZulu-Natal,Science,3,44.76,29.0,2,4,80,HIGH
NSFAS007658,Nokuthula Mokoena,University of Stellenbosch,Education,4,40.0,20.0,2,5,80,HIGH
NSFAS007659,Busisiwe Molefe,University of Stellenbosch,Education,4,75.0,79.0,0,2,0,LOW
NSFAS007660,Busisiwe Mkhize,University of Johannesburg,Arts,4,46.55,47.0,3,0,100,HIGH
NSFAS007661,Nokuthula Mhlongo,University of Cape Town,Science,2,75.0,91.0,1,2,0,LOW
NSFAS007662,Kagiso Mabaso,University of Pretoria,Commerce,3,62.41,60.0,0,0,40,MEDIUM
NSFAS007663,Mpho Ngcobo,University of KwaZulu-Natal,Science,1,40.0,24.0,1,5,80,HIGH
NSFAS007664,Themba Dlamini,University of Pretoria,Education,4,51.72,71.0,1,2,0,LOW
NSFAS007665,Nomsa Nkosi,University of Pretoria,Commerce,4,70.2,80.0,0,2,0,LOW
NSFAS007666,Mpho Mthethwa,University of Pretoria,Arts,2,40.0,60.0,3,3,100,HIGH
NSFAS007667,Lerato Molefe,University of Stellenbosch,Arts,3,65.84,62.0,1,1,40,MEDIUM
NSFAS007668,Lerato Mthethwa,University of Johannesburg,Engineering,1,40.0,49.0,4,2,100,HIGH
NSFAS007669,Lindiwe Zulu,University of Cape Town,Commerce,4,47.86,43.0,1,3,80,HIGH
NSFAS007670,Mpho Nkosi,University of Pretoria,Law,4,56.81,57.0,1,5,40,MEDIUM
NSFAS007671,Thabo Mabaso,University of Johannesburg,Commerce,2,42.63,47.0,2,1,80,HIGH
NSFAS007672,Themba Mthembu,University of the Free State,Commerce,3,75.0,79.0,0,5,0,LOW
NSFAS007673,Lerato Zulu,University of Pretoria,Engineering,1,75.0,91.0,1,0,0,LOW
NSFAS007674,Mpho Mokoena,North-West University,Education,2,75.0,94.0,1,0,0,LOW
NSFAS007675,Nokuthula Khumalo,North-West University,Science,1,75.56,85.0,0,5,0,LOW
NSFAS007676,Tshepo Mthembu,North-West University,Science,2,75.0,90.0,0,5,0,LOW
NSFAS007677,Phumzile Mokoena,University of Pretoria,Engineering,1,56.63,84.0,1,1,0,LOW
NSFAS007678,Busisiwe Ngcobo,University of Pretoria,Education,2,76.37,95.0,1,2,0,LOW
NSFAS007679,Thabo Mkhize,University of Cape Town,Science,3,56.04,80.0,1,5,0,LOW
NSFAS007680,Phumzile Molefe,University of the Free State,Engineering,2,30.0,61.0,4,1,100,HIGH
NSFAS007681,Sibusiso Zulu,University of Pretoria,Arts,3,44.33,44.0,3,0,100,HIGH
NSFAS007682,Thabo Dlamini,University of Cape Town,Arts,2,44.58,65.0,2,3,80,HIGH
NSFAS007683,Lindiwe Mthethwa,University of Johannesburg,Arts,1,75.0,95.0,1,3,0,LOW
NSFAS007684,Zanele Zulu,North-West University,Commerce,4,43.71,48.0,4,1,100,HIGH
NSFAS007685,Phumzile Nkosi,North-West University,Law,1,40.0,27.0,4,1,100,HIGH
NSFAS007686,Andile Mokoena,University of the Witwatersrand,Law,3,49.0,0.0,3,0,100,HIGH
NSFAS007687,Zanele Mokoena,North-West University,Engineering,1,55.04,81.0,0,4,0,LOW
NSFAS007688,Lerato Mthembu,University of KwaZulu-Natal,Law,3,40.0,36.0,1,2,80,HIGH
NSFAS007689,Nokuthula Mkhize,University of Stellenbosch,Science,3,42.61,25.0,4,1,100,HIGH
NSFAS007690,Sipho Mthethwa,University of Johannesburg,Engineering,1,43.26,39.0,3,5,100,HIGH
NSFAS007691,Lindiwe Nkosi,University of KwaZulu-Natal,Engineering,4,63.08,61.0,0,3,40,MEDIUM
NSFAS007692,Phumzile Mhlongo,University of the Free State,Education,4,40.0,53.0,4,1,100,HIGH
NSFAS007693,Zanele Mokoena,University of Pretoria,Law,3,75.0,95.0,0,5,0,LOW
NSFAS007694,Andile Zulu,University of the Free State,Engineering,1,40.0,37.0,1,0,80,HIGH
NSFAS007695,Busisiwe Mabaso,University of Cape Town,Commerce,1,40.0,45.0,1,2,80,HIGH
NSFAS007696,Mpho Mahlangu,University of Pretoria,Law,3,75.0,79.0,1,2,0,LOW
NSFAS007697,Sipho Dlamini,University of KwaZulu-Natal,Engineering,4,75.0,86.0,0,4,0,LOW
NSFAS007698,Sipho Mabaso,University of Cape Town,Engineering,2,52.83,71.0,1,4,0,LOW
NSFAS007699,Thabo Khumalo,University of the Witwatersrand,Engineering,2,75.0,95.0,0,1,0,LOW
NSFAS007700,Busisiwe Dlamini,University of the Witwatersrand,Science,3,68.74,68.0,1,2,40,MEDIUM
NSFAS007701,Nomsa Khumalo,University of KwaZulu-Natal,Education,1,30.0,47.0,4,0,100,HIGH
NSFAS007702,Busisiwe Mhlongo,University of the Witwatersrand,Law,1,40.0,46.0,1,0,80,HIGH
NSFAS007703,Andile Mkhize,University of Pretoria,Education,4,60.78,61.0,0,1,40,MEDIUM
NSFAS007704,Sipho Khumalo,University of Pretoria,Engineering,3,58.82,60.0,0,0,40,MEDIUM
NSFAS007705,Themba Ngcobo,North-West University,Education,3,42.45,61.0,3,2,100,HIGH
NSFAS007706,Sipho Mthembu,University of the Witwatersrand,Arts,1,69.75,61.0,0,2,40,MEDIUM
NSFAS007707,Lindiwe Mthethwa,University of the Free State,Science,2,55.82,59.0,3,1,60,HIGH
NSFAS007708,Zanele Zulu,University of KwaZulu-Natal,Arts,2,40.0,47.0,1,1,80,HIGH
NSFAS007709,Andile Mkhize,North-West University,Science,4,48.6,39.0,2,1,80,HIGH
NSFAS007710,Phumzile Mokoena,University of the Free State,Law,1,40.0,21.0,3,3,100,HIGH
NSFAS007711,Themba Mkhize,University of the Witwatersrand,Education,2,52.93,67.0,0,2,40,MEDIUM
NSFAS007712,Nokuthula Mahlangu,University of Stellenbosch,Science,1,40.0,46.0,1,2,80,HIGH
NSFAS007713,Sibusiso Dlamini,University of Stellenbosch,Education,4,40.0,26.0,1,4,80,HIGH
NSFAS007714,Zanele Mthethwa,University of Johannesburg,Arts,2,92.25,76.0,1,3,0,LOW
NSFAS007715,Thabo Molefe,University of the Witwatersrand,Science,4,40.0,52.0,2,1,80,HIGH
NSFAS007716,Mpho Nkosi,University of Pretoria,Commerce,4,75.0,76.0,1,4,0,LOW
NSFAS007717,Kagiso Mhlongo,University of the Witwatersrand,Arts,2,63.87,70.0,0,4,0,LOW
NSFAS007718,Kagiso Mabaso,University of Cape Town,Engineering,3,40.0,63.0,1,3,80,HIGH
NSFAS007719,Thabo Ngcobo,University of Stellenbosch,Commerce,2,30.0,22.0,1,4,80,HIGH
NSFAS007720,Zanele Molefe,North-West University,Commerce,2,75.0,86.0,1,4,0,LOW
NSFAS007721,Themba Mabaso,University of the Witwatersrand,Science,1,59.11,55.0,1,5,40,MEDIUM
NSFAS007722,Nomsa Mahlangu,University of the Free State,Arts,4,40.0,32.0,4,1,100,HIGH
NSFAS007723,Busisiwe Mhlongo,University of Cape Town,Law,1,40.0,20.0,1,5,80,HIGH
NSFAS007724,Busisiwe Mkhize,University of KwaZulu-Natal,Arts,2,65.55,73.0,0,4,0,LOW
NSFAS007725,Kagiso Mokoena,University of the Witwatersrand,Science,2,72.22,80.0,1,5,0,LOW
NSFAS007726,Phumzile Nkosi,University of KwaZulu-Natal,Arts,4,48.0,50.0,3,4,100,HIGH
NSFAS007727,Lindiwe Ngcobo,University of Cape Town,Engineering,2,72.7,95.0,0,3,0,LOW
NSFAS007728,Lerato Mthethwa,University of the Witwatersrand,Arts,1,59.22,78.0,1,4,0,LOW
NSFAS007729,Nokuthula Dlamini,University of KwaZulu-Natal,Education,4,40.0,45.0,4,3,100,HIGH
NSFAS007730,Phumzile Mhlongo,University of Stellenbosch,Science,3,40.0,53.0,3,5,100,HIGH
NSFAS007731,Phumzile Mthembu,University of Johannesburg,Science,4,40.0,57.0,2,1,80,HIGH
NSFAS007732,Nokuthula Mokoena,University of KwaZulu-Natal,Engineering,1,69.16,70.0,0,5,0,LOW
NSFAS007733,Sipho Mahlangu,North-West University,Science,2,36.85,52.0,4,3,100,HIGH
NSFAS007734,Phumzile Mhlongo,University of KwaZulu-Natal,Law,3,31.94,51.0,3,4,100,HIGH
NSFAS007735,Sibusiso Mthembu,University of Johannesburg,Engineering,2,75.0,82.0,1,1,0,LOW
NSFAS007736,Busisiwe Mahlangu,University of KwaZulu-Natal,Commerce,4,75.0,95.0,0,0,0,LOW
NSFAS007737,Sipho Mokoena,University of Cape Town,Arts,2,40.0,57.0,1,2,80,HIGH
NSFAS007738,Lindiwe Mthembu,University of Cape Town,Commerce,3,30.0,32.0,3,0,100,HIGH
NSFAS007739,Mpho Ngcobo,University of Johannesburg,Law,1,75.0,76.0,1,3,0,LOW
NSFAS007740,Mpho Zulu,University of KwaZulu-Natal,Engineering,4,30.0,53.0,1,5,80,HIGH
NSFAS007741,Nokuthula Khumalo,University of KwaZulu-Natal,Arts,3,69.32,84.0,1,1,0,LOW
NSFAS007742,Nokuthula Ngcobo,University of the Witwatersrand,Education,2,51.64,57.0,3,4,60,HIGH
NSFAS007743,Zanele Mokoena,University of KwaZulu-Natal,Law,2,75.0,94.0,0,1,0,LOW
NSFAS007744,Zanele Mahlangu,University of the Witwatersrand,Science,2,40.0,32.0,2,4,80,HIGH
NSFAS007745,Andile Mthethwa,University of Pretoria,Commerce,3,44.24,26.0,2,2,80,HIGH
NSFAS007746,Mpho Mkhize,University of the Free State,Law,1,56.97,71.0,1,1,0,LOW
NSFAS007747,Themba Ngcobo,North-West University,Education,3,40.0,50.0,3,1,100,HIGH
NSFAS007748,Sipho Mkhize,University of Cape Town,Science,2,40.0,60.0,4,0,100,HIGH
NSFAS007749,Zanele Mokoena,University of KwaZulu-Natal,Science,3,40.0,24.0,2,3,80,HIGH
NSFAS007750,Zanele Mthethwa,North-West University,Engineering,3,68.93,81.0,0,0,0,LOW
NSFAS007751,Mpho Zulu,University of Stellenbosch,Arts,4,75.0,95.0,0,3,0,LOW
NSFAS007752,Mpho Ngcobo,University of the Witwatersrand,Education,2,30.0,51.0,4,0,100,HIGH
NSFAS007753,Lerato Zulu,University of Johannesburg,Science,2,41.4,28.0,2,0,80,HIGH
NSFAS007754,Thabo Ngcobo,University of Pretoria,Science,2,30.0,41.0,2,4,80,HIGH
NSFAS007755,Tshepo Molefe,University of Cape Town,Law,1,46.02,28.0,4,2,100,HIGH
NSFAS007756,Nokuthula Nkosi,University of KwaZulu-Natal,Arts,3,75.0,94.0,1,5,0,LOW
NSFAS007757,Sibusiso Nkosi,University of Stellenbosch,Law,1,64.91,76.0,0,4,0,LOW
NSFAS007758,Phumzile Mahlangu,University of Pretoria,Engineering,2,40.0,49.0,2,1,80,HIGH
NSFAS007759,Thabo Mthethwa,University of the Free State,Engineering,1,75.0,95.0,0,1,0,LOW
NSFAS007760,Andile Mthethwa,University of Pretoria,Law,2,40.0,56.0,2,3,80,HIGH
NSFAS007761,Mpho Mthethwa,University of Stellenbosch,Law,3,31.56,45.0,1,0,80,HIGH
NSFAS007762,Themba Mabaso,University of Stellenbosch,Law,1,30.0,50.0,2,1,80,HIGH
NSFAS007763,Themba Khumalo,University of Stellenbosch,Commerce,2,40.0,24.0,4,3,100,HIGH
NSFAS007764,Sibusiso Khumalo,University of KwaZulu-Natal,Education,4,49.0,21.0,4,0,100,HIGH
NSFAS007765,Themba Mthembu,University of KwaZulu-Natal,Law,2,69.01,71.0,0,1,0,LOW
NSFAS007766,Zanele Dlamini,University of Johannesburg,Commerce,4,40.0,47.0,2,0,80,HIGH
NSFAS007767,Sipho Molefe,University of Pretoria,Commerce,4,94.84,84.0,0,0,0,LOW
NSFAS007768,Busisiwe Mokoena,University of Pretoria,Commerce,2,75.0,85.0,0,4,0,LOW
NSFAS007769,Nomsa Mokoena,University of Pretoria,Science,2,56.29,70.0,0,3,0,LOW
NSFAS007770,Lindiwe Mokoena,University of the Free State,Arts,1,52.13,60.0,0,5,40,MEDIUM
NSFAS007771,Nomsa Nkosi,North-West University,Science,3,65.68,71.0,1,4,0,LOW
NSFAS007772,Andile Mhlongo,University of Pretoria,Engineering,3,45.25,25.0,1,1,80,HIGH
NSFAS007773,Sibusiso Zulu,University of the Free State,Engineering,1,55.63,78.0,1,4,0,LOW
NSFAS007774,Andile Mkhize,University of the Witwatersrand,Law,2,62.31,82.0,0,1,0,LOW
NSFAS007775,Andile Khumalo,University of Stellenbosch,Engineering,1,42.69,24.0,1,3,80,HIGH
NSFAS007776,Themba Dlamini,University of KwaZulu-Natal,Engineering,2,46.06,30.0,2,2,80,HIGH
NSFAS007777,Busisiwe Molefe,University of Pretoria,Commerce,1,49.31,46.0,4,3,100,HIGH
NSFAS007778,Tshepo Nkosi,University of Stellenbosch,Engineering,4,75.0,95.0,1,0,0,LOW
NSFAS007779,Sibusiso Mhlongo,University of Cape Town,Education,1,75.0,79.0,1,4,0,LOW
NSFAS007780,Sibusiso Nkosi,University of KwaZulu-Natal,Science,4,40.0,20.0,2,0,80,HIGH
NSFAS007781,Mpho Dlamini,University of the Witwatersrand,Arts,3,49.0,35.0,3,4,100,HIGH
NSFAS007782,Mpho Mhlongo,University of Stellenbosch,Science,3,69.88,56.0,2,4,40,MEDIUM
NSFAS007783,Andile Zulu,University of Johannesburg,Arts,4,45.34,45.0,2,3,80,HIGH
NSFAS007784,Sipho Mhlongo,University of KwaZulu-Natal,Law,1,49.0,64.0,1,1,80,HIGH
NSFAS007785,Busisiwe Nkosi,University of Johannesburg,Education,1,42.23,58.0,2,5,80,HIGH
NSFAS007786,Andile Mabaso,North-West University,Engineering,3,57.01,83.0,1,3,0,LOW
NSFAS007787,Mpho Molefe,University of Stellenbosch,Commerce,4,40.0,48.0,3,5,100,HIGH
NSFAS007788,Mpho Zulu,University of the Free State,Law,4,75.0,89.0,0,0,0,LOW
NSFAS007789,Sipho Nkosi,University of Johannesburg,Arts,2,43.33,30.0,3,3,100,HIGH
NSFAS007790,Zanele Nkosi,University of the Witwatersrand,Education,4,40.0,44.0,2,5,80,HIGH
NSFAS007791,Lindiwe Dlamini,University of Cape Town,Commerce,4,30.0,59.0,1,5,80,HIGH
NSFAS007792,Tshepo Mokoena,University of Cape Town,Commerce,3,75.0,83.0,0,2,0,LOW
NSFAS007793,Mpho Ngcobo,University of Cape Town,Engineering,1,43.13,26.0,1,4,80,HIGH
NSFAS007794,Thabo Nkosi,University of Johannesburg,Engineering,3,75.0,77.0,1,5,0,LOW
NSFAS007795,Kagiso Dlamini,University of Johannesburg,Education,2,75.0,95.0,1,4,0,LOW
NSFAS007796,Themba Mthembu,University of Johannesburg,Science,4,40.0,54.0,3,4,100,HIGH
NSFAS007797,Tshepo Mabaso,University of Johannesburg,Commerce,1,74.11,95.0,1,4,0,LOW
NSFAS007798,Zanele Nkosi,University of KwaZulu-Natal,Education,4,75.0,87.0,0,0,0,LOW
NSFAS007799,Sibusiso Mthembu,University of KwaZulu-Natal,Education,4,40.0,62.0,4,1,100,HIGH
NSFAS007800,Thabo Mahlangu,University of the Witwatersrand,Education,4,30.0,48.0,4,4,100,HIGH
NSFAS007801,Nomsa Mthethwa,University of KwaZulu-Natal,Arts,4,39.73,57.0,2,5,80,HIGH
NSFAS007802,Nokuthula Ngcobo,University of Cape Town,Science,3,49.37,33.0,3,1,100,HIGH
NSFAS007803,Lindiwe Ngcobo,University of Pretoria,Arts,4,40.0,28.0,1,5,80,HIGH
NSFAS007804,Zanele Mthembu,University of Stellenbosch,Arts,4,30.0,31.0,1,2,80,HIGH
NSFAS007805,Sipho Khumalo,University of KwaZulu-Natal,Engineering,4,75.0,77.0,0,2,0,LOW
NSFAS007806,Zanele Khumalo,University of Johannesburg,Law,4,40.0,59.0,3,4,100,HIGH
NSFAS007807,Phumzile Nkosi,University of the Witwatersrand,Engineering,4,60.13,77.0,0,2,0,LOW
NSFAS007808,Lerato Mthethwa,University of Johannesburg,Engineering,3,72.52,76.0,0,0,0,LOW
NSFAS007809,Sibusiso Mhlongo,University of Pretoria,Science,1,75.0,95.0,1,4,0,LOW
NSFAS007810,Lindiwe Mthembu,North-West University,Commerce,1,40.0,42.0,3,5,100,HIGH
NSFAS007811,Sibusiso Mabaso,University of KwaZulu-Natal,Engineering,4,53.29,61.0,0,2,40,MEDIUM
NSFAS007812,Busisiwe Mahlangu,North-West University,Education,2,75.0,85.0,1,4,0,LOW
NSFAS007813,Busisiwe Khumalo,University of Stellenbosch,Commerce,1,75.0,91.0,1,0,0,LOW
NSFAS007814,Tshepo Mthembu,University of Johannesburg,Arts,1,40.0,56.0,3,5,100,HIGH
NSFAS007815,Busisiwe Mthethwa,University of Pretoria,Engineering,3,58.22,70.0,0,4,0,LOW
NSFAS007816,Lindiwe Molefe,University of the Witwatersrand,Arts,2,55.02,63.0,0,0,40,MEDIUM
NSFAS007817,Lerato Mhlongo,University of Pretoria,Science,4,75.0,77.0,1,4,0,LOW
NSFAS007818,Phumzile Mthethwa,University of the Free State,Education,4,45.95,45.0,3,1,100,HIGH
NSFAS007819,Andile Mokoena,University of Johannesburg,Law,4,40.0,43.0,2,2,80,HIGH
NSFAS007820,Kagiso Ngcobo,North-West University,Science,1,40.0,62.0,2,4,80,HIGH
NSFAS007821,Nokuthula Dlamini,University of Pretoria,Law,1,72.76,87.0,1,3,0,LOW
NSFAS007822,Lerato Mthethwa,University of the Free State,Arts,2,40.0,60.0,4,2,100,HIGH
NSFAS007823,Phumzile Mthembu,University of Pretoria,Law,1,75.0,86.0,0,4,0,LOW
NSFAS007824,Busisiwe Ngcobo,University of Stellenbosch,Education,4,78.97,81.0,0,3,0,LOW
NSFAS007825,Thabo Khumalo,University of Cape Town,Commerce,3,30.0,63.0,1,3,80,HIGH
NSFAS007826,Andile Mthethwa,University of Cape Town,Commerce,1,50.48,55.0,1,0,40,MEDIUM
NSFAS007827,Zanele Mokoena,University of Stellenbosch,Commerce,2,53.54,67.0,1,2,40,MEDIUM
NSFAS007828,Themba Dlamini,University of the Witwatersrand,Commerce,4,30.0,28.0,1,3,80,HIGH
NSFAS007829,Andile Ngcobo,University of Cape Town,Engineering,3,35.45,60.0,2,1,80,HIGH
NSFAS007830,Nokuthula Mhlongo,University of the Free State,Commerce,3,44.41,47.0,4,5,100,HIGH
NSFAS007831,Nomsa Mabaso,University of KwaZulu-Natal,Law,3,75.0,93.0,1,1,0,LOW
NSFAS007832,Lindiwe Nkosi,University of Johannesburg,Law,1,75.0,82.0,1,3,0,LOW
NSFAS007833,Zanele Mabaso,University of Johannesburg,Education,1,57.8,64.0,0,5,40,MEDIUM
NSFAS007834,Nomsa Mahlangu,University of Johannesburg,Commerce,3,40.0,59.0,2,2,80,HIGH
NSFAS007835,Lerato Mthethwa,University of Cape Town,Law,3,59.69,77.0,1,5,0,LOW
NSFAS007836,Kagiso Khumalo,University of Stellenbosch,Education,1,73.16,95.0,1,0,0,LOW
NSFAS007837,Zanele Mahlangu,University of Stellenbosch,Engineering,4,40.0,27.0,4,2,100,HIGH
NSFAS007838,Nomsa Dlamini,University of the Free State,Commerce,2,42.22,48.0,4,1,100,HIGH
NSFAS007839,Mpho Mokoena,University of Stellenbosch,Law,2,52.22,58.0,4,3,60,HIGH
NSFAS007840,Themba Zulu,University of the Witwatersrand,Engineering,3,55.45,77.0,0,0,0,LOW
NSFAS007841,Sipho Mkhize,University of Stellenbosch,Science,1,40.0,45.0,2,1,80,HIGH
NSFAS007842,Sibusiso Mahlangu,University of KwaZulu-Natal,Commerce,2,49.0,27.0,1,5,80,HIGH
NSFAS007843,Zanele Zulu,University of Cape Town,Education,2,40.0,34.0,3,4,100,HIGH
NSFAS007844,Nokuthula Mabaso,North-West University,Law,2,40.0,39.0,4,0,100,HIGH
NSFAS007845,Phumzile Dlamini,University of Cape Town,Engineering,4,72.87,83.0,0,3,0,LOW
NSFAS007846,Andile Mthembu,University of Johannesburg,Arts,3,40.0,27.0,1,2,80,HIGH
NSFAS007847,Kagiso Molefe,University of Johannesburg,Engineering,2,57.06,59.0,2,1,40,MEDIUM
NSFAS007848,Nokuthula Zulu,University of Pretoria,Engineering,2,49.0,20.0,2,3,80,HIGH
NSFAS007849,Thabo Mokoena,North-West University,Law,2,75.0,82.0,0,4,0,LOW
NSFAS007850,Busisiwe Ngcobo,University of Cape Town,Arts,1,35.13,62.0,1,4,80,HIGH
NSFAS007851,Nokuthula Mabaso,University of Cape Town,Engineering,1,60.52,57.0,2,0,40,MEDIUM
NSFAS007852,Zanele Mabaso,University of the Witwatersrand,Engineering,1,40.0,34.0,4,5,100,HIGH
NSFAS007853,Andile Mahlangu,University of Pretoria,Education,4,75.0,95.0,0,4,0,LOW
NSFAS007854,Sipho Mokoena,University of the Witwatersrand,Law,1,56.86,84.0,0,2,0,LOW
NSFAS007855,Zanele Nkosi,University of KwaZulu-Natal,Science,2,62.88,59.0,4,5,60,HIGH
NSFAS007856,Themba Dlamini,North-West University,Science,2,75.0,82.0,1,4,0,LOW
NSFAS007857,Nomsa Mkhize,North-West University,Science,4,75.0,91.0,0,5,0,LOW
NSFAS007858,Busisiwe Mabaso,North-West University,Law,3,48.74,53.0,3,0,100,HIGH
NSFAS007859,Phumzile Mahlangu,University of Stellenbosch,Law,3,75.0,93.0,0,0,0,LOW
NSFAS007860,Zanele Ngcobo,University of Cape Town,Law,3,43.41,56.0,4,0,100,HIGH
NSFAS007861,Tshepo Nkosi,University of KwaZulu-Natal,Engineering,2,95.0,95.0,1,1,0,LOW
NSFAS007862,Andile Dlamini,University of KwaZulu-Natal,Arts,1,74.0,95.0,0,0,0,LOW
NSFAS007863,Thabo Mkhize,North-West University,Engineering,1,40.0,63.0,2,4,80,HIGH
NSFAS007864,Phumzile Ngcobo,University of Cape Town,Engineering,2,40.0,48.0,3,2,100,HIGH
NSFAS007865,Zanele Zulu,University of Johannesburg,Commerce,3,40.0,58.0,1,2,80,HIGH
NSFAS007866,Themba Mkhize,University of Cape Town,Arts,3,40.0,65.0,2,5,80,HIGH
NSFAS007867,Sipho Molefe,University of Johannesburg,Science,2,49.0,40.0,1,0,80,HIGH
NSFAS007868,Sibusiso Mkhize,University of KwaZulu-Natal,Arts,4,47.28,26.0,2,1,80,HIGH
NSFAS007869,Lindiwe Mokoena,North-West University,Commerce,3,40.0,45.0,3,3,100,HIGH
NSFAS007870,Thabo Mokoena,University of Johannesburg,Arts,4,43.2,28.0,3,1,100,HIGH
NSFAS007871,Andile Mabaso,University of Pretoria,Commerce,2,47.4,26.0,3,3,100,HIGH
NSFAS007872,Nomsa Zulu,University of Pretoria,Education,1,65.14,82.0,1,2,0,LOW
NSFAS007873,Thabo Nkosi,University of the Witwatersrand,Engineering,3,40.0,36.0,3,0,100,HIGH
NSFAS007874,Lindiwe Ngcobo,University of the Free State,Law,1,70.32,87.0,1,1,0,LOW
NSFAS007875,Andile Ngcobo,University of Johannesburg,Law,2,40.0,36.0,4,3,100,HIGH
NSFAS007876,Nokuthula Nkosi,University of Pretoria,Engineering,2,40.0,24.0,1,1,80,HIGH
NSFAS007877,Mpho Khumalo,University of Johannesburg,Law,4,55.37,73.0,1,1,0,LOW
NSFAS007878,Thabo Mabaso,University of Cape Town,Arts,3,75.0,81.0,0,4,0,LOW
NSFAS007879,Lindiwe Dlamini,University of Johannesburg,Engineering,4,40.0,30.0,1,2,80,HIGH
NSFAS007880,Phumzile Khumalo,North-West University,Arts,3,40.0,61.0,4,0,100,HIGH
NSFAS007881,Mpho Molefe,University of Johannesburg,Commerce,3,48.68,47.0,2,3,80,HIGH
NSFAS007882,Andile Mthethwa,University of KwaZulu-Natal,Law,1,75.0,82.0,1,3,0,LOW
NSFAS007883,Lindiwe Zulu,University of the Witwatersrand,Arts,2,75.0,95.0,0,5,0,LOW
NSFAS007884,Nokuthula Mabaso,University of Pretoria,Education,1,52.55,64.0,0,0,40,MEDIUM
NSFAS007885,Kagiso Khumalo,University of Stellenbosch,Arts,2,40.0,63.0,4,0,100,HIGH
NSFAS007886,Zanele Mokoena,North-West University,Commerce,4,75.0,95.0,1,5,0,LOW
NSFAS007887,Lindiwe Mhlongo,University of the Free State,Education,1,40.0,65.0,3,0,100,HIGH
NSFAS007888,Zanele Mahlangu,University of the Free State,Science,4,40.0,37.0,3,5,100,HIGH
NSFAS007889,Mpho Ngcobo,University of the Free State,Education,2,47.16,33.0,4,3,100,HIGH
NSFAS007890,Tshepo Mabaso,University of the Free State,Science,1,71.37,92.0,1,4,0,LOW
NSFAS007891,Thabo Mahlangu,University of Pretoria,Engineering,2,47.12,21.0,3,0,100,HIGH
NSFAS007892,Phumzile Ngcobo,University of the Witwatersrand,Commerce,3,40.0,49.0,2,1,80,HIGH
NSFAS007893,Busisiwe Mabaso,University of the Free State,Commerce,1,75.0,85.0,1,3,0,LOW
NSFAS007894,Tshepo Mabaso,University of Stellenbosch,Science,1,40.0,33.0,2,4,80,HIGH
NSFAS007895,Sibusiso Khumalo,University of the Free State,Engineering,3,40.0,34.0,4,1,100,HIGH
NSFAS007896,Themba Molefe,University of Stellenbosch,Commerce,4,64.26,0.0,0,3,40,MEDIUM
NSFAS007897,Phumzile Dlamini,University of Johannesburg,Commerce,2,60.73,73.0,1,3,0,LOW
NSFAS007898,Busisiwe Mahlangu,University of Stellenbosch,Commerce,4,40.0,55.0,3,4,100,HIGH
NSFAS007899,Mpho Mkhize,University of Pretoria,Arts,2,40.0,45.0,4,0,100,HIGH
NSFAS007900,Andile Nkosi,University of Stellenbosch,Law,4,40.0,65.0,3,4,100,HIGH
NSFAS007901,Andile Mahlangu,North-West University,Arts,2,52.62,63.0,1,0,40,MEDIUM
NSFAS007902,Lerato Mkhize,University of Johannesburg,Education,3,41.53,51.0,1,0,80,HIGH
NSFAS007903,Sibusiso Mhlongo,North-West University,Law,1,40.0,27.0,2,0,80,HIGH
NSFAS007904,Andile Mhlongo,University of Johannesburg,Arts,4,30.0,51.0,4,1,100,HIGH
NSFAS007905,Sibusiso Mthembu,University of Pretoria,Commerce,2,30.0,49.0,3,5,100,HIGH
NSFAS007906,Lerato Mhlongo,University of the Witwatersrand,Science,2,40.0,46.0,3,1,100,HIGH
NSFAS007907,Zanele Molefe,University of Cape Town,Science,3,30.0,42.0,2,3,80,HIGH
NSFAS007908,Nomsa Mabaso,University of Stellenbosch,Commerce,1,74.49,85.0,1,4,0,LOW
NSFAS007909,Sipho Mthethwa,University of Stellenbosch,Arts,1,40.0,43.0,3,4,100,HIGH
NSFAS007910,Phumzile Zulu,North-West University,Science,3,40.0,27.0,3,4,100,HIGH
NSFAS007911,Lindiwe Mthethwa,University of the Witwatersrand,Commerce,2,40.0,47.0,1,3,80,HIGH
NSFAS007912,Sipho Ngcobo,University of the Free State,Science,4,47.48,46.0,4,3,100,HIGH
NSFAS007913,Thabo Zulu,University of Johannesburg,Engineering,1,40.0,36.0,2,3,80,HIGH
NSFAS007914,Nokuthula Mthembu,University of KwaZulu-Natal,Education,2,73.1,84.0,0,5,0,LOW
NSFAS007915,Nokuthula Mthembu,University of KwaZulu-Natal,Education,3,30.0,55.0,4,5,100,HIGH
NSFAS007916,Zanele Mahlangu,University of Johannesburg,Education,1,48.34,27.0,4,1,100,HIGH
NSFAS007917,Thabo Molefe,University of the Witwatersrand,Commerce,4,40.0,40.0,4,4,100,HIGH
NSFAS007918,Kagiso Molefe,University of Stellenbosch,Education,1,45.64,38.0,1,0,80,HIGH
NSFAS007919,Kagiso Mthembu,University of the Witwatersrand,Engineering,2,40.0,53.0,3,0,100,HIGH
NSFAS007920,Phumzile Mabaso,North-West University,Engineering,1,40.0,39.0,2,2,80,HIGH
NSFAS007921,Busisiwe Ngcobo,University of Johannesburg,Arts,3,42.37,48.0,2,4,80,HIGH
NSFAS007922,Busisiwe Mokoena,North-West University,Engineering,3,75.0,93.0,1,5,0,LOW
NSFAS007923,Thabo Mokoena,University of Cape Town,Arts,2,55.49,85.0,1,0,0,LOW
NSFAS007924,Thabo Mokoena,University of Cape Town,Education,4,51.89,69.0,1,1,40,MEDIUM
NSFAS007925,Mpho Zulu,North-West University,Science,2,49.0,49.0,4,3,100,HIGH
NSFAS007926,Sibusiso Ngcobo,University of Pretoria,Engineering,2,30.0,44.0,2,1,80,HIGH
NSFAS007927,Phumzile Dlamini,University of KwaZulu-Natal,Education,3,52.15,70.0,0,3,0,LOW
NSFAS007928,Sipho Dlamini,University of Cape Town,Arts,3,65.31,0.0,0,5,40,MEDIUM
NSFAS007929,Sibusiso Mabaso,University of the Witwatersrand,Education,4,40.0,54.0,4,1,100,HIGH
NSFAS007930,Sibusiso Mthethwa,University of KwaZulu-Natal,Commerce,3,40.0,29.0,3,1,100,HIGH
NSFAS007931,Busisiwe Mthembu,North-West University,Arts,2,53.72,79.0,0,2,0,LOW
NSFAS007932,Kagiso Mabaso,University of Cape Town,Commerce,4,71.78,79.0,0,2,0,LOW
NSFAS007933,Busisiwe Mthembu,North-West University,Science,4,40.0,21.0,3,4,100,HIGH
NSFAS007934,Lerato Mahlangu,University of Stellenbosch,Education,2,40.0,43.0,3,4,100,HIGH
NSFAS007935,Phumzile Dlamini,University of Cape Town,Education,3,71.52,82.0,1,2,0,LOW
NSFAS007936,Nomsa Mkhize,University of Cape Town,Arts,2,44.48,31.0,4,4,100,HIGH
NSFAS007937,Mpho Khumalo,University of Pretoria,Science,2,40.0,44.0,1,1,80,HIGH
NSFAS007938,Lerato Mabaso,North-West University,Science,3,40.0,56.0,2,0,80,HIGH
NSFAS007939,Lerato Mthembu,University of KwaZulu-Natal,Commerce,4,41.87,45.0,3,3,100,HIGH
NSFAS007940,Busisiwe Mabaso,University of KwaZulu-Natal,Law,4,40.0,42.0,1,5,80,HIGH
NSFAS007941,Sibusiso Dlamini,University of the Witwatersrand,Education,1,48.55,47.0,3,1,100,HIGH
NSFAS007942,Nokuthula Mhlongo,University of the Witwatersrand,Engineering,2,55.95,64.0,0,5,40,MEDIUM
NSFAS007943,Andile Mahlangu,University of the Free State,Law,4,75.0,77.0,1,4,0,LOW
NSFAS007944,Sibusiso Dlamini,University of KwaZulu-Natal,Law,4,40.0,20.0,2,2,80,HIGH
NSFAS007945,Lindiwe Mokoena,North-West University,Engineering,2,60.62,77.0,0,1,0,LOW
NSFAS007946,Nomsa Mthembu,University of the Witwatersrand,Arts,2,74.1,90.0,0,3,0,LOW
NSFAS007947,Nokuthula Zulu,North-West University,Law,2,62.82,58.0,2,3,40,MEDIUM
NSFAS007948,Nokuthula Mkhize,University of the Witwatersrand,Arts,1,49.0,45.0,2,1,80,HIGH
NSFAS007949,Lindiwe Mkhize,University of Cape Town,Education,1,75.0,95.0,1,0,0,LOW
NSFAS007950,Andile Ngcobo,University of Stellenbosch,Arts,1,40.0,36.0,1,4,80,HIGH
NSFAS007951,Mpho Zulu,North-West University,Commerce,2,95.0,80.0,0,5,0,LOW
NSFAS007952,Lerato Ngcobo,University of Stellenbosch,Arts,4,30.0,58.0,1,5,80,HIGH
NSFAS007953,Sipho Mhlongo,University of the Free State,Education,1,47.66,45.0,3,2,100,HIGH
NSFAS007954,Thabo Mhlongo,North-West University,Engineering,4,75.0,91.0,0,0,0,LOW
NSFAS007955,Busisiwe Mkhize,University of the Free State,Education,1,40.0,59.0,2,5,80,HIGH
NSFAS007956,Sipho Mthembu,University of the Witwatersrand,Engineering,4,67.15,57.0,1,1,40,MEDIUM
NSFAS007957,Andile Mthembu,University of Stellenbosch,Commerce,1,75.0,86.0,1,0,0,LOW
NSFAS007958,Nomsa Mthethwa,University of the Free State,Law,4,53.39,78.0,1,4,0,LOW
NSFAS007959,Tshepo Dlamini,University of Stellenbosch,Science,2,72.66,85.0,1,0,0,LOW
NSFAS007960,Themba Molefe,University of the Witwatersrand,Law,4,43.88,47.0,2,2,80,HIGH
NSFAS007961,Busisiwe Khumalo,North-West University,Education,3,41.44,41.0,3,0,100,HIGH
NSFAS007962,Tshepo Mabaso,University of Johannesburg,Engineering,3,95.0,87.0,1,2,0,LOW
NSFAS007963,Kagiso Mhlongo,University of the Witwatersrand,Science,3,76.89,85.0,1,3,0,LOW
NSFAS007964,Busisiwe Mahlangu,University of Johannesburg,Education,3,75.0,78.0,1,5,0,LOW
NSFAS007965,Andile Mabaso,University of KwaZulu-Natal,Engineering,2,75.0,86.0,0,1,0,LOW
NSFAS007966,Tshepo Mthembu,University of Pretoria,Law,4,49.0,27.0,3,0,100,HIGH
NSFAS007967,Lerato Mabaso,University of the Free State,Arts,2,40.0,29.0,4,0,100,HIGH
NSFAS007968,Kagiso Khumalo,University of the Witwatersrand,Education,2,49.53,52.0,2,1,80,HIGH
NSFAS007969,Phumzile Mkhize,University of Cape Town,Science,3,40.0,55.0,1,0,80,HIGH
NSFAS007970,Themba Zulu,University of Cape Town,Arts,3,30.0,46.0,4,1,100,HIGH
NSFAS007971,Mpho Molefe,University of Stellenbosch,Commerce,2,40.0,35.0,1,0,80,HIGH
NSFAS007972,Nokuthula Mthethwa,University of Johannesburg,Education,4,48.49,50.0,1,0,80,HIGH
NSFAS007973,Nomsa Mthembu,North-West University,Commerce,1,40.0,62.0,1,1,80,HIGH
NSFAS007974,Themba Mthembu,North-West University,Science,2,40.0,58.0,1,4,80,HIGH
NSFAS007975,Lindiwe Mhlongo,University of the Free State,Commerce,3,75.0,86.0,0,2,0,LOW
NSFAS007976,Lindiwe Khumalo,University of Johannesburg,Arts,3,75.0,79.0,0,4,0,LOW
NSFAS007977,Andile Mahlangu,University of KwaZulu-Natal,Science,3,75.0,87.0,1,0,0,LOW
NSFAS007978,Nokuthula Mthethwa,University of Pretoria,Science,3,43.89,23.0,1,4,80,HIGH
NSFAS007979,Phumzile Mokoena,University of the Witwatersrand,Engineering,3,44.13,24.0,2,3,80,HIGH
NSFAS007980,Mpho Zulu,North-West University,Science,3,75.0,93.0,0,1,0,LOW
NSFAS007981,Nokuthula Ngcobo,University of the Free State,Arts,1,58.37,77.0,0,2,0,LOW
NSFAS007982,Sipho Ngcobo,University of Johannesburg,Law,3,75.0,83.0,1,5,0,LOW
NSFAS007983,Thabo Mkhize,University of Stellenbosch,Commerce,3,30.0,21.0,2,5,80,HIGH
NSFAS007984,Mpho Dlamini,University of Johannesburg,Law,1,40.0,30.0,3,5,100,HIGH
NSFAS007985,Andile Ngcobo,University of KwaZulu-Natal,Engineering,4,75.0,83.0,0,0,0,LOW
NSFAS007986,Tshepo Mabaso,University of KwaZulu-Natal,Science,2,54.94,58.0,2,4,40,MEDIUM
NSFAS007987,Busisiwe Mkhize,University of the Free State,Engineering,3,40.0,29.0,3,2,100,HIGH
NSFAS007988,Tshepo Mkhize,University of the Free State,Commerce,1,59.85,67.0,1,0,40,MEDIUM
NSFAS007989,Busisiwe Mhlongo,University of KwaZulu-Natal,Law,1,66.46,81.0,1,1,0,LOW
NSFAS007990,Sibusiso Mabaso,University of Cape Town,Education,3,40.0,50.0,4,1,100,HIGH
NSFAS007991,Mpho Zulu,University of the Witwatersrand,Law,2,49.0,0.0,2,1,80,HIGH
NSFAS007992,Andile Mhlongo,North-West University,Engineering,4,75.0,78.0,1,4,0,LOW
NSFAS007993,Lindiwe Mabaso,University of Cape Town,Commerce,2,75.0,81.0,1,0,0,LOW
NSFAS007994,Themba Zulu,University of Johannesburg,Science,3,63.38,64.0,1,2,40,MEDIUM
NSFAS007995,Tshepo Zulu,North-West University,Education,4,40.0,34.0,2,3,80,HIGH
NSFAS007996,Nokuthula Nkosi,University of Johannesburg,Education,1,48.14,52.0,1,4,80,HIGH
NSFAS007997,Andile Dlamini,University of Cape Town,Commerce,4,54.55,76.0,0,1,0,LOW
NSFAS007998,Sibusiso Nkosi,University of Stellenbosch,Arts,1,95.0,95.0,1,5,0,LOW
NSFAS007999,Thabo Mhlongo,University of the Witwatersrand,Arts,4,75.0,93.0,0,3,0,LOW
NSFAS008000,Sibusiso Mokoena,North-West University,Science,1,30.0,56.0,2,3,80,HIGH
NSFAS008001,Mpho Mahlangu,North-West University,Engineering,4,41.37,26.0,3,3,100,HIGH
NSFAS008002,Sipho Mokoena,University of the Free State,Arts,4,64.36,83.0,0,0,0,LOW
NSFAS008003,Themba Molefe,North-West University,Arts,3,66.99,58.0,3,0,60,HIGH
NSFAS008004,Thabo Dlamini,University of Cape Town,Education,2,40.0,47.0,2,3,80,HIGH
NSFAS008005,Themba Mhlongo,University of Cape Town,Engineering,1,95.0,95.0,0,5,0,LOW
NSFAS008006,Themba Mkhize,University of the Free State,Education,1,40.0,21.0,2,1,80,HIGH
NSFAS008007,Andile Mthethwa,University of KwaZulu-Natal,Commerce,4,48.97,27.0,2,3,80,HIGH
NSFAS008008,Nokuthula Mokoena,University of Cape Town,Arts,1,36.27,42.0,1,5,80,HIGH
NSFAS008009,Lindiwe Nkosi,University of Pretoria,Engineering,3,40.0,57.0,1,1,80,HIGH
NSFAS008010,Andile Mahlangu,North-West University,Engineering,1,30.0,0.0,3,0,100,HIGH
NSFAS008011,Lindiwe Mthembu,University of Pretoria,Education,3,40.0,32.0,3,2,100,HIGH
NSFAS008012,Busisiwe Mthembu,University of Stellenbosch,Education,1,75.0,75.0,1,1,0,LOW
NSFAS008013,Lindiwe Ngcobo,University of the Free State,Arts,2,30.0,21.0,4,5,100,HIGH
NSFAS008014,Nokuthula Mkhize,University of Johannesburg,Education,3,74.99,93.0,1,5,0,LOW
NSFAS008015,Lindiwe Mhlongo,University of the Free State,Arts,4,75.0,80.0,0,3,0,LOW
NSFAS008016,Zanele Zulu,University of the Free State,Engineering,3,49.0,23.0,1,2,80,HIGH
NSFAS008017,Phumzile Molefe,University of KwaZulu-Natal,Science,4,73.5,84.0,0,0,0,LOW
NSFAS008018,Themba Mthembu,University of Stellenbosch,Engineering,3,44.0,23.0,3,0,100,HIGH
NSFAS008019,Nokuthula Nkosi,University of KwaZulu-Natal,Arts,1,40.0,54.0,2,4,80,HIGH
NSFAS008020,Busisiwe Mthembu,University of the Free State,Commerce,4,91.33,78.0,1,1,0,LOW
NSFAS008021,Kagiso Mthembu,University of Johannesburg,Engineering,1,30.0,65.0,4,1,100,HIGH
NSFAS008022,Themba Mthembu,North-West University,Arts,3,45.69,32.0,4,1,100,HIGH
NSFAS008023,Busisiwe Molefe,University of Johannesburg,Arts,1,40.0,37.0,2,3,80,HIGH
NSFAS008024,Themba Mabaso,University of KwaZulu-Natal,Commerce,1,40.0,30.0,4,2,100,HIGH
NSFAS008025,Busisiwe Zulu,University of Stellenbosch,Commerce,2,49.0,62.0,1,5,80,HIGH
NSFAS008026,Thabo Mabaso,University of the Free State,Commerce,4,75.0,95.0,1,0,0,LOW
NSFAS008027,Nokuthula Mhlongo,University of the Free State,Engineering,3,30.0,43.0,1,5,80,HIGH
NSFAS008028,Nokuthula Mabaso,University of Stellenbosch,Science,4,73.86,95.0,0,5,0,LOW
NSFAS008029,Tshepo Mkhize,University of the Free State,Law,4,40.0,36.0,4,3,100,HIGH
NSFAS008030,Tshepo Mahlangu,University of the Free State,Engineering,4,49.0,42.0,2,0,80,HIGH
NSFAS008031,Sipho Mahlangu,University of the Witwatersrand,Arts,1,58.85,57.0,2,4,40,MEDIUM
NSFAS008032,Andile Dlamini,University of Johannesburg,Law,3,75.0,81.0,0,1,0,LOW
NSFAS008033,Andile Mabaso,University of the Witwatersrand,Commerce,4,48.46,48.0,1,5,80,HIGH
NSFAS008034,Kagiso Mhlongo,North-West University,Commerce,3,32.24,57.0,3,0,100,HIGH
NSFAS008035,Themba Molefe,University of KwaZulu-Natal,Education,3,30.0,33.0,2,1,80,HIGH
NSFAS008036,Sibusiso Mabaso,University of Johannesburg,Commerce,4,75.0,89.0,1,1,0,LOW
NSFAS008037,Sibusiso Mkhize,University of the Free State,Education,4,62.29,71.0,1,5,0,LOW
NSFAS008038,Mpho Nkosi,University of Johannesburg,Engineering,1,40.0,59.0,2,5,80,HIGH
NSFAS008039,Sipho Khumalo,University of the Witwatersrand,Arts,4,75.0,88.0,0,0,0,LOW
NSFAS008040,Sibusiso Mthembu,University of the Witwatersrand,Education,4,40.0,40.0,1,3,80,HIGH
NSFAS008041,Lerato Mthethwa,University of Johannesburg,Law,3,40.0,54.0,3,1,100,HIGH
NSFAS008042,Lindiwe Zulu,University of Johannesburg,Engineering,4,49.0,25.0,4,3,100,HIGH
NSFAS008043,Nomsa Dlamini,University of the Witwatersrand,Commerce,1,40.0,34.0,4,4,100,HIGH
NSFAS008044,Sipho Mkhize,University of KwaZulu-Natal,Law,4,30.0,40.0,1,3,80,HIGH
NSFAS008045,Thabo Mahlangu,North-West University,Arts,1,75.0,78.0,1,5,0,LOW
NSFAS008046,Sipho Mthethwa,North-West University,Science,3,30.0,57.0,3,2,100,HIGH
NSFAS008047,Nokuthula Mabaso,University of the Free State,Law,4,75.0,0.0,0,1,40,MEDIUM
NSFAS008048,Andile Nkosi,University of Pretoria,Law,2,56.69,63.0,1,2,40,MEDIUM
NSFAS008049,Zanele Mthethwa,University of KwaZulu-Natal,Science,3,46.43,29.0,3,2,100,HIGH
NSFAS008050,Nomsa Ngcobo,University of KwaZulu-Natal,Education,3,43.85,31.0,2,3,80,HIGH
NSFAS008051,Thabo Ngcobo,University of the Witwatersrand,Education,2,40.0,28.0,4,4,100,HIGH
NSFAS008052,Themba Mhlongo,University of the Witwatersrand,Arts,4,49.0,60.0,1,3,80,HIGH
NSFAS008053,Zanele Mkhize,University of Stellenbosch,Education,2,75.0,90.0,1,0,0,LOW
NSFAS008054,Kagiso Mabaso,University of KwaZulu-Natal,Engineering,3,75.0,92.0,1,0,0,LOW
NSFAS008055,Nokuthula Dlamini,North-West University,Science,4,87.46,94.0,1,3,0,LOW
NSFAS008056,Lindiwe Molefe,University of Stellenbosch,Arts,3,40.0,20.0,4,5,100,HIGH
NSFAS008057,Sibusiso Molefe,University of the Free State,Education,3,62.95,65.0,0,1,40,MEDIUM
NSFAS008058,Busisiwe Dlamini,University of the Free State,Arts,3,49.0,20.0,1,4,80,HIGH
NSFAS008059,Kagiso Mahlangu,North-West University,Science,4,44.29,39.0,3,2,100,HIGH
NSFAS008060,Zanele Nkosi,North-West University,Commerce,4,75.0,95.0,1,5,0,LOW
NSFAS008061,Nomsa Nkosi,University of KwaZulu-Natal,Commerce,4,75.0,77.0,0,3,0,LOW
NSFAS008062,Sibusiso Mkhize,University of the Witwatersrand,Engineering,1,65.09,58.0,4,5,60,HIGH
NSFAS008063,Lerato Ngcobo,University of Pretoria,Engineering,1,66.29,69.0,0,0,40,MEDIUM
NSFAS008064,Nokuthula Dlamini,North-West University,Engineering,1,40.0,32.0,2,0,80,HIGH
NSFAS008065,Sipho Molefe,University of Stellenbosch,Engineering,1,40.0,63.0,3,5,100,HIGH
NSFAS008066,Phumzile Mkhize,University of the Witwatersrand,Education,4,30.0,58.0,4,0,100,HIGH
NSFAS008067,Phumzile Zulu,North-West University,Science,2,92.51,92.0,0,2,0,LOW
NSFAS008068,Mpho Mkhize,North-West University,Engineering,2,61.87,65.0,1,4,40,MEDIUM
NSFAS008069,Tshepo Nkosi,University of the Witwatersrand,Law,1,30.0,48.0,4,1,100,HIGH
NSFAS008070,Phumzile Mkhize,University of Johannesburg,Law,1,40.0,28.0,4,5,100,HIGH
NSFAS008071,Thabo Mkhize,University of the Free State,Engineering,2,40.0,60.0,4,5,100,HIGH
NSFAS008072,Nomsa Dlamini,University of Stellenbosch,Education,3,75.0,81.0,0,2,0,LOW
NSFAS008073,Thabo Mhlongo,University of the Witwatersrand,Education,4,40.0,37.0,4,3,100,HIGH
NSFAS008074,Themba Ngcobo,University of the Witwatersrand,Science,3,40.0,39.0,4,3,100,HIGH
NSFAS008075,Mpho Ngcobo,University of the Witwatersrand,Science,3,46.67,65.0,0,4,80,HIGH
NSFAS008076,Nokuthula Mabaso,North-West University,Education,1,40.0,55.0,4,3,100,HIGH
NSFAS008077,Tshepo Mkhize,University of Johannesburg,Commerce,3,40.0,0.0,2,0,80,HIGH
NSFAS008078,Lerato Mahlangu,University of the Free State,Arts,1,71.02,95.0,1,4,0,LOW
NSFAS008079,Kagiso Ngcobo,University of the Free State,Arts,3,49.0,44.0,1,5,80,HIGH
NSFAS008080,Nomsa Mthethwa,North-West University,Arts,4,50.78,64.0,0,5,40,MEDIUM
NSFAS008081,Nokuthula Dlamini,University of Johannesburg,Engineering,2,55.81,61.0,1,2,40,MEDIUM
NSFAS008082,Sipho Mthembu,University of Pretoria,Commerce,3,58.89,72.0,0,0,0,LOW
NSFAS008083,Sibusiso Mokoena,University of the Free State,Engineering,4,44.33,21.0,3,5,100,HIGH
NSFAS008084,Sibusiso Mthethwa,University of Johannesburg,Engineering,1,60.64,60.0,0,2,40,MEDIUM
NSFAS008085,Zanele Zulu,University of the Witwatersrand,Commerce,4,40.0,41.0,1,4,80,HIGH
NSFAS008086,Tshepo Zulu,University of the Free State,Engineering,1,49.0,27.0,2,4,80,HIGH
NSFAS008087,Zanele Khumalo,University of Pretoria,Arts,1,30.0,53.0,4,2,100,HIGH
NSFAS008088,Themba Nkosi,University of the Free State,Arts,4,75.0,77.0,0,2,0,LOW
NSFAS008089,Kagiso Nkosi,University of the Free State,Commerce,3,41.11,45.0,4,3,100,HIGH
NSFAS008090,Nomsa Mahlangu,University of the Witwatersrand,Science,2,52.56,58.0,4,2,60,HIGH
NSFAS008091,Andile Mkhize,University of Cape Town,Engineering,1,47.03,37.0,3,0,100,HIGH
NSFAS008092,Thabo Mokoena,University of Pretoria,Science,1,32.28,37.0,2,3,80,HIGH
NSFAS008093,Nokuthula Mthembu,University of Pretoria,Engineering,4,38.67,33.0,1,5,80,HIGH
NSFAS008094,Zanele Molefe,University of the Free State,Science,3,40.0,60.0,1,5,80,HIGH
NSFAS008095,Andile Ngcobo,University of KwaZulu-Natal,Education,3,30.0,30.0,1,1,80,HIGH
NSFAS008096,Kagiso Dlamini,North-West University,Education,2,40.0,58.0,4,3,100,HIGH
NSFAS008097,Sipho Ngcobo,University of Johannesburg,Arts,2,70.37,92.0,1,3,0,LOW
NSFAS008098,Themba Mabaso,University of the Free State,Engineering,2,60.18,84.0,0,5,0,LOW
NSFAS008099,Busisiwe Mthethwa,North-West University,Arts,4,40.0,21.0,2,3,80,HIGH
NSFAS008100,Lindiwe Mthembu,University of Pretoria,Engineering,3,75.0,83.0,1,0,0,LOW
NSFAS008101,Zanele Mkhize,University of Stellenbosch,Commerce,1,40.0,28.0,2,1,80,HIGH
NSFAS008102,Tshepo Mthethwa,University of Johannesburg,Education,2,40.0,30.0,3,4,100,HIGH
NSFAS008103,Mpho Mhlongo,University of Pretoria,Arts,1,30.0,53.0,4,4,100,HIGH
NSFAS008104,Lerato Nkosi,University of KwaZulu-Natal,Commerce,3,42.64,48.0,1,0,80,HIGH
NSFAS008105,Lerato Mkhize,University of Pretoria,Education,1,30.0,26.0,1,2,80,HIGH
NSFAS008106,Tshepo Mkhize,University of the Witwatersrand,Commerce,3,92.58,82.0,0,2,0,LOW
NSFAS008107,Sibusiso Mokoena,University of Cape Town,Commerce,4,48.27,21.0,4,2,100,HIGH
NSFAS008108,Kagiso Mhlongo,University of Cape Town,Engineering,2,68.09,66.0,1,5,40,MEDIUM
NSFAS008109,Phumzile Molefe,University of KwaZulu-Natal,Science,4,40.0,57.0,2,5,80,HIGH
NSFAS008110,Andile Mokoena,University of the Free State,Science,1,75.0,76.0,0,3,0,LOW
NSFAS008111,Nomsa Mabaso,University of Cape Town,Education,1,75.0,76.0,0,5,0,LOW
NSFAS008112,Nomsa Mahlangu,University of the Free State,Commerce,4,69.89,76.0,1,4,0,LOW
NSFAS008113,Kagiso Mabaso,University of KwaZulu-Natal,Education,3,75.0,95.0,0,2,0,LOW
NSFAS008114,Nomsa Nkosi,North-West University,Education,1,30.0,61.0,2,0,80,HIGH
NSFAS008115,Zanele Mkhize,University of Cape Town,Engineering,3,62.69,57.0,4,0,60,HIGH
NSFAS008116,Sibusiso Mkhize,University of the Free State,Engineering,3,58.55,57.0,4,3,60,HIGH
NSFAS008117,Mpho Mthethwa,University of KwaZulu-Natal,Commerce,1,58.88,66.0,0,5,40,MEDIUM
NSFAS008118,Zanele Mthethwa,University of KwaZulu-Natal,Engineering,2,40.0,24.0,1,4,80,HIGH
NSFAS008119,Tshepo Mhlongo,University of Johannesburg,Law,2,30.0,20.0,1,5,80,HIGH
NSFAS008120,Busisiwe Nkosi,University of Stellenbosch,Education,1,43.38,52.0,2,2,80,HIGH
NSFAS008121,Andile Mthembu,University of Stellenbosch,Commerce,1,30.0,30.0,3,4,100,HIGH
NSFAS008122,Busisiwe Dlamini,University of the Free State,Engineering,4,40.0,23.0,2,4,80,HIGH
NSFAS008123,Phumzile Mahlangu,University of KwaZulu-Natal,Education,3,75.0,93.0,1,4,0,LOW
NSFAS008124,Lindiwe Mhlongo,University of Johannesburg,Education,1,40.0,54.0,1,3,80,HIGH
NSFAS008125,Thabo Ngcobo,University of Stellenbosch,Science,4,75.0,81.0,1,3,0,LOW
NSFAS008126,Nokuthula Mkhize,University of Cape Town,Science,4,40.48,52.0,3,5,100,HIGH
NSFAS008127,Nomsa Mabaso,University of Johannesburg,Education,4,75.0,87.0,0,2,0,LOW
NSFAS008128,Sipho Mabaso,North-West University,Law,2,49.0,34.0,1,2,80,HIGH
NSFAS008129,Andile Mabaso,University of KwaZulu-Natal,Commerce,4,40.0,47.0,4,5,100,HIGH
NSFAS008130,Andile Mahlangu,University of Johannesburg,Arts,1,40.0,26.0,1,0,80,HIGH
NSFAS008131,Tshepo Molefe,University of the Free State,Law,1,88.32,95.0,0,3,0,LOW
NSFAS008132,Kagiso Dlamini,University of KwaZulu-Natal,Science,2,40.0,21.0,2,4,80,HIGH
NSFAS008133,Sipho Mabaso,North-West University,Arts,4,64.42,73.0,1,0,0,LOW
NSFAS008134,Andile Mahlangu,University of the Witwatersrand,Law,2,40.0,64.0,2,0,80,HIGH
NSFAS008135,Tshepo Molefe,University of Cape Town,Arts,2,48.9,32.0,3,0,100,HIGH
NSFAS008136,Zanele Mhlongo,University of Johannesburg,Science,1,75.0,94.0,0,4,0,LOW
NSFAS008137,Mpho Dlamini,University of KwaZulu-Natal,Commerce,2,75.0,83.0,1,4,0,LOW
NSFAS008138,Mpho Mthembu,University of the Free State,Science,3,30.0,51.0,4,2,100,HIGH
NSFAS008139,Lerato Nkosi,University of Johannesburg,Law,2,45.27,44.0,1,2,80,HIGH
NSFAS008140,Phumzile Mahlangu,University of Stellenbosch,Commerce,3,40.0,29.0,1,3,80,HIGH
NSFAS008141,Busisiwe Mahlangu,University of the Free State,Engineering,4,30.0,43.0,4,1,100,HIGH
NSFAS008142,Mpho Ngcobo,North-West University,Education,3,48.61,0.0,4,2,100,HIGH
NSFAS008143,Busisiwe Mabaso,University of Johannesburg,Law,1,40.0,23.0,1,1,80,HIGH
NSFAS008144,Thabo Mokoena,North-West University,Science,3,75.0,83.0,0,4,0,LOW
NSFAS008145,Themba Mokoena,North-West University,Science,3,57.92,64.0,1,1,40,MEDIUM
NSFAS008146,Lerato Khumalo,North-West University,Law,4,40.0,21.0,2,0,80,HIGH
NSFAS008147,Busisiwe Mabaso,University of the Free State,Science,1,53.59,61.0,1,4,40,MEDIUM
NSFAS008148,Nomsa Mthembu,University of Stellenbosch,Arts,3,59.0,72.0,1,2,0,LOW
NSFAS008149,Lindiwe Mokoena,University of KwaZulu-Natal,Arts,2,40.0,56.0,3,1,100,HIGH
NSFAS008150,Thabo Khumalo,University of Pretoria,Engineering,4,30.0,27.0,2,5,80,HIGH
NSFAS008151,Themba Mhlongo,University of Stellenbosch,Arts,4,40.0,44.0,2,5,80,HIGH
NSFAS008152,Sipho Mkhize,University of Stellenbosch,Science,1,30.0,58.0,2,0,80,HIGH
NSFAS008153,Phumzile Nkosi,University of the Free State,Engineering,4,75.0,80.0,0,5,0,LOW
NSFAS008154,Kagiso Dlamini,North-West University,Law,1,65.27,68.0,1,1,40,MEDIUM
NSFAS008155,Zanele Mabaso,University of Pretoria,Arts,1,75.0,95.0,0,0,0,LOW
NSFAS008156,Nokuthula Mthembu,University of the Witwatersrand,Education,2,67.5,74.0,1,0,0,LOW
NSFAS008157,Tshepo Ngcobo,University of Pretoria,Engineering,2,61.94,70.0,1,1,0,LOW
NSFAS008158,Thabo Mthethwa,University of Stellenbosch,Education,3,40.0,44.0,1,5,80,HIGH
NSFAS008159,Phumzile Mkhize,University of the Free State,Engineering,2,40.0,52.0,3,1,100,HIGH
NSFAS008160,Phumzile Mthethwa,University of Johannesburg,Education,2,64.5,83.0,1,4,0,LOW
NSFAS008161,Nomsa Khumalo,University of Johannesburg,Education,3,40.0,59.0,4,2,100,HIGH
NSFAS008162,Lerato Mthembu,University of the Witwatersrand,Law,3,40.0,46.0,3,3,100,HIGH
NSFAS008163,Phumzile Molefe,North-West University,Education,4,75.0,83.0,1,1,0,LOW
NSFAS008164,Nokuthula Dlamini,North-West University,Commerce,3,75.0,87.0,0,5,0,LOW
NSFAS008165,Zanele Molefe,University of Pretoria,Science,2,49.59,20.0,2,0,80,HIGH
NSFAS008166,Thabo Mhlongo,University of the Witwatersrand,Engineering,4,40.0,29.0,3,3,100,HIGH
NSFAS008167,Nokuthula Mthembu,University of KwaZulu-Natal,Education,1,33.49,49.0,1,0,80,HIGH
NSFAS008168,Thabo Mthethwa,North-West University,Engineering,2,75.0,95.0,1,0,0,LOW
NSFAS008169,Sipho Mthembu,University of Pretoria,Engineering,1,40.0,53.0,3,3,100,HIGH
NSFAS008170,Nokuthula Mahlangu,University of the Free State,Arts,3,30.0,20.0,2,4,80,HIGH
NSFAS008171,Nomsa Mthethwa,University of KwaZulu-Natal,Engineering,2,40.0,48.0,1,2,80,HIGH
NSFAS008172,Sipho Molefe,University of Pretoria,Commerce,1,75.0,86.0,1,1,0,LOW
NSFAS008173,Lerato Dlamini,University of KwaZulu-Natal,Arts,4,72.29,89.0,1,3,0,LOW
NSFAS008174,Zanele Mkhize,University of the Witwatersrand,Engineering,2,40.0,59.0,3,0,100,HIGH
NSFAS008175,Thabo Mhlongo,University of KwaZulu-Natal,Science,2,32.81,21.0,1,4,80,HIGH
NSFAS008176,Busisiwe Molefe,University of the Free State,Arts,4,40.0,48.0,4,2,100,HIGH
NSFAS008177,Sibusiso Khumalo,University of Cape Town,Engineering,1,65.1,0.0,3,4,60,HIGH
NSFAS008178,Tshepo Mabaso,University of the Witwatersrand,Law,1,54.43,61.0,0,4,40,MEDIUM
NSFAS008179,Zanele Mhlongo,University of Cape Town,Engineering,1,75.0,95.0,0,0,0,LOW
NSFAS008180,Zanele Zulu,North-West University,Arts,4,40.85,54.0,3,1,100,HIGH
NSFAS008181,Tshepo Mhlongo,University of Johannesburg,Engineering,3,62.73,68.0,1,2,40,MEDIUM
NSFAS008182,Thabo Mkhize,University of Johannesburg,Arts,1,66.22,71.0,1,1,0,LOW
NSFAS008183,Lerato Mkhize,University of Stellenbosch,Education,3,62.15,69.0,1,2,40,MEDIUM
NSFAS008184,Thabo Mthethwa,University of Johannesburg,Commerce,2,71.82,93.0,0,2,0,LOW
NSFAS008185,Sipho Nkosi,University of the Free State,Science,4,40.79,51.0,1,1,80,HIGH
NSFAS008186,Sipho Mhlongo,University of Johannesburg,Engineering,2,40.0,43.0,2,2,80,HIGH
NSFAS008187,Zanele Mthethwa,University of KwaZulu-Natal,Education,2,71.38,90.0,1,4,0,LOW
NSFAS008188,Lerato Zulu,University of Johannesburg,Science,4,40.14,60.0,2,0,80,HIGH
NSFAS008189,Tshepo Mahlangu,University of the Free State,Engineering,4,60.49,76.0,1,3,0,LOW
NSFAS008190,Mpho Mabaso,North-West University,Arts,3,40.0,21.0,2,0,80,HIGH
NSFAS008191,Nomsa Mthembu,University of the Free State,Law,2,75.0,88.0,0,1,0,LOW
NSFAS008192,Sipho Khumalo,University of Johannesburg,Commerce,3,75.0,86.0,0,2,0,LOW
NSFAS008193,Thabo Zulu,University of Johannesburg,Law,4,46.17,57.0,1,1,80,HIGH
NSFAS008194,Kagiso Mthethwa,University of Johannesburg,Engineering,1,49.0,35.0,4,2,100,HIGH
NSFAS008195,Sipho Mabaso,North-West University,Law,4,75.0,88.0,1,3,0,LOW
NSFAS008196,Nokuthula Zulu,North-West University,Science,2,67.93,81.0,1,3,0,LOW
NSFAS008197,Lerato Zulu,University of KwaZulu-Natal,Engineering,3,54.03,58.0,4,4,60,HIGH
NSFAS008198,Kagiso Khumalo,University of Pretoria,Law,3,48.05,25.0,2,3,80,HIGH
NSFAS008199,Zanele Nkosi,University of the Free State,Commerce,2,75.0,94.0,0,0,0,LOW
NSFAS008200,Nokuthula Mthethwa,University of Cape Town,Law,3,40.0,25.0,1,5,80,HIGH
NSFAS008201,Kagiso Mkhize,North-West University,Law,3,56.09,69.0,1,0,40,MEDIUM
NSFAS008202,Tshepo Mthembu,University of Cape Town,Arts,2,49.7,61.0,1,2,80,HIGH
NSFAS008203,Lerato Mahlangu,University of the Witwatersrand,Law,3,40.0,65.0,3,3,100,HIGH
NSFAS008204,Sibusiso Mhlongo,North-West University,Law,4,75.0,91.0,0,0,0,LOW
NSFAS008205,Phumzile Molefe,University of the Witwatersrand,Arts,3,54.03,74.0,0,1,0,LOW
NSFAS008206,Themba Ngcobo,University of the Witwatersrand,Education,3,68.89,75.0,0,5,0,LOW
NSFAS008207,Nomsa Mthethwa,University of the Witwatersrand,Commerce,4,75.0,75.0,1,5,0,LOW
NSFAS008208,Lerato Nkosi,University of Johannesburg,Arts,3,40.0,64.0,3,3,100,HIGH
NSFAS008209,Nokuthula Molefe,University of Stellenbosch,Education,3,75.0,80.0,0,0,0,LOW
NSFAS008210,Lindiwe Dlamini,University of Stellenbosch,Engineering,4,75.0,90.0,0,3,0,LOW
NSFAS008211,Kagiso Molefe,North-West University,Engineering,4,75.0,79.0,1,2,0,LOW
NSFAS008212,Nokuthula Molefe,University of Stellenbosch,Law,2,60.05,67.0,1,4,40,MEDIUM
NSFAS008213,Andile Mthembu,North-West University,Commerce,4,40.0,55.0,4,2,100,HIGH
NSFAS008214,Mpho Zulu,University of Johannesburg,Science,2,46.21,47.0,3,1,100,HIGH
NSFAS008215,Themba Zulu,University of KwaZulu-Natal,Arts,4,75.0,86.0,1,0,0,LOW
NSFAS008216,Nomsa Khumalo,University of KwaZulu-Natal,Law,4,40.0,55.0,4,1,100,HIGH
NSFAS008217,Zanele Ngcobo,University of Johannesburg,Law,1,45.21,28.0,1,4,80,HIGH
NSFAS008218,Zanele Molefe,University of Stellenbosch,Engineering,3,51.15,85.0,1,0,0,LOW
NSFAS008219,Kagiso Nkosi,North-West University,Science,4,40.0,31.0,1,0,80,HIGH
NSFAS008220,Lindiwe Mabaso,University of Johannesburg,Commerce,1,75.0,76.0,0,4,0,LOW
NSFAS008221,Andile Mokoena,University of Johannesburg,Commerce,1,40.0,25.0,3,0,100,HIGH
NSFAS008222,Nomsa Mthethwa,University of KwaZulu-Natal,Education,1,30.91,33.0,3,1,100,HIGH
NSFAS008223,Lindiwe Mahlangu,University of Cape Town,Law,1,40.0,33.0,2,0,80,HIGH
NSFAS008224,Lindiwe Nkosi,University of Cape Town,Engineering,2,40.0,27.0,1,0,80,HIGH
NSFAS008225,Andile Mahlangu,North-West University,Commerce,3,30.0,24.0,4,4,100,HIGH
NSFAS008226,Kagiso Zulu,University of Pretoria,Commerce,2,66.99,64.0,1,5,40,MEDIUM
NSFAS008227,Lerato Mkhize,University of Johannesburg,Science,3,50.38,84.0,0,3,0,LOW
NSFAS008228,Sipho Mokoena,University of Johannesburg,Science,1,47.77,58.0,3,0,100,HIGH
NSFAS008229,Thabo Ngcobo,University of Pretoria,Engineering,2,53.63,81.0,1,3,0,LOW
NSFAS008230,Andile Mthethwa,University of the Witwatersrand,Arts,2,40.0,48.0,4,4,100,HIGH
NSFAS008231,Sipho Mkhize,University of Pretoria,Education,1,49.0,64.0,0,0,80,HIGH
NSFAS008232,Lindiwe Mokoena,University of Cape Town,Science,1,44.98,31.0,2,4,80,HIGH
NSFAS008233,Sibusiso Zulu,University of Cape Town,Education,4,56.43,79.0,0,5,0,LOW
NSFAS008234,Kagiso Mkhize,University of the Witwatersrand,Science,3,79.13,95.0,0,1,0,LOW
NSFAS008235,Phumzile Mahlangu,North-West University,Arts,4,64.05,70.0,0,5,0,LOW
NSFAS008236,Lerato Nkosi,University of Pretoria,Science,3,70.3,90.0,0,1,0,LOW
NSFAS008237,Zanele Mokoena,University of Cape Town,Law,3,75.0,93.0,1,5,0,LOW
NSFAS008238,Nokuthula Dlamini,University of the Free State,Education,1,61.12,58.0,3,0,60,HIGH
NSFAS008239,Phumzile Molefe,University of KwaZulu-Natal,Education,3,30.0,22.0,1,0,80,HIGH
NSFAS008240,Sipho Mthethwa,University of Cape Town,Law,1,47.19,52.0,1,4,80,HIGH
NSFAS008241,Nokuthula Mkhize,University of the Witwatersrand,Science,2,40.32,24.0,3,3,100,HIGH
NSFAS008242,Lerato Mahlangu,North-West University,Arts,1,49.0,35.0,2,4,80,HIGH
NSFAS008243,Nokuthula Ngcobo,University of Cape Town,Education,3,40.0,47.0,2,0,80,HIGH
NSFAS008244,Lindiwe Mkhize,University of Johannesburg,Science,2,49.04,28.0,4,4,100,HIGH
NSFAS008245,Lerato Mhlongo,North-West University,Engineering,4,40.0,57.0,4,1,100,HIGH
NSFAS008246,Themba Mkhize,University of KwaZulu-Natal,Commerce,2,40.0,56.0,4,0,100,HIGH
NSFAS008247,Kagiso Mthethwa,University of Pretoria,Law,1,43.02,60.0,2,0,80,HIGH
NSFAS008248,Thabo Mkhize,University of the Witwatersrand,Science,1,69.36,81.0,1,3,0,LOW
NSFAS008249,Nokuthula Molefe,University of Johannesburg,Commerce,1,59.22,75.0,1,3,0,LOW
NSFAS008250,Themba Dlamini,University of the Free State,Commerce,1,43.41,30.0,2,3,80,HIGH
NSFAS008251,Themba Mthembu,University of Cape Town,Law,4,75.0,92.0,0,0,0,LOW
NSFAS008252,Lindiwe Mhlongo,University of Cape Town,Arts,3,75.0,81.0,0,5,0,LOW
NSFAS008253,Thabo Mahlangu,University of Johannesburg,Commerce,1,95.0,82.0,0,4,0,LOW
NSFAS008254,Nomsa Molefe,North-West University,Law,3,73.3,85.0,0,5,0,LOW
NSFAS008255,Thabo Mokoena,University of Cape Town,Arts,2,75.0,83.0,0,2,0,LOW
NSFAS008256,Andile Khumalo,University of Johannesburg,Arts,3,72.44,79.0,0,1,0,LOW
NSFAS008257,Mpho Dlamini,University of Pretoria,Education,3,61.47,66.0,0,1,40,MEDIUM
NSFAS008258,Thabo Molefe,University of the Free State,Law,2,63.77,57.0,2,0,40,MEDIUM
NSFAS008259,Andile Zulu,University of Johannesburg,Engineering,2,75.0,95.0,0,3,0,LOW
NSFAS008260,Mpho Molefe,University of Cape Town,Education,2,49.0,44.0,1,4,80,HIGH
NSFAS008261,Phumzile Mthembu,North-West University,Engineering,1,40.0,48.0,2,3,80,HIGH
NSFAS008262,Phumzile Mhlongo,University of Stellenbosch,Engineering,3,72.56,93.0,1,3,0,LOW
NSFAS008263,Lindiwe Mhlongo,University of the Free State,Law,4,79.85,79.0,0,4,0,LOW
NSFAS008264,Thabo Mthethwa,University of the Witwatersrand,Commerce,2,40.0,52.0,1,2,80,HIGH
NSFAS008265,Kagiso Nkosi,University of KwaZulu-Natal,Arts,1,75.0,84.0,1,2,0,LOW
NSFAS008266,Nokuthula Mkhize,University of the Witwatersrand,Arts,3,75.0,80.0,0,0,0,LOW
NSFAS008267,Phumzile Molefe,University of the Witwatersrand,Law,3,30.0,48.0,1,2,80,HIGH
NSFAS008268,Sipho Mahlangu,University of Cape Town,Arts,4,65.09,71.0,0,3,0,LOW
NSFAS008269,Nomsa Mokoena,University of Stellenbosch,Engineering,4,40.0,40.0,3,0,100,HIGH
NSFAS008270,Lindiwe Mahlangu,North-West University,Law,2,63.65,81.0,0,3,0,LOW
NSFAS008271,Phumzile Ngcobo,University of Pretoria,Arts,3,72.67,81.0,1,0,0,LOW
NSFAS008272,Nokuthula Zulu,University of Cape Town,Commerce,1,40.0,39.0,1,2,80,HIGH
NSFAS008273,Sipho Mhlongo,University of Johannesburg,Arts,2,40.0,0.0,4,4,100,HIGH
NSFAS008274,Phumzile Molefe,University of Johannesburg,Law,2,49.0,32.0,3,5,100,HIGH
NSFAS008275,Andile Mthethwa,University of Pretoria,Science,3,77.15,82.0,0,4,0,LOW
NSFAS008276,Andile Ngcobo,University of Cape Town,Science,1,40.07,55.0,3,4,100,HIGH
NSFAS008277,Thabo Mhlongo,University of Cape Town,Science,1,30.0,54.0,2,3,80,HIGH
NSFAS008278,Nokuthula Ngcobo,University of the Witwatersrand,Education,1,54.07,74.0,0,0,0,LOW
NSFAS008279,Sibusiso Ngcobo,University of the Free State,Engineering,2,59.72,85.0,0,0,0,LOW
NSFAS008280,Kagiso Mokoena,University of KwaZulu-Natal,Commerce,4,43.44,49.0,1,2,80,HIGH
NSFAS008281,Mpho Molefe,University of Johannesburg,Commerce,4,79.48,86.0,0,3,0,LOW
NSFAS008282,Lindiwe Zulu,University of Pretoria,Education,4,49.0,47.0,1,3,80,HIGH
NSFAS008283,Nomsa Zulu,University of the Witwatersrand,Education,1,52.34,61.0,0,2,40,MEDIUM
NSFAS008284,Thabo Mabaso,University of Pretoria,Education,4,30.29,49.0,2,2,80,HIGH
NSFAS008285,Mpho Mhlongo,University of Pretoria,Law,2,95.0,89.0,1,3,0,LOW
NSFAS008286,Kagiso Mhlongo,University of Stellenbosch,Law,2,75.0,84.0,1,3,0,LOW
NSFAS008287,Lerato Mahlangu,University of Stellenbosch,Commerce,3,75.0,86.0,0,3,0,LOW
NSFAS008288,Phumzile Mthembu,University of KwaZulu-Natal,Law,1,53.76,74.0,1,1,0,LOW
NSFAS008289,Tshepo Mabaso,University of Stellenbosch,Education,4,40.0,36.0,4,2,100,HIGH
NSFAS008290,Sipho Zulu,University of Pretoria,Commerce,3,85.94,85.0,0,4,0,LOW
NSFAS008291,Nomsa Nkosi,University of KwaZulu-Natal,Engineering,2,40.0,27.0,3,0,100,HIGH
NSFAS008292,Lindiwe Dlamini,North-West University,Law,2,40.0,41.0,2,4,80,HIGH
NSFAS008293,Kagiso Mahlangu,University of Cape Town,Law,3,40.0,45.0,4,4,100,HIGH
NSFAS008294,Sipho Khumalo,University of Stellenbosch,Science,1,30.0,23.0,3,5,100,HIGH
NSFAS008295,Thabo Mthembu,University of Stellenbosch,Commerce,1,51.42,84.0,0,5,0,LOW
NSFAS008296,Tshepo Dlamini,University of the Free State,Commerce,1,45.89,42.0,2,4,80,HIGH
NSFAS008297,Phumzile Khumalo,University of the Witwatersrand,Education,4,75.0,95.0,1,1,0,LOW
NSFAS008298,Sipho Mthethwa,University of Pretoria,Commerce,3,52.75,77.0,0,3,0,LOW
NSFAS008299,Themba Zulu,University of Johannesburg,Education,1,40.0,0.0,4,1,100,HIGH
NSFAS008300,Thabo Dlamini,University of Cape Town,Science,2,45.68,22.0,2,0,80,HIGH
NSFAS008301,Lerato Mkhize,University of the Witwatersrand,Law,3,59.36,63.0,0,1,40,MEDIUM
NSFAS008302,Zanele Mhlongo,University of the Witwatersrand,Law,2,48.65,35.0,1,1,80,HIGH
NSFAS008303,Busisiwe Molefe,University of Cape Town,Science,2,56.88,64.0,0,0,40,MEDIUM
NSFAS008304,Nomsa Mthethwa,University of the Free State,Education,1,40.0,54.0,2,2,80,HIGH
NSFAS008305,Thabo Mabaso,University of the Witwatersrand,Arts,1,49.0,49.0,3,4,100,HIGH
NSFAS008306,Andile Mabaso,University of the Free State,Engineering,1,75.0,76.0,0,2,0,LOW
NSFAS008307,Lerato Nkosi,University of KwaZulu-Natal,Arts,4,61.18,67.0,0,0,40,MEDIUM
NSFAS008308,Nokuthula Mkhize,University of KwaZulu-Natal,Commerce,2,67.87,80.0,0,2,0,LOW
NSFAS008309,Phumzile Khumalo,University of Cape Town,Science,1,45.16,48.0,2,5,80,HIGH
NSFAS008310,Phumzile Nkosi,University of the Free State,Commerce,3,40.0,53.0,3,3,100,HIGH
NSFAS008311,Kagiso Mthembu,University of KwaZulu-Natal,Engineering,3,50.31,82.0,1,3,0,LOW
NSFAS008312,Thabo Mthembu,University of the Free State,Education,1,48.18,31.0,1,2,80,HIGH
NSFAS008313,Sibusiso Khumalo,University of Stellenbosch,Education,3,30.0,52.0,2,3,80,HIGH
NSFAS008314,Themba Ngcobo,University of Johannesburg,Science,2,75.0,95.0,1,1,0,LOW
NSFAS008315,Lindiwe Dlamini,University of Cape Town,Science,3,75.0,95.0,0,5,0,LOW
NSFAS008316,Themba Mthethwa,University of KwaZulu-Natal,Science,1,75.0,90.0,1,1,0,LOW
NSFAS008317,Zanele Zulu,University of KwaZulu-Natal,Arts,3,75.0,84.0,1,0,0,LOW
NSFAS008318,Tshepo Mokoena,University of Pretoria,Science,1,68.29,70.0,1,5,0,LOW
NSFAS008319,Nokuthula Mahlangu,University of Pretoria,Arts,1,63.78,63.0,0,3,40,MEDIUM
NSFAS008320,Sipho Molefe,University of Pretoria,Engineering,2,40.0,63.0,4,3,100,HIGH
NSFAS008321,Zanele Nkosi,University of the Witwatersrand,Education,4,73.63,85.0,0,5,0,LOW
NSFAS008322,Phumzile Mahlangu,University of Johannesburg,Engineering,2,53.64,80.0,0,4,0,LOW
NSFAS008323,Lindiwe Mthembu,University of KwaZulu-Natal,Science,4,40.0,58.0,2,4,80,HIGH
NSFAS008324,Kagiso Nkosi,University of Cape Town,Science,4,62.52,61.0,0,3,40,MEDIUM
NSFAS008325,Thabo Mkhize,University of Pretoria,Education,1,40.0,29.0,2,3,80,HIGH
NSFAS008326,Busisiwe Khumalo,University of KwaZulu-Natal,Science,3,59.59,84.0,1,2,0,LOW
NSFAS008327,Mpho Molefe,University of Johannesburg,Commerce,2,95.0,95.0,1,0,0,LOW
NSFAS008328,Mpho Mthethwa,University of Johannesburg,Law,2,40.0,53.0,3,3,100,HIGH
NSFAS008329,Thabo Mthethwa,University of the Free State,Law,2,62.06,68.0,1,5,40,MEDIUM
NSFAS008330,Zanele Mhlongo,University of Stellenbosch,Commerce,1,40.0,21.0,2,0,80,HIGH
NSFAS008331,Nomsa Molefe,University of the Witwatersrand,Commerce,4,30.0,52.0,1,5,80,HIGH
NSFAS008332,Thabo Zulu,University of Johannesburg,Commerce,2,40.0,35.0,3,1,100,HIGH
NSFAS008333,Thabo Mthembu,University of Johannesburg,Arts,1,41.4,60.0,4,0,100,HIGH
NSFAS008334,Tshepo Mokoena,University of the Witwatersrand,Law,4,43.65,25.0,2,5,80,HIGH
NSFAS008335,Mpho Mthethwa,University of Cape Town,Education,1,40.0,37.0,4,1,100,HIGH
NSFAS008336,Phumzile Mhlongo,University of Stellenbosch,Law,4,43.2,37.0,3,3,100,HIGH
NSFAS008337,Andile Khumalo,University of the Witwatersrand,Science,4,30.0,26.0,2,5,80,HIGH
NSFAS008338,Tshepo Mabaso,University of Cape Town,Education,1,40.0,47.0,4,2,100,HIGH
NSFAS008339,Busisiwe Mabaso,University of Johannesburg,Engineering,4,75.0,80.0,0,4,0,LOW
NSFAS008340,Nomsa Ngcobo,University of the Free State,Engineering,4,58.23,75.0,0,1,0,LOW
NSFAS008341,Nomsa Molefe,University of Johannesburg,Science,1,40.0,54.0,1,5,80,HIGH
NSFAS008342,Nomsa Mahlangu,University of KwaZulu-Natal,Commerce,2,40.0,30.0,2,0,80,HIGH
NSFAS008343,Phumzile Mokoena,North-West University,Science,4,75.0,92.0,0,0,0,LOW
NSFAS008344,Zanele Mhlongo,University of the Free State,Education,4,30.0,39.0,2,3,80,HIGH
NSFAS008345,Sipho Molefe,University of Cape Town,Engineering,4,59.8,61.0,0,3,40,MEDIUM
NSFAS008346,Phumzile Mahlangu,University of KwaZulu-Natal,Engineering,3,64.25,60.0,1,3,40,MEDIUM
NSFAS008347,Lindiwe Mhlongo,University of KwaZulu-Natal,Law,4,40.0,53.0,2,5,80,HIGH
NSFAS008348,Zanele Mabaso,University of Stellenbosch,Science,2,42.03,28.0,1,5,80,HIGH
NSFAS008349,Lerato Mkhize,University of Johannesburg,Law,1,30.0,38.0,1,2,80,HIGH
NSFAS008350,Lerato Mthethwa,University of Pretoria,Law,3,73.07,86.0,1,2,0,LOW
NSFAS008351,Nomsa Khumalo,University of Johannesburg,Commerce,3,42.13,29.0,2,2,80,HIGH
NSFAS008352,Phumzile Mthethwa,University of KwaZulu-Natal,Commerce,2,61.46,83.0,0,5,0,LOW
NSFAS008353,Themba Nkosi,University of the Witwatersrand,Engineering,2,40.0,61.0,1,5,80,HIGH
NSFAS008354,Nokuthula Dlamini,University of the Witwatersrand,Law,4,40.0,0.0,4,3,100,HIGH
NSFAS008355,Tshepo Zulu,University of Pretoria,Education,4,72.35,95.0,1,1,0,LOW
NSFAS008356,Lerato Mabaso,University of KwaZulu-Natal,Education,4,40.0,35.0,1,4,80,HIGH
NSFAS008357,Sibusiso Mabaso,University of Johannesburg,Education,4,66.96,63.0,1,0,40,MEDIUM
NSFAS008358,Lindiwe Mthethwa,University of Johannesburg,Commerce,4,69.38,75.0,1,4,0,LOW
NSFAS008359,Nokuthula Zulu,University of Stellenbosch,Education,2,75.0,78.0,0,4,0,LOW
NSFAS008360,Thabo Khumalo,University of KwaZulu-Natal,Science,4,40.0,48.0,1,4,80,HIGH
NSFAS008361,Mpho Mthembu,University of the Witwatersrand,Commerce,1,49.56,34.0,4,0,100,HIGH
NSFAS008362,Lindiwe Mthethwa,University of the Free State,Commerce,2,68.07,78.0,1,1,0,LOW
NSFAS008363,Mpho Mhlongo,University of Johannesburg,Arts,1,75.0,82.0,0,4,0,LOW
NSFAS008364,Sibusiso Nkosi,University of the Free State,Education,4,77.23,95.0,1,2,0,LOW
NSFAS008365,Andile Khumalo,University of Cape Town,Arts,4,40.0,44.0,2,1,80,HIGH
NSFAS008366,Tshepo Ngcobo,University of KwaZulu-Natal,Engineering,2,40.98,65.0,1,0,80,HIGH
NSFAS008367,Themba Mhlongo,North-West University,Education,4,67.77,57.0,3,4,60,HIGH
NSFAS008368,Busisiwe Mhlongo,University of Johannesburg,Arts,1,30.0,21.0,1,3,80,HIGH
NSFAS008369,Mpho Zulu,University of KwaZulu-Natal,Law,1,71.14,95.0,0,5,0,LOW
NSFAS008370,Kagiso Molefe,University of Johannesburg,Engineering,3,40.0,35.0,1,3,80,HIGH
NSFAS008371,Lindiwe Mhlongo,North-West University,Commerce,2,30.0,64.0,1,1,80,HIGH
NSFAS008372,Lerato Molefe,University of the Witwatersrand,Engineering,2,75.0,92.0,0,1,0,LOW
NSFAS008373,Sipho Mokoena,University of Johannesburg,Arts,2,63.15,76.0,1,4,0,LOW
NSFAS008374,Nomsa Mkhize,University of KwaZulu-Natal,Commerce,1,30.0,47.0,3,0,100,HIGH
NSFAS008375,Busisiwe Mabaso,University of the Witwatersrand,Engineering,3,75.0,94.0,1,4,0,LOW
NSFAS008376,Nokuthula Mkhize,University of Stellenbosch,Engineering,2,50.46,68.0,0,4,40,MEDIUM
NSFAS008377,Themba Zulu,University of KwaZulu-Natal,Education,2,75.0,92.0,1,3,0,LOW
NSFAS008378,Themba Mkhize,University of the Witwatersrand,Commerce,1,40.0,58.0,2,5,80,HIGH
NSFAS008379,Phumzile Khumalo,University of the Witwatersrand,Education,2,30.0,51.0,1,1,80,HIGH
NSFAS008380,Andile Mhlongo,University of KwaZulu-Natal,Education,4,40.0,65.0,3,5,100,HIGH
NSFAS008381,Sibusiso Nkosi,University of Pretoria,Engineering,2,56.89,76.0,0,4,0,LOW
NSFAS008382,Kagiso Khumalo,University of the Free State,Science,3,65.8,80.0,1,4,0,LOW
NSFAS008383,Mpho Mabaso,University of Pretoria,Engineering,2,58.33,78.0,0,4,0,LOW
NSFAS008384,Themba Nkosi,University of KwaZulu-Natal,Arts,2,48.27,28.0,4,5,100,HIGH
NSFAS008385,Zanele Ngcobo,University of the Witwatersrand,Law,4,75.0,95.0,0,5,0,LOW
NSFAS008386,Kagiso Mokoena,University of Stellenbosch,Education,4,83.36,82.0,0,1,0,LOW
NSFAS008387,Phumzile Mthembu,University of the Free State,Law,1,49.0,37.0,3,4,100,HIGH
NSFAS008388,Nokuthula Mthethwa,University of the Witwatersrand,Education,3,75.0,75.0,0,2,0,LOW
NSFAS008389,Tshepo Mthembu,University of Pretoria,Education,4,59.94,58.0,4,1,60,HIGH
NSFAS008390,Thabo Khumalo,University of Pretoria,Engineering,2,40.0,35.0,4,3,100,HIGH
NSFAS008391,Thabo Mkhize,University of Pretoria,Science,3,37.04,39.0,3,0,100,HIGH
NSFAS008392,Lindiwe Nkosi,University of the Witwatersrand,Arts,3,72.82,84.0,0,0,0,LOW
NSFAS008393,Nokuthula Zulu,University of the Witwatersrand,Commerce,2,95.0,95.0,0,0,0,LOW
NSFAS008394,Tshepo Mthembu,University of Johannesburg,Science,3,40.0,57.0,1,4,80,HIGH
NSFAS008395,Busisiwe Mthethwa,University of the Witwatersrand,Engineering,2,79.39,83.0,1,4,0,LOW
NSFAS008396,Sibusiso Mthembu,University of KwaZulu-Natal,Science,1,66.28,72.0,1,3,0,LOW
NSFAS008397,Phumzile Mahlangu,University of the Free State,Commerce,1,67.06,82.0,1,1,0,LOW
NSFAS008398,Kagiso Nkosi,University of KwaZulu-Natal,Arts,2,40.0,59.0,3,5,100,HIGH
NSFAS008399,Zanele Mkhize,University of the Free State,Law,1,45.81,30.0,1,3,80,HIGH
NSFAS008400,Mpho Mahlangu,North-West University,Commerce,4,45.74,32.0,2,1,80,HIGH
NSFAS008401,Zanele Mahlangu,University of Pretoria,Law,1,47.52,62.0,1,1,80,HIGH
NSFAS008402,Sibusiso Mhlongo,University of Pretoria,Education,4,58.42,84.0,0,2,0,LOW
NSFAS008403,Zanele Mthembu,University of the Witwatersrand,Commerce,4,47.18,42.0,1,1,80,HIGH
NSFAS008404,Sipho Nkosi,University of Stellenbosch,Arts,3,75.0,95.0,1,2,0,LOW
NSFAS008405,Tshepo Mahlangu,University of the Free State,Arts,4,40.0,53.0,2,1,80,HIGH
NSFAS008406,Nokuthula Mokoena,University of Cape Town,Arts,4,30.0,42.0,3,5,100,HIGH
NSFAS008407,Andile Mahlangu,University of Stellenbosch,Arts,3,40.0,45.0,3,0,100,HIGH
NSFAS008408,Tshepo Mokoena,University of Johannesburg,Commerce,4,42.61,34.0,2,4,80,HIGH
NSFAS008409,Lindiwe Mokoena,University of Cape Town,Education,3,44.09,27.0,4,0,100,HIGH
NSFAS008410,Lindiwe Khumalo,University of Pretoria,Law,4,68.45,83.0,1,3,0,LOW
NSFAS008411,Tshepo Dlamini,University of the Witwatersrand,Engineering,1,46.12,42.0,2,1,80,HIGH
NSFAS008412,Lindiwe Mahlangu,University of the Witwatersrand,Engineering,3,68.39,81.0,1,2,0,LOW
NSFAS008413,Andile Mthembu,University of the Witwatersrand,Arts,3,57.44,84.0,1,2,0,LOW
NSFAS008414,Nokuthula Mkhize,North-West University,Commerce,2,43.35,20.0,3,1,100,HIGH
NSFAS008415,Lerato Zulu,University of the Free State,Science,2,49.0,0.0,0,4,80,HIGH
NSFAS008416,Nomsa Zulu,University of Pretoria,Education,3,40.0,43.0,4,5,100,HIGH
NSFAS008417,Phumzile Mokoena,University of the Witwatersrand,Education,4,40.0,25.0,4,5,100,HIGH
NSFAS008418,Busisiwe Mthethwa,North-West University,Education,2,42.99,42.0,3,0,100,HIGH
NSFAS008419,Tshepo Mthembu,University of Pretoria,Science,3,40.0,54.0,2,5,80,HIGH
NSFAS008420,Zanele Khumalo,University of Cape Town,Arts,2,50.07,73.0,0,4,0,LOW
NSFAS008421,Kagiso Ngcobo,University of Pretoria,Engineering,4,75.0,75.0,0,3,0,LOW
NSFAS008422,Thabo Mhlongo,University of Cape Town,Engineering,3,75.0,95.0,1,5,0,LOW
NSFAS008423,Tshepo Khumalo,University of KwaZulu-Natal,Engineering,4,61.19,56.0,2,4,40,MEDIUM
NSFAS008424,Tshepo Khumalo,University of Johannesburg,Science,1,40.0,46.0,4,1,100,HIGH
NSFAS008425,Sipho Zulu,University of the Free State,Science,3,51.39,61.0,1,4,40,MEDIUM
NSFAS008426,Themba Mthethwa,University of the Witwatersrand,Science,4,52.3,59.0,1,5,40,MEDIUM
NSFAS008427,Busisiwe Mthethwa,University of the Witwatersrand,Science,2,61.41,56.0,1,5,40,MEDIUM
NSFAS008428,Zanele Mthembu,University of the Witwatersrand,Commerce,3,75.0,79.0,0,2,0,LOW
NSFAS008429,Lindiwe Mthethwa,University of the Witwatersrand,Arts,3,62.67,58.0,2,5,40,MEDIUM
NSFAS008430,Andile Mthembu,University of Cape Town,Education,3,49.0,46.0,2,2,80,HIGH
NSFAS008431,Nomsa Nkosi,University of the Witwatersrand,Law,1,58.58,79.0,0,4,0,LOW
NSFAS008432,Nokuthula Khumalo,University of Johannesburg,Science,2,50.04,58.0,2,5,40,MEDIUM
NSFAS008433,Kagiso Dlamini,University of Stellenbosch,Commerce,2,68.66,69.0,0,1,40,MEDIUM
NSFAS008434,Zanele Mokoena,University of the Free State,Commerce,3,40.0,0.0,1,1,80,HIGH
NSFAS008435,Lindiwe Nkosi,University of Stellenbosch,Science,2,40.0,36.0,4,1,100,HIGH
NSFAS008436,Sibusiso Nkosi,University of the Witwatersrand,Commerce,4,69.86,69.0,1,1,40,MEDIUM
NSFAS008437,Sipho Zulu,University of KwaZulu-Natal,Commerce,1,47.67,28.0,1,4,80,HIGH
NSFAS008438,Thabo Dlamini,North-West University,Arts,1,75.0,92.0,1,2,0,LOW
NSFAS008439,Nokuthula Mahlangu,University of the Witwatersrand,Arts,2,40.0,47.0,2,0,80,HIGH
NSFAS008440,Busisiwe Mthembu,University of the Witwatersrand,Arts,1,70.01,92.0,1,3,0,LOW
NSFAS008441,Busisiwe Mkhize,University of Cape Town,Engineering,4,40.0,23.0,1,5,80,HIGH
NSFAS008442,Themba Mhlongo,University of the Free State,Engineering,4,30.0,24.0,1,3,80,HIGH
NSFAS008443,Thabo Zulu,University of Cape Town,Science,3,55.99,79.0,0,1,0,LOW
NSFAS008444,Phumzile Molefe,University of Pretoria,Science,2,65.37,72.0,0,0,0,LOW
NSFAS008445,Nomsa Mahlangu,University of KwaZulu-Natal,Arts,1,40.0,50.0,3,3,100,HIGH
NSFAS008446,Themba Molefe,North-West University,Arts,4,45.82,33.0,2,1,80,HIGH
NSFAS008447,Mpho Molefe,North-West University,Education,3,40.0,39.0,4,2,100,HIGH
NSFAS008448,Themba Dlamini,University of the Free State,Arts,4,75.0,77.0,1,1,0,LOW
NSFAS008449,Thabo Mkhize,North-West University,Engineering,3,75.0,83.0,1,3,0,LOW
NSFAS008450,Andile Molefe,University of the Witwatersrand,Engineering,4,64.0,73.0,0,0,0,LOW
NSFAS008451,Kagiso Zulu,North-West University,Commerce,4,69.85,80.0,0,3,0,LOW
NSFAS008452,Sibusiso Mokoena,University of Johannesburg,Engineering,3,52.01,77.0,0,2,0,LOW
NSFAS008453,Sibusiso Mahlangu,University of the Witwatersrand,Engineering,4,75.0,85.0,1,4,0,LOW
NSFAS008454,Themba Mhlongo,University of KwaZulu-Natal,Arts,3,40.0,50.0,3,3,100,HIGH
NSFAS008455,Lerato Mkhize,University of Stellenbosch,Law,4,40.0,59.0,2,4,80,HIGH
NSFAS008456,Phumzile Mhlongo,University of the Witwatersrand,Commerce,2,40.0,55.0,3,4,100,HIGH
NSFAS008457,Sibusiso Dlamini,University of Stellenbosch,Education,1,40.0,44.0,1,4,80,HIGH
NSFAS008458,Andile Dlamini,University of Stellenbosch,Arts,4,75.0,92.0,1,1,0,LOW
NSFAS008459,Nokuthula Zulu,University of KwaZulu-Natal,Science,2,40.0,23.0,4,0,100,HIGH
NSFAS008460,Phumzile Mokoena,University of Cape Town,Education,1,50.02,75.0,1,3,0,LOW
NSFAS008461,Kagiso Molefe,University of the Free State,Science,2,40.0,39.0,2,1,80,HIGH
NSFAS008462,Sipho Ngcobo,University of the Free State,Engineering,1,46.55,53.0,4,5,100,HIGH
NSFAS008463,Busisiwe Mabaso,University of KwaZulu-Natal,Education,4,46.16,65.0,1,3,80,HIGH
NSFAS008464,Themba Mthethwa,University of the Witwatersrand,Education,2,64.86,69.0,1,2,40,MEDIUM
NSFAS008465,Themba Molefe,University of the Free State,Law,1,73.69,84.0,1,1,0,LOW
NSFAS008466,Thabo Mokoena,North-West University,Education,2,40.0,36.0,2,0,80,HIGH
NSFAS008467,Nomsa Dlamini,University of Cape Town,Commerce,3,30.0,27.0,4,2,100,HIGH
NSFAS008468,Nokuthula Mthembu,University of Pretoria,Education,4,75.0,92.0,0,1,0,LOW
NSFAS008469,Themba Zulu,University of Stellenbosch,Science,2,75.0,76.0,1,4,0,LOW
NSFAS008470,Mpho Dlamini,University of Cape Town,Commerce,2,62.32,79.0,0,1,0,LOW
NSFAS008471,Tshepo Mahlangu,University of the Free State,Education,3,75.0,78.0,0,0,0,LOW
NSFAS008472,Themba Zulu,North-West University,Engineering,2,53.02,82.0,1,2,0,LOW
NSFAS008473,Themba Mabaso,University of Stellenbosch,Commerce,2,69.6,63.0,1,0,40,MEDIUM
NSFAS008474,Lerato Mthethwa,North-West University,Law,4,40.0,46.0,3,4,100,HIGH
NSFAS008475,Zanele Molefe,University of Johannesburg,Law,3,76.96,91.0,0,5,0,LOW
NSFAS008476,Busisiwe Mahlangu,University of the Free State,Arts,1,49.0,60.0,1,2,80,HIGH
NSFAS008477,Themba Mthethwa,University of Johannesburg,Science,2,54.07,55.0,4,1,60,HIGH
NSFAS008478,Sibusiso Mokoena,University of Johannesburg,Science,1,40.0,39.0,4,5,100,HIGH
NSFAS008479,Zanele Nkosi,University of Stellenbosch,Commerce,1,48.27,32.0,4,0,100,HIGH
NSFAS008480,Lindiwe Mahlangu,University of the Free State,Arts,2,40.0,62.0,3,4,100,HIGH
NSFAS008481,Nokuthula Dlamini,University of Johannesburg,Education,4,40.0,53.0,1,5,80,HIGH
NSFAS008482,Busisiwe Molefe,University of Pretoria,Engineering,4,40.0,35.0,2,3,80,HIGH
NSFAS008483,Busisiwe Nkosi,University of Pretoria,Commerce,2,75.0,89.0,0,5,0,LOW
NSFAS008484,Mpho Mabaso,North-West University,Science,1,55.17,55.0,1,5,40,MEDIUM
NSFAS008485,Andile Mabaso,University of Johannesburg,Science,2,40.0,40.0,4,2,100,HIGH
NSFAS008486,Thabo Mthembu,University of Stellenbosch,Education,3,40.0,32.0,4,3,100,HIGH
NSFAS008487,Lindiwe Mabaso,University of Pretoria,Law,4,49.0,40.0,4,3,100,HIGH
NSFAS008488,Phumzile Mthembu,University of Pretoria,Commerce,2,40.0,56.0,2,1,80,HIGH
NSFAS008489,Phumzile Khumalo,University of Stellenbosch,Engineering,2,40.0,54.0,3,2,100,HIGH
NSFAS008490,Nokuthula Mabaso,University of Johannesburg,Engineering,1,50.6,69.0,0,0,40,MEDIUM
NSFAS008491,Themba Nkosi,University of the Witwatersrand,Engineering,4,75.0,95.0,0,3,0,LOW
NSFAS008492,Themba Mkhize,University of the Free State,Commerce,1,42.2,65.0,3,4,100,HIGH
NSFAS008493,Busisiwe Mabaso,University of KwaZulu-Natal,Education,3,40.0,41.0,2,3,80,HIGH
NSFAS008494,Sipho Mhlongo,University of KwaZulu-Natal,Commerce,1,40.0,30.0,3,0,100,HIGH
NSFAS008495,Tshepo Mkhize,North-West University,Engineering,2,59.19,59.0,3,4,60,HIGH
NSFAS008496,Nokuthula Mkhize,University of the Free State,Education,1,40.0,23.0,1,0,80,HIGH
NSFAS008497,Busisiwe Zulu,University of Johannesburg,Law,2,68.28,66.0,0,1,40,MEDIUM
NSFAS008498,Zanele Mthethwa,University of KwaZulu-Natal,Education,1,40.0,59.0,4,0,100,HIGH
NSFAS008499,Kagiso Mhlongo,University of the Free State,Education,2,60.75,72.0,0,1,0,LOW
NSFAS008500,Kagiso Ngcobo,University of Stellenbosch,Law,3,46.93,42.0,1,0,80,HIGH
NSFAS008501,Busisiwe Nkosi,University of KwaZulu-Natal,Arts,1,75.0,79.0,0,3,0,LOW
NSFAS008502,Mpho Mhlongo,University of Cape Town,Engineering,1,40.1,39.0,2,0,80,HIGH
NSFAS008503,Sibusiso Mkhize,North-West University,Law,1,30.0,49.0,1,2,80,HIGH
NSFAS008504,Tshepo Mthethwa,University of the Free State,Science,1,75.0,77.0,0,4,0,LOW
NSFAS008505,Nomsa Dlamini,University of Pretoria,Science,4,40.0,65.0,3,4,100,HIGH
NSFAS008506,Andile Mokoena,University of Johannesburg,Engineering,1,48.84,30.0,3,3,100,HIGH
NSFAS008507,Phumzile Nkosi,University of KwaZulu-Natal,Science,4,40.0,61.0,4,1,100,HIGH
NSFAS008508,Thabo Mthembu,University of Stellenbosch,Law,3,66.13,64.0,1,0,40,MEDIUM
NSFAS008509,Themba Mthethwa,University of Johannesburg,Commerce,3,40.0,48.0,2,2,80,HIGH
NSFAS008510,Phumzile Mahlangu,North-West University,Engineering,3,46.49,28.0,1,5,80,HIGH
NSFAS008511,Andile Zulu,University of Pretoria,Commerce,4,40.0,28.0,3,2,100,HIGH
NSFAS008512,Sibusiso Mthembu,University of the Free State,Law,3,75.0,95.0,1,5,0,LOW
NSFAS008513,Nokuthula Mkhize,University of KwaZulu-Natal,Science,4,75.0,87.0,0,2,0,LOW
NSFAS008514,Themba Molefe,North-West University,Arts,1,47.74,25.0,2,1,80,HIGH
NSFAS008515,Sipho Mokoena,University of the Witwatersrand,Law,2,51.44,57.0,4,4,60,HIGH
NSFAS008516,Phumzile Mkhize,University of the Free State,Commerce,3,30.0,33.0,2,2,80,HIGH
NSFAS008517,Busisiwe Dlamini,University of Cape Town,Science,4,40.0,50.0,3,5,100,HIGH
NSFAS008518,Nokuthula Dlamini,University of Stellenbosch,Law,4,43.91,54.0,2,2,80,HIGH
NSFAS008519,Zanele Zulu,University of Johannesburg,Commerce,4,49.0,37.0,1,2,80,HIGH
NSFAS008520,Andile Mhlongo,University of Johannesburg,Engineering,3,76.69,82.0,1,0,0,LOW
NSFAS008521,Nomsa Molefe,University of KwaZulu-Natal,Arts,1,40.0,33.0,3,5,100,HIGH
NSFAS008522,Lindiwe Mthethwa,North-West University,Education,1,70.29,78.0,0,1,0,LOW
NSFAS008523,Lindiwe Ngcobo,University of KwaZulu-Natal,Law,3,70.78,93.0,1,2,0,LOW
NSFAS008524,Tshepo Nkosi,North-West University,Engineering,4,75.0,75.0,1,1,0,LOW
NSFAS008525,Phumzile Mhlongo,University of KwaZulu-Natal,Science,3,64.32,55.0,3,1,60,HIGH
NSFAS008526,Sipho Molefe,University of the Witwatersrand,Law,2,30.0,42.0,4,4,100,HIGH
NSFAS008527,Themba Nkosi,University of KwaZulu-Natal,Commerce,3,75.0,95.0,0,5,0,LOW
NSFAS008528,Andile Molefe,University of Stellenbosch,Education,2,49.0,24.0,1,4,80,HIGH
NSFAS008529,Mpho Nkosi,University of Johannesburg,Engineering,4,44.36,24.0,2,3,80,HIGH
NSFAS008530,Thabo Mthethwa,University of Stellenbosch,Law,3,44.26,46.0,2,2,80,HIGH
NSFAS008531,Themba Khumalo,North-West University,Engineering,2,59.02,62.0,0,0,40,MEDIUM
NSFAS008532,Kagiso Zulu,North-West University,Education,1,60.88,57.0,4,5,60,HIGH
NSFAS008533,Lerato Mabaso,University of Cape Town,Law,2,40.0,55.0,1,2,80,HIGH
NSFAS008534,Themba Mthembu,University of the Witwatersrand,Law,1,40.0,29.0,4,0,100,HIGH
NSFAS008535,Nomsa Mabaso,University of KwaZulu-Natal,Arts,3,49.0,59.0,4,5,100,HIGH
NSFAS008536,Kagiso Molefe,University of KwaZulu-Natal,Commerce,1,75.0,95.0,0,5,0,LOW
NSFAS008537,Zanele Zulu,University of KwaZulu-Natal,Science,4,55.37,0.0,0,2,40,MEDIUM
NSFAS008538,Kagiso Mhlongo,University of Stellenbosch,Science,3,40.0,38.0,3,0,100,HIGH
NSFAS008539,Sibusiso Mhlongo,University of the Free State,Education,4,65.04,82.0,1,1,0,LOW
NSFAS008540,Mpho Dlamini,University of Johannesburg,Law,2,49.0,0.0,3,1,100,HIGH
NSFAS008541,Nokuthula Mkhize,North-West University,Law,3,37.28,27.0,3,1,100,HIGH
NSFAS008542,Nokuthula Ngcobo,University of KwaZulu-Natal,Science,3,75.0,95.0,0,3,0,LOW
NSFAS008543,Andile Ngcobo,North-West University,Science,2,40.0,41.0,2,2,80,HIGH
NSFAS008544,Themba Mokoena,University of the Witwatersrand,Science,4,30.0,64.0,2,1,80,HIGH
NSFAS008545,Lerato Mkhize,University of Stellenbosch,Education,1,72.62,95.0,1,2,0,LOW
NSFAS008546,Sipho Nkosi,University of the Free State,Education,2,48.86,61.0,1,2,80,HIGH
NSFAS008547,Andile Zulu,University of Stellenbosch,Law,2,40.0,26.0,2,1,80,HIGH
NSFAS008548,Andile Mkhize,University of the Witwatersrand,Engineering,1,44.11,32.0,3,4,100,HIGH
NSFAS008549,Thabo Mthethwa,University of the Witwatersrand,Arts,2,40.0,47.0,1,4,80,HIGH
NSFAS008550,Lerato Mkhize,University of Pretoria,Commerce,2,46.86,57.0,1,4,80,HIGH
NSFAS008551,Themba Nkosi,University of Pretoria,Science,2,54.41,74.0,0,5,0,LOW
NSFAS008552,Tshepo Mahlangu,University of Johannesburg,Commerce,2,78.35,92.0,1,3,0,LOW
NSFAS008553,Mpho Mkhize,University of Pretoria,Science,4,40.0,35.0,3,0,100,HIGH
NSFAS008554,Busisiwe Zulu,University of Johannesburg,Science,2,30.0,45.0,1,2,80,HIGH
NSFAS008555,Nokuthula Mthethwa,University of Cape Town,Commerce,4,48.4,53.0,4,5,100,HIGH
NSFAS008556,Busisiwe Khumalo,University of Stellenbosch,Arts,4,75.0,95.0,0,3,0,LOW
NSFAS008557,Sipho Mahlangu,North-West University,Engineering,4,40.0,35.0,3,2,100,HIGH
NSFAS008558,Tshepo Ngcobo,University of the Witwatersrand,Law,2,30.0,38.0,2,2,80,HIGH
NSFAS008559,Kagiso Khumalo,University of Cape Town,Science,4,40.0,56.0,1,3,80,HIGH
NSFAS008560,Kagiso Ngcobo,University of Cape Town,Science,1,75.0,95.0,1,0,0,LOW
NSFAS008561,Mpho Mthembu,University of the Witwatersrand,Arts,3,40.0,24.0,4,3,100,HIGH
NSFAS008562,Zanele Zulu,University of the Free State,Law,3,59.16,59.0,3,2,60,HIGH
NSFAS008563,Busisiwe Mkhize,University of Pretoria,Arts,3,75.0,82.0,1,5,0,LOW
NSFAS008564,Nokuthula Molefe,University of Cape Town,Engineering,4,65.35,78.0,0,2,0,LOW
NSFAS008565,Thabo Zulu,University of Pretoria,Arts,3,40.0,39.0,1,0,80,HIGH
NSFAS008566,Busisiwe Mhlongo,University of the Free State,Law,3,75.0,75.0,0,4,0,LOW
NSFAS008567,Tshepo Mahlangu,University of Pretoria,Engineering,4,49.0,48.0,1,4,80,HIGH
NSFAS008568,Thabo Zulu,University of KwaZulu-Natal,Arts,1,30.0,53.0,2,5,80,HIGH
NSFAS008569,Themba Mhlongo,University of KwaZulu-Natal,Law,4,40.0,61.0,1,0,80,HIGH
NSFAS008570,Lerato Mahlangu,University of Johannesburg,Education,4,40.0,64.0,1,0,80,HIGH
NSFAS008571,Mpho Mahlangu,University of the Free State,Law,1,40.0,33.0,3,0,100,HIGH
NSFAS008572,Nomsa Khumalo,University of Pretoria,Arts,3,37.07,55.0,2,0,80,HIGH
NSFAS008573,Nokuthula Mokoena,University of the Witwatersrand,Education,3,45.5,57.0,3,2,100,HIGH
NSFAS008574,Lindiwe Molefe,University of the Witwatersrand,Science,2,75.0,95.0,1,2,0,LOW
NSFAS008575,Andile Mahlangu,University of the Free State,Education,1,40.0,37.0,4,0,100,HIGH
NSFAS008576,Nokuthula Molefe,University of Stellenbosch,Education,4,40.0,29.0,1,5,80,HIGH
NSFAS008577,Nokuthula Ngcobo,University of the Witwatersrand,Education,2,50.59,62.0,1,1,40,MEDIUM
NSFAS008578,Lindiwe Nkosi,University of the Free State,Law,1,68.14,0.0,4,2,60,HIGH
NSFAS008579,Lindiwe Mabaso,University of Pretoria,Engineering,1,84.0,95.0,0,0,0,LOW
NSFAS008580,Andile Dlamini,University of Johannesburg,Commerce,4,40.0,55.0,2,4,80,HIGH
NSFAS008581,Lindiwe Mhlongo,University of Cape Town,Law,2,44.16,25.0,1,3,80,HIGH
NSFAS008582,Nokuthula Ngcobo,University of the Witwatersrand,Engineering,4,40.0,55.0,2,4,80,HIGH
NSFAS008583,Nomsa Khumalo,University of Stellenbosch,Arts,3,49.0,49.0,4,0,100,HIGH
NSFAS008584,Phumzile Khumalo,University of Pretoria,Commerce,4,90.55,75.0,0,1,0,LOW
NSFAS008585,Kagiso Mthembu,University of Stellenbosch,Law,2,64.96,72.0,1,2,0,LOW
NSFAS008586,Sipho Mhlongo,North-West University,Law,4,61.97,70.0,1,2,0,LOW
NSFAS008587,Lerato Mhlongo,University of the Witwatersrand,Law,1,75.0,93.0,0,0,0,LOW
NSFAS008588,Kagiso Nkosi,University of Pretoria,Engineering,1,58.72,75.0,0,3,0,LOW
NSFAS008589,Tshepo Khumalo,North-West University,Commerce,1,49.0,25.0,1,1,80,HIGH
NSFAS008590,Lindiwe Mthembu,University of Cape Town,Law,4,75.0,82.0,0,0,0,LOW
NSFAS008591,Busisiwe Nkosi,North-West University,Engineering,1,40.0,45.0,3,4,100,HIGH
NSFAS008592,Kagiso Mkhize,University of Cape Town,Science,1,40.0,48.0,3,2,100,HIGH
NSFAS008593,Tshepo Khumalo,University of KwaZulu-Natal,Commerce,2,58.02,81.0,1,3,0,LOW
NSFAS008594,Kagiso Mkhize,University of the Free State,Education,1,75.0,93.0,1,3,0,LOW
NSFAS008595,Lerato Mhlongo,University of Johannesburg,Arts,1,40.0,38.0,3,2,100,HIGH
NSFAS008596,Sipho Dlamini,University of Johannesburg,Science,1,65.98,75.0,1,2,0,LOW
NSFAS008597,Busisiwe Mabaso,University of Cape Town,Education,1,59.71,72.0,1,2,0,LOW
NSFAS008598,Lindiwe Nkosi,University of Johannesburg,Science,2,40.0,43.0,2,3,80,HIGH
NSFAS008599,Thabo Molefe,University of the Free State,Arts,2,75.0,78.0,0,1,0,LOW
NSFAS008600,Thabo Mabaso,University of Pretoria,Commerce,1,40.0,41.0,4,5,100,HIGH
NSFAS008601,Lerato Mahlangu,North-West University,Arts,2,40.0,23.0,1,3,80,HIGH
NSFAS008602,Lerato Ngcobo,University of Johannesburg,Law,2,43.79,35.0,3,0,100,HIGH
NSFAS008603,Lindiwe Mhlongo,University of the Free State,Law,1,75.0,94.0,1,4,0,LOW
NSFAS008604,Kagiso Mthethwa,University of KwaZulu-Natal,Education,3,40.0,48.0,2,5,80,HIGH
NSFAS008605,Kagiso Mabaso,University of Cape Town,Engineering,2,30.0,37.0,2,5,80,HIGH
NSFAS008606,Andile Khumalo,University of the Witwatersrand,Arts,3,40.0,28.0,4,0,100,HIGH
NSFAS008607,Busisiwe Mhlongo,University of Stellenbosch,Science,2,75.0,87.0,0,3,0,LOW
NSFAS008608,Nokuthula Khumalo,University of KwaZulu-Natal,Education,1,40.0,64.0,4,2,100,HIGH
NSFAS008609,Busisiwe Molefe,University of the Free State,Engineering,3,75.0,75.0,1,2,0,LOW
NSFAS008610,Lerato Ngcobo,University of the Free State,Engineering,2,58.18,62.0,0,1,40,MEDIUM
NSFAS008611,Sibusiso Zulu,University of Pretoria,Engineering,1,46.8,52.0,4,1,100,HIGH
NSFAS008612,Andile Mkhize,University of Cape Town,Science,3,40.0,53.0,4,5,100,HIGH
NSFAS008613,Busisiwe Mhlongo,University of Pretoria,Commerce,4,40.0,35.0,1,2,80,HIGH
NSFAS008614,Lindiwe Mahlangu,North-West University,Commerce,3,61.07,67.0,1,0,40,MEDIUM
NSFAS008615,Nokuthula Mabaso,University of Stellenbosch,Engineering,2,40.0,45.0,1,4,80,HIGH
NSFAS008616,Tshepo Mkhize,University of KwaZulu-Natal,Engineering,1,52.79,65.0,1,4,40,MEDIUM
NSFAS008617,Lerato Mhlongo,University of the Free State,Engineering,3,40.0,31.0,3,0,100,HIGH
NSFAS008618,Kagiso Ngcobo,University of the Witwatersrand,Commerce,1,43.1,25.0,2,1,80,HIGH
NSFAS008619,Nomsa Dlamini,North-West University,Science,2,70.01,89.0,1,1,0,LOW
NSFAS008620,Sibusiso Mokoena,University of Johannesburg,Engineering,2,40.0,31.0,4,2,100,HIGH
NSFAS008621,Mpho Mthembu,University of Johannesburg,Commerce,3,40.0,61.0,1,1,80,HIGH
NSFAS008622,Thabo Mabaso,University of the Free State,Commerce,2,95.0,83.0,0,0,0,LOW
NSFAS008623,Busisiwe Zulu,University of the Witwatersrand,Law,1,40.0,60.0,2,3,80,HIGH
NSFAS008624,Busisiwe Mokoena,University of Pretoria,Science,2,47.75,56.0,3,0,100,HIGH
NSFAS008625,Lindiwe Nkosi,North-West University,Law,4,40.0,20.0,1,2,80,HIGH
NSFAS008626,Sipho Mhlongo,North-West University,Engineering,4,30.0,63.0,1,3,80,HIGH
NSFAS008627,Tshepo Mahlangu,University of the Witwatersrand,Commerce,4,40.0,59.0,3,2,100,HIGH
NSFAS008628,Nomsa Mhlongo,North-West University,Law,4,40.0,40.0,4,2,100,HIGH
NSFAS008629,Andile Mokoena,University of Pretoria,Arts,4,75.0,78.0,0,3,0,LOW
NSFAS008630,Sibusiso Mthethwa,University of Pretoria,Science,1,40.0,49.0,3,0,100,HIGH
NSFAS008631,Kagiso Khumalo,North-West University,Law,2,40.0,61.0,4,0,100,HIGH
NSFAS008632,Thabo Ngcobo,University of Stellenbosch,Arts,1,75.0,83.0,0,0,0,LOW
NSFAS008633,Lindiwe Nkosi,North-West University,Education,2,75.0,91.0,0,2,0,LOW
NSFAS008634,Sipho Ngcobo,University of Pretoria,Arts,3,68.28,77.0,0,2,0,LOW
NSFAS008635,Thabo Ngcobo,University of Cape Town,Engineering,4,75.0,84.0,1,4,0,LOW
NSFAS008636,Nomsa Mthethwa,University of Johannesburg,Law,1,54.89,73.0,1,1,0,LOW
NSFAS008637,Busisiwe Nkosi,University of Johannesburg,Arts,3,46.7,56.0,3,1,100,HIGH
NSFAS008638,Nokuthula Zulu,University of Johannesburg,Commerce,2,40.0,63.0,3,5,100,HIGH
NSFAS008639,Sipho Mhlongo,University of Johannesburg,Engineering,3,61.52,60.0,0,4,40,MEDIUM
NSFAS008640,Sibusiso Mkhize,University of KwaZulu-Natal,Law,4,40.06,64.0,4,1,100,HIGH
NSFAS008641,Themba Mhlongo,University of the Witwatersrand,Education,4,44.73,34.0,2,2,80,HIGH
NSFAS008642,Andile Mkhize,University of Stellenbosch,Engineering,1,89.15,86.0,1,5,0,LOW
NSFAS008643,Themba Zulu,North-West University,Law,2,40.0,65.0,3,5,100,HIGH
NSFAS008644,Busisiwe Dlamini,University of Stellenbosch,Law,2,46.38,64.0,1,3,80,HIGH
NSFAS008645,Thabo Dlamini,University of the Witwatersrand,Engineering,3,40.0,48.0,2,0,80,HIGH
NSFAS008646,Zanele Mabaso,University of Stellenbosch,Engineering,4,40.0,29.0,1,4,80,HIGH
NSFAS008647,Sibusiso Nkosi,University of Pretoria,Engineering,2,75.0,95.0,0,1,0,LOW
NSFAS008648,Andile Khumalo,North-West University,Education,1,75.0,84.0,1,0,0,LOW
NSFAS008649,Kagiso Mthembu,University of the Free State,Science,2,58.72,83.0,0,3,0,LOW
NSFAS008650,Thabo Mthembu,University of Cape Town,Law,2,65.16,75.0,1,3,0,LOW
NSFAS008651,Phumzile Mthembu,University of the Free State,Law,1,49.13,29.0,2,2,80,HIGH
NSFAS008652,Lindiwe Mkhize,University of Pretoria,Science,1,49.0,58.0,2,5,80,HIGH
NSFAS008653,Tshepo Mhlongo,University of Pretoria,Engineering,1,30.0,64.0,4,2,100,HIGH
NSFAS008654,Kagiso Mkhize,University of Johannesburg,Commerce,4,54.09,58.0,3,0,60,HIGH
NSFAS008655,Nomsa Mahlangu,University of Pretoria,Commerce,3,53.29,63.0,0,4,40,MEDIUM
NSFAS008656,Thabo Mokoena,University of KwaZulu-Natal,Arts,1,40.0,32.0,1,1,80,HIGH
NSFAS008657,Nomsa Molefe,North-West University,Law,1,71.46,87.0,1,1,0,LOW
NSFAS008658,Zanele Mahlangu,University of the Witwatersrand,Arts,3,47.79,59.0,3,3,100,HIGH
NSFAS008659,Lerato Mabaso,University of Stellenbosch,Engineering,1,40.0,23.0,4,0,100,HIGH
NSFAS008660,Nomsa Dlamini,University of the Witwatersrand,Engineering,4,40.0,25.0,1,3,80,HIGH
NSFAS008661,Nomsa Mokoena,University of Johannesburg,Commerce,1,75.0,86.0,0,1,0,LOW
NSFAS008662,Nomsa Mkhize,North-West University,Arts,2,71.36,79.0,0,0,0,LOW
NSFAS008663,Busisiwe Ngcobo,University of Cape Town,Science,4,75.0,80.0,0,3,0,LOW
NSFAS008664,Nokuthula Mahlangu,University of Stellenbosch,Law,4,40.0,49.0,4,3,100,HIGH
NSFAS008665,Sibusiso Ngcobo,University of the Free State,Education,4,40.12,51.0,4,5,100,HIGH
NSFAS008666,Lindiwe Mokoena,North-West University,Education,2,30.0,33.0,1,4,80,HIGH
NSFAS008667,Lerato Zulu,University of Pretoria,Law,4,49.0,39.0,1,4,80,HIGH
NSFAS008668,Sibusiso Mhlongo,University of Pretoria,Engineering,3,42.98,41.0,3,1,100,HIGH
NSFAS008669,Zanele Mthembu,University of Cape Town,Science,2,75.0,82.0,1,1,0,LOW
NSFAS008670,Lindiwe Khumalo,University of Pretoria,Arts,3,67.18,66.0,0,5,40,MEDIUM
NSFAS008671,Kagiso Mthembu,University of Stellenbosch,Engineering,3,50.5,68.0,1,0,40,MEDIUM
NSFAS008672,Tshepo Ngcobo,University of the Witwatersrand,Engineering,2,73.88,84.0,1,1,0,LOW
NSFAS008673,Themba Mhlongo,University of the Witwatersrand,Commerce,1,55.73,65.0,1,0,40,MEDIUM
NSFAS008674,Themba Mahlangu,University of Cape Town,Science,1,40.0,40.0,4,2,100,HIGH
NSFAS008675,Lindiwe Zulu,North-West University,Law,2,40.0,36.0,2,2,80,HIGH
NSFAS008676,Nokuthula Nkosi,University of Johannesburg,Education,3,48.28,60.0,1,0,80,HIGH
NSFAS008677,Lindiwe Nkosi,University of the Witwatersrand,Education,3,40.0,51.0,1,0,80,HIGH
NSFAS008678,Nomsa Molefe,University of Pretoria,Education,1,62.17,60.0,1,5,40,MEDIUM
NSFAS008679,Lerato Dlamini,University of Pretoria,Arts,2,75.0,86.0,0,1,0,LOW
NSFAS008680,Phumzile Mokoena,North-West University,Arts,3,40.0,41.0,2,3,80,HIGH
NSFAS008681,Nomsa Zulu,University of the Free State,Education,1,75.0,95.0,0,4,0,LOW
NSFAS008682,Nomsa Nkosi,University of KwaZulu-Natal,Law,1,74.56,0.0,1,2,40,MEDIUM
NSFAS008683,Andile Mhlongo,University of the Free State,Arts,2,43.52,58.0,3,0,100,HIGH
NSFAS008684,Mpho Mthembu,University of KwaZulu-Natal,Law,2,72.55,75.0,0,1,0,LOW
NSFAS008685,Zanele Molefe,University of Johannesburg,Arts,1,60.65,72.0,0,4,0,LOW
NSFAS008686,Zanele Mahlangu,University of Pretoria,Education,4,40.0,29.0,2,5,80,HIGH
NSFAS008687,Zanele Nkosi,University of the Free State,Law,2,30.0,62.0,3,1,100,HIGH
NSFAS008688,Nomsa Mkhize,University of Cape Town,Science,3,40.0,21.0,4,3,100,HIGH
NSFAS008689,Lindiwe Zulu,University of Stellenbosch,Science,1,51.87,67.0,1,0,40,MEDIUM
NSFAS008690,Zanele Dlamini,University of the Witwatersrand,Commerce,3,47.5,56.0,1,0,80,HIGH
NSFAS008691,Tshepo Khumalo,University of the Witwatersrand,Commerce,4,40.0,58.0,4,2,100,HIGH
NSFAS008692,Andile Mhlongo,University of the Free State,Engineering,1,47.69,20.0,1,3,80,HIGH
NSFAS008693,Zanele Mahlangu,University of Pretoria,Arts,2,30.03,47.0,1,3,80,HIGH
NSFAS008694,Phumzile Ngcobo,University of Stellenbosch,Arts,3,30.0,49.0,3,0,100,HIGH
NSFAS008695,Nomsa Mokoena,University of the Free State,Law,1,47.7,25.0,1,2,80,HIGH
NSFAS008696,Lerato Mkhize,University of the Free State,Engineering,1,75.0,95.0,1,5,0,LOW
NSFAS008697,Busisiwe Mthethwa,University of KwaZulu-Natal,Law,1,62.39,63.0,1,4,40,MEDIUM
NSFAS008698,Busisiwe Mahlangu,North-West University,Education,2,75.0,77.0,1,0,0,LOW
NSFAS008699,Kagiso Mthembu,University of the Witwatersrand,Engineering,4,49.0,30.0,4,0,100,HIGH
NSFAS008700,Lindiwe Mthethwa,University of Stellenbosch,Arts,3,40.0,39.0,1,5,80,HIGH
NSFAS008701,Nokuthula Mahlangu,University of Pretoria,Engineering,1,49.0,43.0,2,2,80,HIGH
NSFAS008702,Lerato Mthembu,North-West University,Arts,3,75.0,88.0,1,4,0,LOW
NSFAS008703,Nokuthula Nkosi,University of Stellenbosch,Law,2,75.0,87.0,1,4,0,LOW
NSFAS008704,Nomsa Nkosi,University of Johannesburg,Law,1,54.02,82.0,1,4,0,LOW
NSFAS008705,Zanele Mkhize,University of the Witwatersrand,Arts,2,89.45,91.0,0,5,0,LOW
NSFAS008706,Sipho Khumalo,University of Johannesburg,Arts,4,75.72,95.0,0,0,0,LOW
NSFAS008707,Phumzile Mahlangu,University of Stellenbosch,Arts,3,40.0,31.0,1,2,80,HIGH
NSFAS008708,Nokuthula Khumalo,University of Johannesburg,Engineering,3,74.01,80.0,1,4,0,LOW
NSFAS008709,Busisiwe Mthembu,North-West University,Law,4,42.85,36.0,1,0,80,HIGH
NSFAS008710,Themba Nkosi,North-West University,Education,2,41.53,63.0,3,5,100,HIGH
NSFAS008711,Lindiwe Khumalo,University of Stellenbosch,Commerce,1,43.22,63.0,4,4,100,HIGH
NSFAS008712,Kagiso Molefe,University of the Witwatersrand,Engineering,3,75.0,78.0,0,1,0,LOW
NSFAS008713,Busisiwe Mokoena,University of KwaZulu-Natal,Law,3,40.0,40.0,4,4,100,HIGH
NSFAS008714,Tshepo Ngcobo,University of Pretoria,Education,4,47.41,59.0,3,5,100,HIGH
NSFAS008715,Sibusiso Zulu,University of KwaZulu-Natal,Engineering,3,75.0,93.0,0,4,0,LOW
NSFAS008716,Zanele Mokoena,North-West University,Education,3,52.2,62.0,1,5,40,MEDIUM
NSFAS008717,Thabo Ngcobo,University of Pretoria,Law,1,50.35,73.0,1,0,0,LOW
NSFAS008718,Sipho Mahlangu,University of Stellenbosch,Engineering,3,75.0,76.0,0,1,0,LOW
NSFAS008719,Sibusiso Mhlongo,University of KwaZulu-Natal,Arts,4,40.0,58.0,2,2,80,HIGH
NSFAS008720,Lerato Mabaso,University of KwaZulu-Natal,Law,1,40.0,60.0,3,4,100,HIGH
NSFAS008721,Sipho Nkosi,University of Cape Town,Arts,2,30.0,24.0,3,2,100,HIGH
NSFAS008722,Sipho Mahlangu,North-West University,Arts,4,75.0,87.0,0,4,0,LOW
NSFAS008723,Mpho Zulu,University of Cape Town,Law,1,40.0,63.0,4,3,100,HIGH
NSFAS008724,Mpho Nkosi,University of Johannesburg,Education,1,41.27,36.0,2,4,80,HIGH
NSFAS008725,Sipho Mabaso,University of KwaZulu-Natal,Science,4,71.5,87.0,0,0,0,LOW
NSFAS008726,Mpho Mkhize,University of Johannesburg,Science,3,40.0,44.0,3,2,100,HIGH
NSFAS008727,Andile Mahlangu,University of Stellenbosch,Arts,2,55.33,66.0,1,3,40,MEDIUM
NSFAS008728,Thabo Zulu,University of Johannesburg,Education,1,40.0,30.0,2,1,80,HIGH
NSFAS008729,Themba Mhlongo,University of Stellenbosch,Commerce,2,40.0,65.0,4,4,100,HIGH
NSFAS008730,Sipho Mabaso,University of Stellenbosch,Science,4,30.0,45.0,3,3,100,HIGH
NSFAS008731,Lerato Zulu,University of the Witwatersrand,Engineering,4,55.46,70.0,1,3,0,LOW
NSFAS008732,Nokuthula Dlamini,University of the Free State,Education,1,40.0,61.0,1,1,80,HIGH
NSFAS008733,Nomsa Nkosi,University of Cape Town,Engineering,2,40.91,34.0,2,2,80,HIGH
NSFAS008734,Thabo Dlamini,University of the Witwatersrand,Arts,4,40.32,44.0,1,0,80,HIGH
NSFAS008735,Themba Molefe,University of Pretoria,Commerce,4,75.0,90.0,1,2,0,LOW
NSFAS008736,Mpho Mthethwa,University of Johannesburg,Education,4,40.0,51.0,4,1,100,HIGH
NSFAS008737,Zanele Mthethwa,North-West University,Commerce,3,40.15,0.0,4,5,100,HIGH
NSFAS008738,Thabo Mokoena,University of Cape Town,Science,2,75.0,95.0,0,5,0,LOW
NSFAS008739,Nomsa Mthethwa,University of Johannesburg,Arts,3,57.37,76.0,1,3,0,LOW
NSFAS008740,Mpho Dlamini,University of the Free State,Commerce,2,65.0,67.0,0,5,40,MEDIUM
NSFAS008741,Phumzile Mokoena,University of Cape Town,Engineering,1,47.83,52.0,1,4,80,HIGH
NSFAS008742,Busisiwe Mkhize,University of the Free State,Education,2,54.39,69.0,1,5,40,MEDIUM
NSFAS008743,Sibusiso Mthembu,University of Stellenbosch,Education,2,68.69,57.0,4,5,60,HIGH
NSFAS008744,Lerato Mokoena,University of the Witwatersrand,Commerce,1,40.0,55.0,1,0,80,HIGH
NSFAS008745,Lindiwe Ngcobo,University of Cape Town,Law,4,40.0,23.0,3,1,100,HIGH
NSFAS008746,Andile Mkhize,University of Pretoria,Commerce,2,75.0,76.0,1,0,0,LOW
NSFAS008747,Sibusiso Zulu,University of Pretoria,Science,4,41.58,48.0,3,3,100,HIGH
NSFAS008748,Mpho Mkhize,University of the Witwatersrand,Law,4,72.37,95.0,0,4,0,LOW
NSFAS008749,Andile Nkosi,University of the Witwatersrand,Science,1,63.31,57.0,2,1,40,MEDIUM
NSFAS008750,Nokuthula Mthethwa,North-West University,Science,1,49.16,30.0,3,3,100,HIGH
NSFAS008751,Nomsa Mthethwa,University of the Witwatersrand,Science,1,30.0,47.0,1,3,80,HIGH
NSFAS008752,Thabo Zulu,University of the Free State,Education,3,40.0,34.0,2,3,80,HIGH
NSFAS008753,Andile Nkosi,University of Pretoria,Commerce,4,40.0,31.0,2,3,80,HIGH
NSFAS008754,Phumzile Dlamini,University of Stellenbosch,Commerce,3,30.0,39.0,1,5,80,HIGH
NSFAS008755,Andile Zulu,North-West University,Education,2,38.71,64.0,3,1,100,HIGH
NSFAS008756,Zanele Mabaso,University of the Free State,Education,2,40.0,34.0,2,2,80,HIGH
NSFAS008757,Zanele Mokoena,North-West University,Law,4,62.5,75.0,1,2,0,LOW
NSFAS008758,Lindiwe Khumalo,University of the Witwatersrand,Law,2,49.0,48.0,2,1,80,HIGH
NSFAS008759,Sibusiso Mahlangu,University of the Free State,Law,2,40.0,37.0,1,1,80,HIGH
NSFAS008760,Zanele Mabaso,University of the Free State,Arts,1,49.0,65.0,0,2,80,HIGH
NSFAS008761,Nokuthula Mhlongo,University of Johannesburg,Science,4,30.0,29.0,4,3,100,HIGH
NSFAS008762,Lindiwe Mokoena,University of the Witwatersrand,Education,3,49.0,0.0,4,3,100,HIGH
NSFAS008763,Sibusiso Mthembu,University of the Free State,Engineering,4,40.42,40.0,4,3,100,HIGH
NSFAS008764,Mpho Mabaso,University of Stellenbosch,Education,3,58.89,62.0,1,4,40,MEDIUM
NSFAS008765,Zanele Mokoena,University of Johannesburg,Law,3,40.0,26.0,2,0,80,HIGH
NSFAS008766,Andile Zulu,University of the Free State,Commerce,1,58.43,82.0,0,1,0,LOW
NSFAS008767,Mpho Mkhize,University of Johannesburg,Commerce,2,67.31,84.0,1,4,0,LOW
NSFAS008768,Themba Molefe,University of Pretoria,Arts,1,68.33,79.0,0,1,0,LOW
NSFAS008769,Lindiwe Zulu,University of Stellenbosch,Arts,2,48.39,22.0,3,1,100,HIGH
NSFAS008770,Lerato Dlamini,University of Cape Town,Science,2,48.67,26.0,3,0,100,HIGH
NSFAS008771,Lerato Mhlongo,University of Pretoria,Science,1,41.41,65.0,3,0,100,HIGH
NSFAS008772,Nokuthula Khumalo,University of the Free State,Law,2,62.3,68.0,1,2,40,MEDIUM
NSFAS008773,Nomsa Mkhize,University of KwaZulu-Natal,Education,1,40.0,51.0,4,0,100,HIGH
NSFAS008774,Mpho Dlamini,University of the Witwatersrand,Arts,4,40.0,29.0,2,4,80,HIGH
NSFAS008775,Kagiso Mthethwa,University of Stellenbosch,Arts,4,40.45,27.0,1,4,80,HIGH
NSFAS008776,Mpho Molefe,North-West University,Commerce,2,63.08,80.0,0,1,0,LOW
NSFAS008777,Kagiso Ngcobo,University of Stellenbosch,Engineering,3,51.82,60.0,1,5,40,MEDIUM
NSFAS008778,Andile Ngcobo,University of the Witwatersrand,Engineering,1,95.0,76.0,1,4,0,LOW
NSFAS008779,Mpho Nkosi,University of Pretoria,Arts,3,50.73,69.0,0,1,40,MEDIUM
NSFAS008780,Thabo Mahlangu,University of Stellenbosch,Science,3,49.9,21.0,3,2,100,HIGH
NSFAS008781,Nokuthula Khumalo,North-West University,Commerce,4,57.86,60.0,1,5,40,MEDIUM
NSFAS008782,Mpho Mhlongo,University of Cape Town,Commerce,3,40.0,0.0,3,1,100,HIGH
NSFAS008783,Mpho Mthethwa,University of Johannesburg,Education,3,40.0,36.0,4,0,100,HIGH
NSFAS008784,Andile Mahlangu,North-West University,Education,2,84.73,89.0,0,0,0,LOW
NSFAS008785,Busisiwe Ngcobo,University of the Free State,Engineering,4,75.0,87.0,0,1,0,LOW
NSFAS008786,Nomsa Mokoena,University of Johannesburg,Science,2,42.84,46.0,4,0,100,HIGH
NSFAS008787,Nomsa Molefe,University of KwaZulu-Natal,Science,3,75.0,93.0,0,3,0,LOW
NSFAS008788,Kagiso Mkhize,North-West University,Arts,2,40.0,20.0,4,4,100,HIGH
NSFAS008789,Mpho Mhlongo,University of Stellenbosch,Law,1,52.65,74.0,1,4,0,LOW
NSFAS008790,Kagiso Dlamini,North-West University,Law,3,49.0,44.0,4,5,100,HIGH
NSFAS008791,Nomsa Mhlongo,University of KwaZulu-Natal,Arts,1,40.0,50.0,2,1,80,HIGH
NSFAS008792,Kagiso Mhlongo,University of KwaZulu-Natal,Education,3,70.36,76.0,0,5,0,LOW
NSFAS008793,Mpho Mhlongo,University of the Free State,Commerce,3,75.0,83.0,0,4,0,LOW
NSFAS008794,Kagiso Mthembu,University of Pretoria,Engineering,4,40.0,32.0,4,0,100,HIGH
NSFAS008795,Phumzile Mhlongo,University of the Witwatersrand,Education,1,30.0,35.0,2,2,80,HIGH
NSFAS008796,Themba Mhlongo,University of Pretoria,Commerce,4,30.0,58.0,2,0,80,HIGH
NSFAS008797,Tshepo Ngcobo,University of Pretoria,Commerce,4,81.61,0.0,0,5,40,MEDIUM
NSFAS008798,Zanele Khumalo,University of Pretoria,Engineering,1,76.08,94.0,0,4,0,LOW
NSFAS008799,Lindiwe Mkhize,University of the Free State,Engineering,1,40.0,59.0,1,2,80,HIGH
NSFAS008800,Kagiso Ngcobo,University of the Witwatersrand,Law,1,47.31,26.0,4,1,100,HIGH
NSFAS008801,Nomsa Mhlongo,University of the Witwatersrand,Education,2,43.81,45.0,2,5,80,HIGH
NSFAS008802,Andile Mhlongo,University of KwaZulu-Natal,Arts,4,75.0,84.0,0,1,0,LOW
NSFAS008803,Themba Molefe,University of the Witwatersrand,Engineering,4,30.0,20.0,1,5,80,HIGH
NSFAS008804,Sipho Mhlongo,University of Johannesburg,Arts,4,30.0,35.0,4,5,100,HIGH
NSFAS008805,Kagiso Mthethwa,University of the Witwatersrand,Education,3,40.0,56.0,1,5,80,HIGH
NSFAS008806,Busisiwe Khumalo,North-West University,Law,3,72.66,86.0,0,1,0,LOW
NSFAS008807,Themba Mthembu,University of KwaZulu-Natal,Education,4,52.26,83.0,1,0,0,LOW
NSFAS008808,Lerato Mokoena,University of Johannesburg,Law,4,40.0,53.0,4,1,100,HIGH
NSFAS008809,Andile Molefe,University of Cape Town,Arts,1,75.0,94.0,0,1,0,LOW
NSFAS008810,Sibusiso Ngcobo,University of Stellenbosch,Law,4,75.0,83.0,0,0,0,LOW
NSFAS008811,Andile Mahlangu,University of Stellenbosch,Law,3,40.0,35.0,3,2,100,HIGH
NSFAS008812,Sibusiso Nkosi,University of the Free State,Arts,4,40.0,34.0,3,5,100,HIGH
NSFAS008813,Zanele Mkhize,North-West University,Arts,4,72.12,82.0,0,4,0,LOW
NSFAS008814,Zanele Nkosi,University of Johannesburg,Education,4,40.0,31.0,2,0,80,HIGH
NSFAS008815,Zanele Ngcobo,University of Johannesburg,Engineering,2,30.0,60.0,1,3,80,HIGH
NSFAS008816,Zanele Ngcobo,University of Cape Town,Science,3,47.94,62.0,1,0,80,HIGH
NSFAS008817,Tshepo Zulu,University of Stellenbosch,Law,3,40.0,60.0,2,2,80,HIGH
NSFAS008818,Nomsa Dlamini,University of Cape Town,Science,2,47.6,49.0,3,2,100,HIGH
NSFAS008819,Lindiwe Mabaso,North-West University,Law,4,49.37,49.0,1,3,80,HIGH
NSFAS008820,Lindiwe Khumalo,University of KwaZulu-Natal,Education,4,62.24,63.0,0,3,40,MEDIUM
NSFAS008821,Lindiwe Mhlongo,University of the Witwatersrand,Education,2,46.75,51.0,2,4,80,HIGH
NSFAS008822,Kagiso Mabaso,University of Pretoria,Education,2,73.51,95.0,1,2,0,LOW
NSFAS008823,Andile Mkhize,University of Cape Town,Education,1,30.0,25.0,1,4,80,HIGH
NSFAS008824,Sipho Mahlangu,University of KwaZulu-Natal,Education,2,54.33,0.0,0,4,40,MEDIUM
NSFAS008825,Andile Mthethwa,North-West University,Engineering,3,75.0,78.0,1,0,0,LOW
NSFAS008826,Themba Mkhize,University of Cape Town,Arts,3,49.0,51.0,1,2,80,HIGH
NSFAS008827,Zanele Mabaso,University of Stellenbosch,Commerce,2,73.47,88.0,1,4,0,LOW
NSFAS008828,Zanele Mkhize,University of the Witwatersrand,Education,1,47.12,36.0,4,3,100,HIGH
NSFAS008829,Lerato Mokoena,North-West University,Commerce,2,40.0,44.0,4,5,100,HIGH
NSFAS008830,Phumzile Ngcobo,University of Cape Town,Commerce,2,62.99,77.0,1,3,0,LOW
NSFAS008831,Thabo Mabaso,University of the Free State,Education,1,47.31,27.0,4,0,100,HIGH
NSFAS008832,Mpho Mthethwa,University of the Witwatersrand,Commerce,1,71.84,86.0,1,3,0,LOW
NSFAS008833,Phumzile Mkhize,University of the Free State,Engineering,1,61.67,55.0,4,2,60,HIGH
NSFAS008834,Thabo Nkosi,University of Johannesburg,Engineering,2,40.0,37.0,4,0,100,HIGH
NSFAS008835,Nokuthula Mthembu,University of KwaZulu-Natal,Science,1,40.0,30.0,4,3,100,HIGH
NSFAS008836,Busisiwe Mokoena,University of KwaZulu-Natal,Engineering,4,38.9,25.0,4,5,100,HIGH
NSFAS008837,Tshepo Dlamini,North-West University,Commerce,4,40.0,45.0,4,2,100,HIGH
NSFAS008838,Lindiwe Mahlangu,North-West University,Law,1,30.0,40.0,2,4,80,HIGH
NSFAS008839,Thabo Mthethwa,University of Johannesburg,Engineering,2,44.68,46.0,1,0,80,HIGH
NSFAS008840,Zanele Khumalo,University of Stellenbosch,Law,4,55.07,80.0,1,2,0,LOW
NSFAS008841,Andile Ngcobo,University of KwaZulu-Natal,Law,2,47.24,65.0,1,0,80,HIGH
NSFAS008842,Mpho Molefe,University of the Free State,Education,1,40.0,56.0,2,1,80,HIGH
NSFAS008843,Lindiwe Ngcobo,University of KwaZulu-Natal,Law,2,43.33,24.0,2,5,80,HIGH
NSFAS008844,Tshepo Mokoena,University of Johannesburg,Arts,3,58.35,70.0,1,3,0,LOW
NSFAS008845,Kagiso Mthethwa,University of Pretoria,Arts,4,40.0,62.0,2,1,80,HIGH
NSFAS008846,Phumzile Nkosi,University of KwaZulu-Natal,Commerce,3,68.15,84.0,0,1,0,LOW
NSFAS008847,Thabo Mhlongo,University of KwaZulu-Natal,Education,3,75.0,86.0,0,1,0,LOW
NSFAS008848,Mpho Molefe,University of Johannesburg,Law,4,30.0,20.0,2,2,80,HIGH
NSFAS008849,Sipho Khumalo,University of Johannesburg,Arts,2,64.28,78.0,0,2,0,LOW
NSFAS008850,Phumzile Mhlongo,University of Johannesburg,Arts,3,75.0,95.0,0,0,0,LOW
NSFAS008851,Nomsa Mkhize,University of Pretoria,Commerce,2,49.56,32.0,3,2,100,HIGH
NSFAS008852,Nokuthula Molefe,University of Pretoria,Arts,1,50.45,66.0,0,2,40,MEDIUM
NSFAS008853,Themba Mthembu,University of Johannesburg,Law,1,75.0,88.0,0,3,0,LOW
NSFAS008854,Busisiwe Mhlongo,University of the Free State,Science,4,49.43,38.0,3,1,100,HIGH
NSFAS008855,Phumzile Zulu,University of the Free State,Science,2,75.0,95.0,0,4,0,LOW
NSFAS008856,Thabo Nkosi,University of Cape Town,Law,2,75.0,95.0,1,0,0,LOW
NSFAS008857,Busisiwe Khumalo,University of KwaZulu-Natal,Education,2,30.0,41.0,4,5,100,HIGH
NSFAS008858,Nomsa Zulu,University of Stellenbosch,Engineering,1,64.73,73.0,0,0,0,LOW
NSFAS008859,Sibusiso Khumalo,University of the Witwatersrand,Engineering,2,42.33,37.0,2,3,80,HIGH
NSFAS008860,Sibusiso Mhlongo,University of the Witwatersrand,Science,1,71.1,79.0,0,5,0,LOW
NSFAS008861,Nomsa Dlamini,University of Johannesburg,Law,2,75.0,85.0,1,1,0,LOW
NSFAS008862,Themba Nkosi,University of Pretoria,Engineering,2,75.0,95.0,0,3,0,LOW
NSFAS008863,Sipho Molefe,University of Cape Town,Science,3,75.0,84.0,1,4,0,LOW
NSFAS008864,Kagiso Mhlongo,University of Stellenbosch,Education,3,30.0,35.0,2,3,80,HIGH
NSFAS008865,Phumzile Molefe,University of Cape Town,Education,4,40.0,50.0,4,1,100,HIGH
NSFAS008866,Nomsa Dlamini,University of Johannesburg,Science,4,66.6,63.0,0,0,40,MEDIUM
NSFAS008867,Sipho Mthembu,University of the Free State,Engineering,1,48.32,22.0,1,3,80,HIGH
NSFAS008868,Mpho Mthethwa,University of the Witwatersrand,Arts,4,30.0,62.0,2,4,80,HIGH
NSFAS008869,Mpho Khumalo,University of Cape Town,Commerce,3,75.0,80.0,1,5,0,LOW
NSFAS008870,Lerato Mkhize,University of Stellenbosch,Commerce,3,58.99,56.0,1,2,40,MEDIUM
NSFAS008871,Tshepo Nkosi,University of Johannesburg,Arts,3,40.0,28.0,2,0,80,HIGH
NSFAS008872,Lerato Dlamini,University of the Witwatersrand,Science,3,75.0,80.0,0,2,0,LOW
NSFAS008873,Tshepo Molefe,University of the Witwatersrand,Law,2,69.18,76.0,0,4,0,LOW
NSFAS008874,Phumzile Dlamini,University of Stellenbosch,Law,1,40.0,64.0,2,3,80,HIGH
NSFAS008875,Zanele Zulu,University of the Free State,Law,2,74.08,79.0,0,4,0,LOW
NSFAS008876,Tshepo Nkosi,University of Cape Town,Education,3,44.07,46.0,2,5,80,HIGH
NSFAS008877,Kagiso Mahlangu,University of KwaZulu-Natal,Arts,2,75.0,93.0,0,2,0,LOW
NSFAS008878,Nomsa Zulu,University of Johannesburg,Law,2,75.0,0.0,0,1,40,MEDIUM
NSFAS008879,Themba Mokoena,North-West University,Engineering,4,41.96,30.0,2,2,80,HIGH
NSFAS008880,Tshepo Dlamini,University of the Free State,Science,1,40.0,29.0,2,2,80,HIGH
NSFAS008881,Nomsa Ngcobo,University of Stellenbosch,Education,1,59.73,85.0,1,2,0,LOW
NSFAS008882,Thabo Dlamini,University of the Free State,Education,4,73.38,86.0,0,1,0,LOW
NSFAS008883,Mpho Mokoena,University of Pretoria,Law,2,40.0,25.0,1,5,80,HIGH
NSFAS008884,Busisiwe Mthembu,University of Cape Town,Science,4,68.31,56.0,1,2,40,MEDIUM
NSFAS008885,Mpho Mhlongo,North-West University,Engineering,3,40.43,36.0,1,3,80,HIGH
NSFAS008886,Thabo Mahlangu,University of the Free State,Education,2,30.0,56.0,3,2,100,HIGH
NSFAS008887,Phumzile Molefe,University of the Free State,Education,1,40.0,42.0,1,4,80,HIGH
NSFAS008888,Sibusiso Ngcobo,University of Stellenbosch,Education,1,30.0,52.0,4,5,100,HIGH
NSFAS008889,Kagiso Mokoena,University of Stellenbosch,Commerce,3,64.84,62.0,1,4,40,MEDIUM
NSFAS008890,Lerato Molefe,University of the Witwatersrand,Education,1,40.0,50.0,4,1,100,HIGH
NSFAS008891,Kagiso Ngcobo,University of Pretoria,Law,4,40.0,32.0,2,0,80,HIGH
NSFAS008892,Mpho Zulu,University of the Witwatersrand,Commerce,1,51.68,73.0,1,5,0,LOW
NSFAS008893,Sipho Molefe,North-West University,Law,3,75.0,93.0,1,5,0,LOW
NSFAS008894,Andile Ngcobo,University of KwaZulu-Natal,Education,3,69.63,84.0,1,0,0,LOW
NSFAS008895,Sipho Mahlangu,North-West University,Arts,2,72.94,95.0,0,4,0,LOW
NSFAS008896,Thabo Mokoena,University of Stellenbosch,Education,3,40.0,42.0,3,2,100,HIGH
NSFAS008897,Mpho Dlamini,University of Pretoria,Education,4,57.25,79.0,0,0,0,LOW
NSFAS008898,Thabo Khumalo,University of the Free State,Arts,2,75.0,95.0,1,2,0,LOW
NSFAS008899,Zanele Mhlongo,University of Cape Town,Education,3,52.31,76.0,1,2,0,LOW
NSFAS008900,Andile Ngcobo,University of Johannesburg,Arts,4,45.45,35.0,2,0,80,HIGH
NSFAS008901,Lerato Molefe,University of Pretoria,Commerce,4,75.0,87.0,1,2,0,LOW
NSFAS008902,Sipho Mahlangu,University of Johannesburg,Commerce,1,61.2,69.0,1,2,40,MEDIUM
NSFAS008903,Zanele Molefe,University of Johannesburg,Arts,4,47.78,30.0,1,2,80,HIGH
NSFAS008904,Thabo Mthethwa,University of Cape Town,Engineering,2,68.33,61.0,0,0,40,MEDIUM
NSFAS008905,Zanele Mthembu,University of Johannesburg,Engineering,3,42.85,40.0,3,5,100,HIGH
NSFAS008906,Zanele Mokoena,University of the Free State,Law,1,75.0,92.0,1,5,0,LOW
NSFAS008907,Zanele Khumalo,University of KwaZulu-Natal,Engineering,4,75.0,82.0,0,2,0,LOW
NSFAS008908,Lindiwe Mkhize,University of Johannesburg,Arts,2,44.13,33.0,1,4,80,HIGH
NSFAS008909,Thabo Mhlongo,University of the Witwatersrand,Law,4,51.61,73.0,1,3,0,LOW
NSFAS008910,Mpho Mthethwa,University of Pretoria,Law,2,40.0,56.0,2,4,80,HIGH
NSFAS008911,Nokuthula Khumalo,University of Cape Town,Engineering,4,49.0,49.0,4,2,100,HIGH
NSFAS008912,Phumzile Mthembu,University of KwaZulu-Natal,Arts,1,75.0,95.0,1,5,0,LOW
NSFAS008913,Andile Mokoena,University of Johannesburg,Education,2,62.69,60.0,0,3,40,MEDIUM
NSFAS008914,Busisiwe Mokoena,North-West University,Education,1,40.0,0.0,1,0,80,HIGH
NSFAS008915,Thabo Ngcobo,University of Cape Town,Commerce,4,40.0,50.0,2,5,80,HIGH
NSFAS008916,Lerato Molefe,University of Johannesburg,Law,2,40.0,55.0,1,3,80,HIGH
NSFAS008917,Zanele Mokoena,University of Stellenbosch,Commerce,3,75.0,94.0,1,4,0,LOW
NSFAS008918,Lerato Ngcobo,University of Cape Town,Science,2,68.83,73.0,0,3,0,LOW
NSFAS008919,Lindiwe Molefe,University of Stellenbosch,Education,2,40.0,55.0,1,2,80,HIGH
NSFAS008920,Busisiwe Mthethwa,University of the Witwatersrand,Engineering,3,75.0,86.0,1,2,0,LOW
NSFAS008921,Lerato Mhlongo,North-West University,Commerce,1,40.0,25.0,4,0,100,HIGH
NSFAS008922,Sipho Mthembu,University of the Free State,Arts,1,30.0,59.0,4,2,100,HIGH
NSFAS008923,Busisiwe Nkosi,University of Cape Town,Law,3,75.0,77.0,1,3,0,LOW
NSFAS008924,Sibusiso Mthethwa,University of Johannesburg,Science,3,40.0,35.0,1,1,80,HIGH
NSFAS008925,Mpho Mthethwa,University of Johannesburg,Science,4,75.0,95.0,1,3,0,LOW
NSFAS008926,Andile Mokoena,University of Cape Town,Engineering,3,75.0,85.0,1,5,0,LOW
NSFAS008927,Lindiwe Mabaso,North-West University,Science,2,75.0,88.0,0,2,0,LOW
NSFAS008928,Zanele Molefe,University of the Free State,Law,3,55.01,70.0,0,1,0,LOW
NSFAS008929,Lindiwe Mkhize,University of the Free State,Science,3,40.0,26.0,1,2,80,HIGH
NSFAS008930,Lerato Zulu,University of Cape Town,Law,1,42.93,42.0,4,3,100,HIGH
NSFAS008931,Nomsa Mkhize,University of Pretoria,Commerce,1,40.0,60.0,2,0,80,HIGH
NSFAS008932,Kagiso Mokoena,University of Johannesburg,Engineering,2,75.0,85.0,0,3,0,LOW
NSFAS008933,Kagiso Mthethwa,North-West University,Commerce,1,75.0,90.0,0,1,0,LOW
NSFAS008934,Tshepo Mthembu,North-West University,Commerce,2,40.0,28.0,3,3,100,HIGH
NSFAS008935,Kagiso Mthembu,University of Cape Town,Education,3,84.6,89.0,1,3,0,LOW
NSFAS008936,Lerato Khumalo,University of the Free State,Commerce,4,40.0,41.0,3,5,100,HIGH
NSFAS008937,Themba Khumalo,University of Johannesburg,Commerce,1,30.0,45.0,4,2,100,HIGH
NSFAS008938,Tshepo Mokoena,University of Johannesburg,Arts,1,40.0,50.0,1,2,80,HIGH
NSFAS008939,Lindiwe Mhlongo,University of Cape Town,Commerce,1,43.43,64.0,2,1,80,HIGH
NSFAS008940,Lindiwe Dlamini,University of KwaZulu-Natal,Law,4,40.0,51.0,1,4,80,HIGH
NSFAS008941,Lerato Mthembu,North-West University,Science,3,49.0,39.0,3,5,100,HIGH
NSFAS008942,Zanele Mthembu,University of Stellenbosch,Education,1,49.0,54.0,1,0,80,HIGH
NSFAS008943,Zanele Ngcobo,University of Johannesburg,Engineering,3,95.0,83.0,1,4,0,LOW
NSFAS008944,Sipho Mthethwa,University of Stellenbosch,Engineering,4,41.98,42.0,1,2,80,HIGH
NSFAS008945,Thabo Mabaso,University of the Free State,Engineering,4,40.0,45.0,2,4,80,HIGH
NSFAS008946,Lindiwe Mhlongo,University of the Free State,Arts,2,30.0,63.0,3,1,100,HIGH
NSFAS008947,Tshepo Zulu,University of Johannesburg,Engineering,1,88.94,82.0,1,2,0,LOW
NSFAS008948,Sibusiso Mkhize,University of KwaZulu-Natal,Law,3,55.11,62.0,1,4,40,MEDIUM
NSFAS008949,Nokuthula Mkhize,University of Johannesburg,Education,1,40.0,45.0,2,3,80,HIGH
NSFAS008950,Nokuthula Mhlongo,University of the Free State,Arts,1,54.62,82.0,0,5,0,LOW
NSFAS008951,Zanele Molefe,University of Pretoria,Engineering,3,73.85,95.0,1,3,0,LOW
NSFAS008952,Lindiwe Molefe,University of the Witwatersrand,Commerce,3,49.0,33.0,3,4,100,HIGH
NSFAS008953,Mpho Dlamini,University of the Free State,Engineering,1,75.0,95.0,1,4,0,LOW
NSFAS008954,Tshepo Mkhize,University of the Witwatersrand,Education,4,49.0,56.0,2,3,80,HIGH
NSFAS008955,Busisiwe Mkhize,University of Johannesburg,Commerce,2,50.68,63.0,0,5,40,MEDIUM
NSFAS008956,Lindiwe Dlamini,University of KwaZulu-Natal,Arts,3,75.0,80.0,0,3,0,LOW
NSFAS008957,Lerato Mabaso,University of Cape Town,Engineering,2,40.64,24.0,2,0,80,HIGH
NSFAS008958,Mpho Mhlongo,University of Cape Town,Commerce,1,40.0,43.0,4,0,100,HIGH
NSFAS008959,Mpho Mokoena,North-West University,Law,4,41.57,20.0,3,0,100,HIGH
NSFAS008960,Busisiwe Mahlangu,University of Cape Town,Science,2,75.0,81.0,1,2,0,LOW
NSFAS008961,Thabo Mthembu,University of Pretoria,Education,4,47.52,38.0,1,3,80,HIGH
NSFAS008962,Sibusiso Zulu,University of Stellenbosch,Law,2,40.0,27.0,2,4,80,HIGH
NSFAS008963,Zanele Mkhize,University of Stellenbosch,Science,3,40.0,41.0,1,4,80,HIGH
NSFAS008964,Zanele Mhlongo,University of Pretoria,Science,1,40.0,29.0,4,1,100,HIGH
NSFAS008965,Zanele Molefe,University of KwaZulu-Natal,Science,3,40.18,28.0,4,1,100,HIGH
NSFAS008966,Sipho Mhlongo,University of the Witwatersrand,Education,2,69.2,81.0,0,1,0,LOW
NSFAS008967,Lindiwe Mthethwa,University of Pretoria,Law,4,47.69,40.0,1,4,80,HIGH
NSFAS008968,Andile Mabaso,University of the Witwatersrand,Engineering,4,41.75,31.0,4,1,100,HIGH
NSFAS008969,Nomsa Khumalo,University of Stellenbosch,Arts,4,31.28,20.0,2,0,80,HIGH
NSFAS008970,Phumzile Ngcobo,North-West University,Engineering,4,56.29,81.0,1,4,0,LOW
NSFAS008971,Phumzile Mthembu,University of Pretoria,Science,2,75.0,87.0,1,5,0,LOW
NSFAS008972,Themba Mthethwa,University of Johannesburg,Education,4,40.0,35.0,1,3,80,HIGH
NSFAS008973,Sipho Dlamini,University of KwaZulu-Natal,Science,4,40.0,25.0,1,2,80,HIGH
NSFAS008974,Nomsa Molefe,University of the Witwatersrand,Engineering,2,71.6,94.0,1,0,0,LOW
NSFAS008975,Sipho Mkhize,University of Pretoria,Commerce,2,66.89,60.0,0,3,40,MEDIUM
NSFAS008976,Mpho Dlamini,University of Johannesburg,Education,3,40.0,42.0,4,0,100,HIGH
NSFAS008977,Mpho Mahlangu,University of Stellenbosch,Engineering,1,75.0,82.0,1,2,0,LOW
NSFAS008978,Busisiwe Ngcobo,University of Cape Town,Education,2,58.16,78.0,1,2,0,LOW
NSFAS008979,Zanele Mokoena,University of the Free State,Education,4,40.0,30.0,4,2,100,HIGH
NSFAS008980,Lindiwe Mabaso,University of Cape Town,Commerce,2,48.12,22.0,3,3,100,HIGH
NSFAS008981,Thabo Mthethwa,University of Stellenbosch,Engineering,3,75.0,82.0,1,1,0,LOW
NSFAS008982,Nomsa Nkosi,University of the Free State,Commerce,3,68.87,75.0,1,5,0,LOW
NSFAS008983,Nomsa Zulu,University of KwaZulu-Natal,Science,4,30.67,64.0,3,3,100,HIGH
NSFAS008984,Sibusiso Mhlongo,University of the Witwatersrand,Commerce,2,50.02,58.0,1,1,40,MEDIUM
NSFAS008985,Tshepo Mhlongo,University of Pretoria,Science,3,75.0,75.0,1,5,0,LOW
NSFAS008986,Sipho Mabaso,North-West University,Commerce,4,48.19,0.0,3,4,100,HIGH
NSFAS008987,Sipho Nkosi,North-West University,Education,2,42.24,57.0,2,2,80,HIGH
NSFAS008988,Mpho Molefe,University of Stellenbosch,Science,1,75.0,89.0,0,5,0,LOW
NSFAS008989,Lindiwe Mahlangu,University of the Free State,Law,2,30.0,23.0,4,0,100,HIGH
NSFAS008990,Tshepo Mkhize,University of Cape Town,Engineering,1,40.0,64.0,4,3,100,HIGH
NSFAS008991,Nomsa Dlamini,University of Pretoria,Arts,1,40.0,41.0,3,2,100,HIGH
NSFAS008992,Zanele Khumalo,University of Johannesburg,Arts,3,75.0,80.0,1,5,0,LOW
NSFAS008993,Andile Mabaso,University of the Free State,Education,4,47.95,0.0,4,2,100,HIGH
NSFAS008994,Sibusiso Molefe,North-West University,Engineering,1,75.0,78.0,1,5,0,LOW
NSFAS008995,Tshepo Khumalo,University of Johannesburg,Science,4,75.0,82.0,1,3,0,LOW
NSFAS008996,Sipho Ngcobo,University of Pretoria,Commerce,2,79.09,84.0,0,0,0,LOW
NSFAS008997,Andile Mthembu,University of Cape Town,Commerce,2,95.0,87.0,0,2,0,LOW
NSFAS008998,Lerato Dlamini,University of Stellenbosch,Science,3,68.19,84.0,0,0,0,LOW
NSFAS008999,Thabo Mkhize,University of Johannesburg,Engineering,3,40.0,22.0,2,0,80,HIGH
NSFAS009000,Tshepo Mahlangu,University of the Witwatersrand,Education,2,40.0,20.0,1,1,80,HIGH
NSFAS009001,Themba Khumalo,University of KwaZulu-Natal,Science,1,66.73,66.0,1,2,40,MEDIUM
NSFAS009002,Thabo Khumalo,North-West University,Engineering,3,40.0,21.0,3,4,100,HIGH
NSFAS009003,Phumzile Ngcobo,University of the Witwatersrand,Engineering,3,40.0,25.0,1,1,80,HIGH
NSFAS009004,Phumzile Mokoena,University of the Witwatersrand,Science,4,30.0,30.0,3,2,100,HIGH
NSFAS009005,Lindiwe Mthembu,University of Cape Town,Education,3,30.0,58.0,1,0,80,HIGH
NSFAS009006,Andile Nkosi,University of Stellenbosch,Engineering,4,55.3,74.0,0,3,0,LOW
NSFAS009007,Lerato Mabaso,University of the Witwatersrand,Science,4,61.57,62.0,1,4,40,MEDIUM
NSFAS009008,Thabo Nkosi,University of the Free State,Engineering,1,75.0,84.0,1,3,0,LOW
NSFAS009009,Lindiwe Dlamini,University of Johannesburg,Education,1,40.0,24.0,4,5,100,HIGH
NSFAS009010,Sipho Mthembu,North-West University,Law,2,75.0,93.0,1,3,0,LOW
NSFAS009011,Tshepo Dlamini,University of the Witwatersrand,Education,3,40.0,44.0,1,5,80,HIGH
NSFAS009012,Nokuthula Ngcobo,University of the Witwatersrand,Science,3,75.0,88.0,1,0,0,LOW
NSFAS009013,Phumzile Molefe,University of Cape Town,Science,3,40.0,59.0,3,2,100,HIGH
NSFAS009014,Zanele Mokoena,University of the Free State,Law,4,59.9,58.0,4,4,60,HIGH
NSFAS009015,Tshepo Dlamini,University of Stellenbosch,Law,2,40.0,60.0,4,5,100,HIGH
NSFAS009016,Busisiwe Mthethwa,University of Pretoria,Law,3,40.0,23.0,4,2,100,HIGH
NSFAS009017,Nomsa Nkosi,University of the Witwatersrand,Law,4,30.0,30.0,4,4,100,HIGH
NSFAS009018,Andile Molefe,University of Cape Town,Science,3,72.29,78.0,1,0,0,LOW
NSFAS009019,Mpho Mabaso,University of Pretoria,Education,4,43.5,38.0,1,2,80,HIGH
NSFAS009020,Lerato Mhlongo,University of Stellenbosch,Law,1,45.76,27.0,1,1,80,HIGH
NSFAS009021,Thabo Nkosi,University of Cape Town,Science,2,49.11,20.0,2,4,80,HIGH
NSFAS009022,Sipho Molefe,University of the Free State,Arts,3,68.45,75.0,0,0,0,LOW
NSFAS009023,Lindiwe Mthembu,University of Johannesburg,Arts,1,75.0,87.0,1,1,0,LOW
NSFAS009024,Nokuthula Mokoena,University of Johannesburg,Education,2,40.28,28.0,2,4,80,HIGH
NSFAS009025,Thabo Ngcobo,University of the Free State,Science,3,30.0,31.0,2,0,80,HIGH
NSFAS009026,Nokuthula Mkhize,University of Pretoria,Arts,3,30.0,59.0,1,4,80,HIGH
NSFAS009027,Phumzile Mokoena,University of Pretoria,Arts,4,49.0,52.0,2,4,80,HIGH
NSFAS009028,Mpho Mhlongo,University of the Witwatersrand,Arts,1,54.16,82.0,0,3,0,LOW
NSFAS009029,Sibusiso Khumalo,University of the Free State,Science,1,40.0,46.0,1,0,80,HIGH
NSFAS009030,Lerato Zulu,University of Johannesburg,Education,3,40.0,56.0,3,1,100,HIGH
NSFAS009031,Lindiwe Molefe,North-West University,Law,2,67.79,59.0,2,5,40,MEDIUM
NSFAS009032,Nokuthula Khumalo,North-West University,Arts,1,75.0,84.0,1,1,0,LOW
NSFAS009033,Andile Mthembu,University of Cape Town,Commerce,4,75.0,95.0,1,5,0,LOW
NSFAS009034,Busisiwe Nkosi,University of the Witwatersrand,Science,4,40.0,57.0,4,2,100,HIGH
NSFAS009035,Themba Ngcobo,University of Cape Town,Science,1,40.0,25.0,1,0,80,HIGH
NSFAS009036,Nomsa Mabaso,University of Johannesburg,Law,1,71.73,95.0,1,4,0,LOW
NSFAS009037,Mpho Ngcobo,University of Stellenbosch,Education,1,40.0,61.0,2,4,80,HIGH
NSFAS009038,Phumzile Khumalo,University of KwaZulu-Natal,Commerce,4,40.0,36.0,2,4,80,HIGH
NSFAS009039,Tshepo Dlamini,University of Cape Town,Law,1,75.0,84.0,0,4,0,LOW
NSFAS009040,Lindiwe Nkosi,University of Cape Town,Engineering,2,75.0,85.0,0,0,0,LOW
NSFAS009041,Nomsa Nkosi,University of Pretoria,Law,1,66.91,82.0,1,5,0,LOW
NSFAS009042,Themba Molefe,North-West University,Commerce,4,30.0,45.0,3,0,100,HIGH
NSFAS009043,Nokuthula Nkosi,University of the Free State,Education,1,75.0,95.0,0,1,0,LOW
NSFAS009044,Andile Dlamini,University of KwaZulu-Natal,Law,3,30.0,29.0,1,2,80,HIGH
NSFAS009045,Themba Molefe,University of Cape Town,Law,1,75.0,76.0,1,2,0,LOW
NSFAS009046,Andile Mthethwa,University of Pretoria,Law,1,70.72,95.0,1,3,0,LOW
NSFAS009047,Kagiso Zulu,University of Johannesburg,Law,1,59.12,71.0,1,3,0,LOW
NSFAS009048,Thabo Mabaso,University of Stellenbosch,Law,2,75.0,88.0,0,4,0,LOW
NSFAS009049,Lerato Ngcobo,University of the Free State,Science,3,75.0,81.0,1,5,0,LOW
NSFAS009050,Andile Ngcobo,University of the Free State,Science,4,40.0,46.0,3,4,100,HIGH
NSFAS009051,Andile Mthembu,University of KwaZulu-Natal,Engineering,4,30.0,43.0,3,0,100,HIGH
NSFAS009052,Themba Khumalo,University of Stellenbosch,Education,3,94.07,89.0,0,3,0,LOW
NSFAS009053,Nokuthula Mabaso,University of Pretoria,Science,4,75.0,89.0,1,2,0,LOW
NSFAS009054,Andile Mhlongo,University of Pretoria,Education,2,61.14,82.0,0,5,0,LOW
NSFAS009055,Lerato Mkhize,University of KwaZulu-Natal,Engineering,3,40.0,52.0,4,1,100,HIGH
NSFAS009056,Kagiso Khumalo,University of the Free State,Law,4,45.07,59.0,2,3,80,HIGH
NSFAS009057,Phumzile Molefe,University of the Free State,Science,1,56.64,72.0,0,1,0,LOW
NSFAS009058,Zanele Khumalo,University of Stellenbosch,Arts,2,50.37,70.0,1,2,0,LOW
NSFAS009059,Kagiso Mthembu,University of the Free State,Engineering,2,40.0,50.0,3,1,100,HIGH
NSFAS009060,Andile Mthethwa,University of Johannesburg,Education,1,75.0,84.0,1,1,0,LOW
NSFAS009061,Phumzile Mabaso,University of Johannesburg,Law,3,75.0,91.0,1,3,0,LOW
NSFAS009062,Andile Nkosi,University of Cape Town,Law,3,40.0,27.0,4,4,100,HIGH
NSFAS009063,Mpho Dlamini,North-West University,Engineering,1,80.48,95.0,1,4,0,LOW
NSFAS009064,Phumzile Mkhize,University of Pretoria,Commerce,3,75.0,93.0,0,3,0,LOW
NSFAS009065,Sipho Mthethwa,University of KwaZulu-Natal,Education,2,51.39,0.0,0,5,40,MEDIUM
NSFAS009066,Nokuthula Ngcobo,University of Cape Town,Law,4,30.0,48.0,2,3,80,HIGH
NSFAS009067,Kagiso Molefe,University of Cape Town,Law,2,40.0,59.0,1,4,80,HIGH
NSFAS009068,Nomsa Mahlangu,University of the Witwatersrand,Science,1,75.0,94.0,0,0,0,LOW
NSFAS009069,Themba Dlamini,North-West University,Science,2,40.0,49.0,2,4,80,HIGH
NSFAS009070,Phumzile Mthethwa,University of Pretoria,Education,1,75.0,92.0,0,3,0,LOW
NSFAS009071,Lindiwe Zulu,University of Pretoria,Commerce,1,40.0,38.0,4,5,100,HIGH
NSFAS009072,Themba Zulu,University of KwaZulu-Natal,Law,3,75.0,89.0,0,4,0,LOW
NSFAS009073,Mpho Ngcobo,University of Cape Town,Commerce,2,30.0,29.0,1,1,80,HIGH
NSFAS009074,Lindiwe Mhlongo,University of the Free State,Science,3,75.0,83.0,0,4,0,LOW
NSFAS009075,Sipho Nkosi,University of Johannesburg,Science,2,67.57,60.0,1,3,40,MEDIUM
NSFAS009076,Sibusiso Nkosi,University of Cape Town,Science,2,85.47,76.0,0,2,0,LOW
NSFAS009077,Nokuthula Molefe,University of Stellenbosch,Law,2,40.0,49.0,1,2,80,HIGH
NSFAS009078,Mpho Khumalo,University of the Free State,Education,4,68.05,76.0,1,5,0,LOW
NSFAS009079,Phumzile Mkhize,University of Johannesburg,Science,4,48.0,28.0,1,1,80,HIGH
NSFAS009080,Andile Mhlongo,University of Stellenbosch,Science,1,30.0,63.0,4,5,100,HIGH
NSFAS009081,Phumzile Mokoena,University of Pretoria,Commerce,4,43.38,54.0,1,0,80,HIGH
NSFAS009082,Kagiso Dlamini,University of Johannesburg,Law,2,75.0,76.0,1,3,0,LOW
NSFAS009083,Mpho Mabaso,University of Stellenbosch,Education,3,56.62,76.0,1,5,0,LOW
NSFAS009084,Nokuthula Nkosi,North-West University,Engineering,4,66.57,79.0,0,5,0,LOW
NSFAS009085,Mpho Molefe,University of Stellenbosch,Science,2,75.0,79.0,0,5,0,LOW
NSFAS009086,Sipho Mabaso,University of Johannesburg,Education,2,75.0,95.0,1,3,0,LOW
NSFAS009087,Kagiso Mthethwa,University of Johannesburg,Education,4,40.0,50.0,2,2,80,HIGH
NSFAS009088,Lindiwe Mthethwa,University of the Free State,Commerce,3,75.0,85.0,1,1,0,LOW
NSFAS009089,Zanele Molefe,North-West University,Commerce,4,40.0,21.0,3,3,100,HIGH
NSFAS009090,Nomsa Mthethwa,University of Pretoria,Law,3,75.0,95.0,1,4,0,LOW
NSFAS009091,Kagiso Dlamini,University of the Free State,Commerce,3,51.62,55.0,3,5,60,HIGH
NSFAS009092,Phumzile Zulu,University of Johannesburg,Law,1,60.52,71.0,0,2,0,LOW
NSFAS009093,Busisiwe Mthethwa,University of the Free State,Education,4,49.83,57.0,1,5,80,HIGH
NSFAS009094,Andile Mhlongo,University of the Witwatersrand,Arts,3,36.2,20.0,1,4,80,HIGH
NSFAS009095,Phumzile Mkhize,University of the Free State,Arts,1,75.0,89.0,1,2,0,LOW
NSFAS009096,Sipho Molefe,University of KwaZulu-Natal,Law,3,46.84,43.0,1,1,80,HIGH
NSFAS009097,Busisiwe Khumalo,University of Stellenbosch,Arts,3,75.0,79.0,0,0,0,LOW
NSFAS009098,Lerato Mahlangu,University of Pretoria,Engineering,1,59.24,64.0,0,1,40,MEDIUM
NSFAS009099,Nomsa Zulu,University of Johannesburg,Education,4,75.0,85.0,0,2,0,LOW
NSFAS009100,Kagiso Ngcobo,University of Stellenbosch,Engineering,1,57.63,80.0,1,5,0,LOW
NSFAS009101,Andile Mokoena,University of the Witwatersrand,Education,1,43.14,29.0,2,0,80,HIGH
NSFAS009102,Mpho Ngcobo,University of Cape Town,Engineering,4,40.0,61.0,1,2,80,HIGH
NSFAS009103,Tshepo Mokoena,University of Johannesburg,Education,3,42.97,64.0,3,1,100,HIGH
NSFAS009104,Lerato Mahlangu,University of Stellenbosch,Science,1,40.0,51.0,2,0,80,HIGH
NSFAS009105,Sibusiso Ngcobo,University of Stellenbosch,Commerce,3,44.01,28.0,4,1,100,HIGH
NSFAS009106,Lerato Mhlongo,University of Stellenbosch,Engineering,4,40.0,30.0,2,4,80,HIGH
NSFAS009107,Themba Nkosi,University of the Free State,Arts,2,62.92,56.0,1,0,40,MEDIUM
NSFAS009108,Kagiso Dlamini,University of KwaZulu-Natal,Arts,3,40.0,45.0,2,3,80,HIGH
NSFAS009109,Andile Mkhize,University of KwaZulu-Natal,Law,4,71.05,90.0,1,1,0,LOW
NSFAS009110,Phumzile Mahlangu,University of Stellenbosch,Engineering,2,40.0,63.0,1,1,80,HIGH
NSFAS009111,Nokuthula Dlamini,North-West University,Science,3,65.85,59.0,2,2,40,MEDIUM
NSFAS009112,Zanele Nkosi,University of KwaZulu-Natal,Commerce,4,40.0,61.0,2,1,80,HIGH
NSFAS009113,Zanele Mkhize,North-West University,Science,3,40.0,61.0,4,2,100,HIGH
NSFAS009114,Themba Mabaso,North-West University,Arts,3,75.0,84.0,0,3,0,LOW
NSFAS009115,Lindiwe Nkosi,University of the Witwatersrand,Education,4,49.0,30.0,3,2,100,HIGH
NSFAS009116,Andile Mahlangu,University of Stellenbosch,Arts,2,40.0,21.0,3,0,100,HIGH
NSFAS009117,Sipho Mokoena,North-West University,Engineering,3,55.86,66.0,0,0,40,MEDIUM
NSFAS009118,Thabo Mhlongo,University of the Witwatersrand,Science,3,75.0,95.0,1,0,0,LOW
NSFAS009119,Nomsa Mokoena,University of Pretoria,Arts,2,30.0,0.0,1,5,80,HIGH
NSFAS009120,Sipho Ngcobo,University of the Free State,Science,3,61.88,61.0,0,4,40,MEDIUM
NSFAS009121,Nomsa Dlamini,University of Johannesburg,Science,2,54.04,85.0,0,3,0,LOW
NSFAS009122,Kagiso Nkosi,University of the Witwatersrand,Commerce,2,75.0,77.0,0,4,0,LOW
NSFAS009123,Busisiwe Mthethwa,University of the Free State,Commerce,1,45.1,36.0,2,5,80,HIGH
NSFAS009124,Themba Mahlangu,University of Stellenbosch,Education,2,40.0,29.0,4,4,100,HIGH
NSFAS009125,Zanele Mokoena,University of the Witwatersrand,Education,3,57.73,72.0,1,0,0,LOW
NSFAS009126,Lindiwe Mhlongo,University of KwaZulu-Natal,Engineering,2,62.56,85.0,0,5,0,LOW
NSFAS009127,Kagiso Mokoena,University of Johannesburg,Science,1,33.14,58.0,2,0,80,HIGH
NSFAS009128,Lerato Zulu,University of Cape Town,Commerce,2,40.0,39.0,1,5,80,HIGH
NSFAS009129,Lerato Zulu,North-West University,Commerce,2,40.0,22.0,3,2,100,HIGH
NSFAS009130,Mpho Mokoena,North-West University,Science,2,52.89,85.0,1,5,0,LOW
NSFAS009131,Zanele Mahlangu,North-West University,Science,2,95.0,95.0,1,3,0,LOW
NSFAS009132,Sibusiso Dlamini,University of Cape Town,Science,3,53.42,70.0,0,1,0,LOW
NSFAS009133,Nokuthula Zulu,North-West University,Commerce,3,75.0,85.0,1,3,0,LOW
NSFAS009134,Zanele Mabaso,University of Pretoria,Law,2,40.0,53.0,3,5,100,HIGH
NSFAS009135,Nomsa Mhlongo,North-West University,Education,3,55.81,85.0,1,4,0,LOW
NSFAS009136,Nomsa Ngcobo,University of the Free State,Commerce,4,64.15,77.0,1,5,0,LOW
NSFAS009137,Lindiwe Mthethwa,University of Johannesburg,Arts,1,95.0,75.0,0,2,0,LOW
NSFAS009138,Nomsa Nkosi,University of Cape Town,Education,1,40.0,45.0,4,5,100,HIGH
NSFAS009139,Themba Nkosi,North-West University,Science,1,40.0,26.0,1,5,80,HIGH
NSFAS009140,Nomsa Mthethwa,University of KwaZulu-Natal,Arts,1,71.9,95.0,0,5,0,LOW
NSFAS009141,Andile Mhlongo,University of Cape Town,Education,1,73.84,95.0,0,5,0,LOW
NSFAS009142,Nomsa Khumalo,University of the Witwatersrand,Commerce,1,49.0,58.0,3,2,100,HIGH
NSFAS009143,Nomsa Mthethwa,University of the Free State,Engineering,4,49.0,62.0,1,1,80,HIGH
NSFAS009144,Sipho Molefe,University of Cape Town,Law,2,40.0,57.0,3,5,100,HIGH
NSFAS009145,Nokuthula Mthethwa,University of KwaZulu-Natal,Commerce,3,35.91,49.0,4,1,100,HIGH
NSFAS009146,Kagiso Mokoena,University of Stellenbosch,Law,2,75.0,95.0,0,1,0,LOW
NSFAS009147,Kagiso Dlamini,University of Johannesburg,Engineering,2,44.55,30.0,4,1,100,HIGH
NSFAS009148,Nomsa Mabaso,North-West University,Engineering,2,75.0,95.0,1,2,0,LOW
NSFAS009149,Sibusiso Mthembu,University of Johannesburg,Arts,4,40.0,30.0,2,5,80,HIGH
NSFAS009150,Busisiwe Mahlangu,University of Cape Town,Commerce,2,30.0,28.0,2,1,80,HIGH
NSFAS009151,Andile Ngcobo,University of Stellenbosch,Law,2,60.08,63.0,0,5,40,MEDIUM
NSFAS009152,Andile Mabaso,University of Pretoria,Science,3,40.0,46.0,1,3,80,HIGH
NSFAS009153,Mpho Mkhize,University of Johannesburg,Science,3,40.0,32.0,3,4,100,HIGH
NSFAS009154,Busisiwe Nkosi,University of the Witwatersrand,Arts,1,41.28,21.0,3,4,100,HIGH
NSFAS009155,Andile Mthethwa,University of Pretoria,Law,4,49.0,59.0,2,5,80,HIGH
NSFAS009156,Nokuthula Khumalo,University of Cape Town,Science,3,40.0,42.0,3,3,100,HIGH
NSFAS009157,Kagiso Mkhize,University of Johannesburg,Science,3,54.94,67.0,0,5,40,MEDIUM
NSFAS009158,Nomsa Mahlangu,University of the Witwatersrand,Arts,1,54.77,57.0,1,0,40,MEDIUM
NSFAS009159,Zanele Zulu,North-West University,Law,3,52.81,71.0,1,4,0,LOW
NSFAS009160,Themba Molefe,University of Johannesburg,Education,4,44.56,38.0,3,4,100,HIGH
NSFAS009161,Sibusiso Molefe,University of the Witwatersrand,Law,3,58.3,74.0,0,2,0,LOW
NSFAS009162,Busisiwe Nkosi,University of Johannesburg,Arts,3,30.0,32.0,4,5,100,HIGH
NSFAS009163,Nomsa Dlamini,University of Cape Town,Science,2,40.0,54.0,4,1,100,HIGH
NSFAS009164,Tshepo Khumalo,University of the Witwatersrand,Education,2,40.0,23.0,4,0,100,HIGH
NSFAS009165,Lerato Mhlongo,University of Johannesburg,Science,4,49.0,62.0,1,4,80,HIGH
NSFAS009166,Zanele Nkosi,University of KwaZulu-Natal,Engineering,3,65.41,81.0,1,3,0,LOW
NSFAS009167,Nokuthula Mokoena,University of Stellenbosch,Engineering,3,42.27,56.0,2,2,80,HIGH
NSFAS009168,Busisiwe Mabaso,University of Pretoria,Arts,3,40.0,40.0,2,0,80,HIGH
NSFAS009169,Sipho Mthembu,University of the Free State,Law,3,40.0,46.0,3,0,100,HIGH
NSFAS009170,Zanele Molefe,University of Pretoria,Education,1,40.0,45.0,1,2,80,HIGH
NSFAS009171,Andile Mabaso,University of the Free State,Law,2,40.0,56.0,1,3,80,HIGH
NSFAS009172,Nokuthula Mahlangu,University of KwaZulu-Natal,Education,1,58.74,63.0,1,2,40,MEDIUM
NSFAS009173,Zanele Nkosi,University of the Witwatersrand,Arts,2,74.84,84.0,0,4,0,LOW
NSFAS009174,Lindiwe Khumalo,University of Stellenbosch,Engineering,4,49.0,20.0,4,3,100,HIGH
NSFAS009175,Thabo Mthethwa,North-West University,Education,4,75.0,95.0,0,3,0,LOW
NSFAS009176,Mpho Mthembu,University of Stellenbosch,Education,4,44.65,62.0,4,1,100,HIGH
NSFAS009177,Nomsa Ngcobo,North-West University,Commerce,2,44.28,25.0,1,3,80,HIGH
NSFAS009178,Tshepo Zulu,University of Stellenbosch,Education,2,32.88,38.0,4,0,100,HIGH
NSFAS009179,Nokuthula Mabaso,University of KwaZulu-Natal,Education,3,40.0,53.0,3,4,100,HIGH
NSFAS009180,Lindiwe Mkhize,University of Johannesburg,Law,3,54.43,78.0,0,2,0,LOW
NSFAS009181,Busisiwe Khumalo,University of Stellenbosch,Engineering,1,58.19,59.0,2,4,40,MEDIUM
NSFAS009182,Nokuthula Mthembu,University of Pretoria,Law,1,59.44,64.0,0,5,40,MEDIUM
NSFAS009183,Nomsa Molefe,University of the Free State,Law,4,40.0,0.0,4,5,100,HIGH
NSFAS009184,Thabo Ngcobo,University of the Free State,Science,1,75.0,90.0,0,1,0,LOW
NSFAS009185,Kagiso Molefe,North-West University,Commerce,2,75.0,76.0,1,4,0,LOW
NSFAS009186,Zanele Nkosi,University of Stellenbosch,Education,2,75.0,86.0,0,5,0,LOW
NSFAS009187,Andile Ngcobo,University of the Witwatersrand,Engineering,2,36.86,41.0,3,0,100,HIGH
NSFAS009188,Mpho Mhlongo,University of KwaZulu-Natal,Engineering,3,53.42,81.0,0,5,0,LOW
NSFAS009189,Themba Mkhize,University of the Witwatersrand,Engineering,4,30.0,34.0,1,3,80,HIGH
NSFAS009190,Lindiwe Mthethwa,University of Pretoria,Arts,2,75.0,77.0,0,1,0,LOW
NSFAS009191,Themba Ngcobo,University of Cape Town,Science,1,75.0,85.0,0,5,0,LOW
NSFAS009192,Nomsa Mokoena,University of the Free State,Science,2,30.0,52.0,1,5,80,HIGH
NSFAS009193,Thabo Mahlangu,University of the Witwatersrand,Engineering,2,40.0,48.0,2,3,80,HIGH
NSFAS009194,Nokuthula Zulu,University of KwaZulu-Natal,Arts,3,41.16,56.0,2,5,80,HIGH
NSFAS009195,Tshepo Khumalo,University of KwaZulu-Natal,Engineering,3,67.14,56.0,4,1,60,HIGH
NSFAS009196,Phumzile Molefe,University of the Free State,Law,3,95.0,92.0,1,3,0,LOW
NSFAS009197,Andile Ngcobo,University of Cape Town,Engineering,1,34.54,26.0,4,3,100,HIGH
NSFAS009198,Nokuthula Zulu,University of Johannesburg,Education,4,40.0,58.0,2,3,80,HIGH
NSFAS009199,Kagiso Khumalo,University of Stellenbosch,Science,3,40.0,58.0,1,3,80,HIGH
NSFAS009200,Kagiso Mthembu,University of the Free State,Commerce,1,75.0,0.0,0,3,40,MEDIUM
NSFAS009201,Lerato Mthethwa,University of Cape Town,Education,4,52.05,76.0,0,1,0,LOW
NSFAS009202,Sibusiso Mthethwa,University of Pretoria,Commerce,4,75.0,95.0,1,4,0,LOW
NSFAS009203,Nokuthula Mthethwa,University of Johannesburg,Law,3,40.0,53.0,3,3,100,HIGH
NSFAS009204,Kagiso Mthethwa,North-West University,Law,2,61.19,70.0,0,0,0,LOW
NSFAS009205,Themba Mthethwa,North-West University,Science,1,63.84,61.0,0,2,40,MEDIUM
NSFAS009206,Lindiwe Nkosi,University of Pretoria,Commerce,1,75.0,94.0,1,5,0,LOW
NSFAS009207,Thabo Mthembu,University of Cape Town,Law,3,40.0,65.0,3,5,100,HIGH
NSFAS009208,Lerato Mhlongo,University of Johannesburg,Commerce,1,71.5,0.0,0,2,40,MEDIUM
NSFAS009209,Mpho Mthethwa,University of KwaZulu-Natal,Science,1,50.59,67.0,1,5,40,MEDIUM
NSFAS009210,Thabo Khumalo,University of Stellenbosch,Science,4,75.0,87.0,1,1,0,LOW
NSFAS009211,Themba Mokoena,University of KwaZulu-Natal,Education,2,68.2,64.0,0,2,40,MEDIUM
NSFAS009212,Nokuthula Mokoena,University of Pretoria,Law,3,74.29,95.0,0,1,0,LOW
NSFAS009213,Phumzile Zulu,University of the Witwatersrand,Arts,2,55.67,71.0,0,5,0,LOW
NSFAS009214,Lerato Mokoena,University of the Witwatersrand,Engineering,2,40.0,62.0,1,5,80,HIGH
NSFAS009215,Nomsa Khumalo,University of the Witwatersrand,Education,4,40.0,47.0,1,2,80,HIGH
NSFAS009216,Busisiwe Molefe,University of Johannesburg,Law,4,45.42,63.0,1,5,80,HIGH
NSFAS009217,Andile Nkosi,University of Stellenbosch,Education,4,40.0,26.0,1,1,80,HIGH
NSFAS009218,Lindiwe Zulu,University of the Free State,Arts,4,45.17,47.0,4,0,100,HIGH
NSFAS009219,Kagiso Mthethwa,University of KwaZulu-Natal,Education,3,55.9,77.0,1,5,0,LOW
NSFAS009220,Busisiwe Mthembu,University of KwaZulu-Natal,Education,4,40.0,24.0,1,3,80,HIGH
NSFAS009221,Mpho Zulu,University of Johannesburg,Arts,4,40.0,62.0,4,3,100,HIGH
NSFAS009222,Busisiwe Mabaso,University of Cape Town,Law,3,30.0,46.0,1,1,80,HIGH
NSFAS009223,Lindiwe Mahlangu,North-West University,Law,4,49.0,55.0,4,1,100,HIGH
NSFAS009224,Nomsa Khumalo,University of the Free State,Education,2,40.0,42.0,3,5,100,HIGH
NSFAS009225,Themba Mhlongo,University of Johannesburg,Education,4,30.0,50.0,3,2,100,HIGH
NSFAS009226,Thabo Mkhize,University of Stellenbosch,Education,3,40.0,55.0,4,1,100,HIGH
NSFAS009227,Lindiwe Mhlongo,University of Johannesburg,Law,2,40.0,53.0,4,4,100,HIGH
NSFAS009228,Lindiwe Nkosi,University of Stellenbosch,Arts,4,44.71,60.0,2,0,80,HIGH
NSFAS009229,Lerato Zulu,University of Johannesburg,Engineering,4,40.0,31.0,4,1,100,HIGH
NSFAS009230,Thabo Zulu,University of the Witwatersrand,Education,2,30.0,59.0,2,0,80,HIGH
NSFAS009231,Nokuthula Mthembu,University of Johannesburg,Law,1,30.0,35.0,2,2,80,HIGH
NSFAS009232,Tshepo Ngcobo,University of Stellenbosch,Arts,4,40.0,55.0,1,1,80,HIGH
NSFAS009233,Nomsa Zulu,University of Cape Town,Science,1,40.0,35.0,3,3,100,HIGH
NSFAS009234,Mpho Zulu,North-West University,Engineering,2,75.0,85.0,1,5,0,LOW
NSFAS009235,Busisiwe Mhlongo,University of Johannesburg,Commerce,2,40.0,35.0,1,5,80,HIGH
NSFAS009236,Sipho Nkosi,University of the Free State,Commerce,2,40.0,63.0,2,2,80,HIGH
NSFAS009237,Zanele Nkosi,University of KwaZulu-Natal,Commerce,1,40.0,0.0,1,0,80,HIGH
NSFAS009238,Lindiwe Ngcobo,University of the Free State,Commerce,3,30.0,34.0,2,1,80,HIGH
NSFAS009239,Themba Molefe,University of Pretoria,Commerce,4,40.0,54.0,4,2,100,HIGH
NSFAS009240,Lerato Mthethwa,University of Cape Town,Education,4,75.0,90.0,1,0,0,LOW
NSFAS009241,Sibusiso Molefe,University of Stellenbosch,Engineering,4,75.0,83.0,0,4,0,LOW
NSFAS009242,Nomsa Mthethwa,University of KwaZulu-Natal,Arts,4,70.04,95.0,0,0,0,LOW
NSFAS009243,Zanele Mthethwa,University of Stellenbosch,Law,3,40.0,49.0,2,1,80,HIGH
NSFAS009244,Kagiso Dlamini,University of KwaZulu-Natal,Commerce,2,75.0,87.0,0,2,0,LOW
NSFAS009245,Themba Mhlongo,University of KwaZulu-Natal,Arts,3,40.0,49.0,2,5,80,HIGH
NSFAS009246,Nokuthula Mthethwa,University of Pretoria,Science,2,75.0,82.0,1,0,0,LOW
NSFAS009247,Nomsa Mokoena,University of Stellenbosch,Commerce,3,75.0,93.0,0,0,0,LOW
NSFAS009248,Kagiso Nkosi,University of Pretoria,Commerce,4,75.0,95.0,1,4,0,LOW
NSFAS009249,Sibusiso Mahlangu,North-West University,Education,4,44.62,48.0,2,0,80,HIGH
NSFAS009250,Zanele Mthethwa,University of Pretoria,Education,4,47.83,35.0,4,2,100,HIGH
NSFAS009251,Sipho Ngcobo,University of KwaZulu-Natal,Education,4,52.46,70.0,1,2,0,LOW
NSFAS009252,Phumzile Nkosi,University of Cape Town,Engineering,3,40.0,61.0,2,4,80,HIGH
NSFAS009253,Lindiwe Mthembu,University of Johannesburg,Law,4,75.0,76.0,0,3,0,LOW
NSFAS009254,Busisiwe Zulu,University of Johannesburg,Education,1,30.0,63.0,3,2,100,HIGH
NSFAS009255,Busisiwe Mthethwa,University of Cape Town,Law,2,65.38,70.0,0,0,0,LOW
NSFAS009256,Nokuthula Nkosi,University of the Free State,Science,4,30.0,32.0,3,3,100,HIGH
NSFAS009257,Busisiwe Mhlongo,University of KwaZulu-Natal,Education,2,45.76,32.0,3,5,100,HIGH
NSFAS009258,Sipho Mahlangu,University of Pretoria,Arts,3,75.0,85.0,0,1,0,LOW
NSFAS009259,Sipho Molefe,University of Pretoria,Science,1,51.08,80.0,1,3,0,LOW
NSFAS009260,Sibusiso Molefe,University of KwaZulu-Natal,Arts,1,40.0,31.0,1,3,80,HIGH
NSFAS009261,Themba Mthembu,University of Cape Town,Commerce,1,64.43,66.0,1,1,40,MEDIUM
NSFAS009262,Kagiso Molefe,University of Cape Town,Commerce,1,40.0,38.0,1,4,80,HIGH
NSFAS009263,Nomsa Zulu,University of the Witwatersrand,Commerce,3,39.61,56.0,2,0,80,HIGH
NSFAS009264,Sipho Mabaso,University of the Witwatersrand,Law,3,62.54,58.0,4,4,60,HIGH
NSFAS009265,Phumzile Dlamini,University of Pretoria,Science,2,42.1,58.0,2,2,80,HIGH
NSFAS009266,Lindiwe Mhlongo,University of Pretoria,Science,2,40.0,54.0,3,2,100,HIGH
NSFAS009267,Sibusiso Mahlangu,University of the Witwatersrand,Arts,3,55.05,65.0,0,1,40,MEDIUM
NSFAS009268,Andile Khumalo,University of the Witwatersrand,Arts,4,75.0,85.0,1,4,0,LOW
NSFAS009269,Lerato Mabaso,University of Pretoria,Engineering,2,48.28,65.0,0,1,80,HIGH
NSFAS009270,Phumzile Mokoena,University of Stellenbosch,Law,3,63.5,81.0,1,2,0,LOW
NSFAS009271,Lerato Mabaso,University of Cape Town,Law,4,49.15,57.0,4,5,100,HIGH
NSFAS009272,Tshepo Mthethwa,University of Pretoria,Law,2,54.63,84.0,0,3,0,LOW
NSFAS009273,Kagiso Nkosi,University of Cape Town,Commerce,4,49.0,29.0,4,2,100,HIGH
NSFAS009274,Sipho Mthembu,University of Cape Town,Education,2,40.0,54.0,3,2,100,HIGH
NSFAS009275,Lerato Mkhize,University of Cape Town,Commerce,1,40.0,23.0,2,1,80,HIGH
NSFAS009276,Zanele Mthembu,University of Cape Town,Education,2,40.0,55.0,3,2,100,HIGH
NSFAS009277,Zanele Molefe,North-West University,Commerce,3,59.82,67.0,0,1,40,MEDIUM
NSFAS009278,Tshepo Mkhize,University of the Free State,Science,1,67.64,57.0,1,4,40,MEDIUM
NSFAS009279,Sibusiso Mkhize,University of the Free State,Science,4,75.0,93.0,1,0,0,LOW
NSFAS009280,Lerato Molefe,University of KwaZulu-Natal,Law,2,62.95,60.0,1,3,40,MEDIUM
NSFAS009281,Nokuthula Mkhize,University of Johannesburg,Commerce,3,66.6,65.0,0,2,40,MEDIUM
NSFAS009282,Kagiso Mthethwa,University of Johannesburg,Law,2,68.6,80.0,0,0,0,LOW
NSFAS009283,Sipho Mabaso,North-West University,Education,4,30.0,58.0,3,3,100,HIGH
NSFAS009284,Mpho Molefe,University of KwaZulu-Natal,Arts,2,75.0,95.0,1,2,0,LOW
NSFAS009285,Busisiwe Zulu,University of KwaZulu-Natal,Education,3,30.0,27.0,2,5,80,HIGH
NSFAS009286,Lindiwe Mthethwa,University of Johannesburg,Arts,1,30.0,37.0,1,3,80,HIGH
NSFAS009287,Phumzile Ngcobo,North-West University,Arts,1,50.74,74.0,0,4,0,LOW
NSFAS009288,Tshepo Molefe,University of Stellenbosch,Engineering,2,46.61,58.0,1,5,80,HIGH
NSFAS009289,Busisiwe Mkhize,University of KwaZulu-Natal,Education,1,49.49,51.0,3,3,100,HIGH
NSFAS009290,Nomsa Mahlangu,University of Johannesburg,Education,2,68.04,57.0,4,0,60,HIGH
NSFAS009291,Mpho Mkhize,University of KwaZulu-Natal,Engineering,1,30.0,29.0,4,1,100,HIGH
NSFAS009292,Busisiwe Nkosi,North-West University,Arts,1,57.22,74.0,0,0,0,LOW
NSFAS009293,Busisiwe Khumalo,University of Stellenbosch,Science,2,40.0,42.0,1,4,80,HIGH
NSFAS009294,Andile Nkosi,University of Johannesburg,Commerce,2,40.0,37.0,1,0,80,HIGH
NSFAS009295,Busisiwe Mahlangu,University of KwaZulu-Natal,Arts,3,40.0,24.0,1,1,80,HIGH
NSFAS009296,Thabo Mhlongo,North-West University,Arts,2,73.38,94.0,0,1,0,LOW
NSFAS009297,Lerato Mahlangu,University of Cape Town,Arts,1,43.23,49.0,3,3,100,HIGH
NSFAS009298,Busisiwe Zulu,University of KwaZulu-Natal,Arts,1,30.0,41.0,4,4,100,HIGH
NSFAS009299,Sibusiso Mhlongo,University of Stellenbosch,Law,2,30.0,35.0,4,2,100,HIGH
NSFAS009300,Tshepo Mabaso,North-West University,Law,3,65.71,85.0,0,3,0,LOW
NSFAS009301,Busisiwe Mahlangu,University of Stellenbosch,Arts,4,40.0,44.0,2,1,80,HIGH
NSFAS009302,Thabo Mthethwa,University of Pretoria,Arts,2,53.8,67.0,1,5,40,MEDIUM
NSFAS009303,Sipho Khumalo,University of the Witwatersrand,Arts,3,46.55,47.0,1,4,80,HIGH
NSFAS009304,Phumzile Mthethwa,University of Pretoria,Arts,4,44.64,49.0,1,1,80,HIGH
NSFAS009305,Tshepo Mkhize,University of Pretoria,Engineering,3,40.0,31.0,2,4,80,HIGH
NSFAS009306,Themba Mokoena,University of Stellenbosch,Law,4,34.76,55.0,2,4,80,HIGH
NSFAS009307,Thabo Zulu,University of the Free State,Education,1,41.38,49.0,1,2,80,HIGH
NSFAS009308,Zanele Ngcobo,University of the Free State,Science,2,60.28,69.0,0,2,40,MEDIUM
NSFAS009309,Kagiso Mkhize,University of KwaZulu-Natal,Engineering,2,40.0,54.0,4,3,100,HIGH
NSFAS009310,Sipho Khumalo,University of Stellenbosch,Commerce,3,61.32,75.0,1,4,0,LOW
NSFAS009311,Sipho Nkosi,University of Stellenbosch,Science,2,66.48,71.0,1,5,0,LOW
NSFAS009312,Nokuthula Mhlongo,University of Cape Town,Commerce,1,75.0,88.0,1,5,0,LOW
NSFAS009313,Themba Molefe,University of Pretoria,Commerce,2,67.15,67.0,1,2,40,MEDIUM
NSFAS009314,Andile Molefe,University of Johannesburg,Commerce,3,30.0,47.0,4,0,100,HIGH
NSFAS009315,Zanele Khumalo,University of KwaZulu-Natal,Commerce,4,75.0,81.0,0,4,0,LOW
NSFAS009316,Phumzile Zulu,University of Cape Town,Arts,2,75.0,76.0,0,4,0,LOW
NSFAS009317,Lindiwe Mhlongo,University of Cape Town,Education,1,40.0,0.0,4,4,100,HIGH
NSFAS009318,Sibusiso Mthembu,University of KwaZulu-Natal,Education,2,42.32,35.0,1,5,80,HIGH
NSFAS009319,Kagiso Ngcobo,North-West University,Arts,1,40.0,39.0,1,4,80,HIGH
NSFAS009320,Andile Mhlongo,North-West University,Commerce,2,30.0,32.0,2,4,80,HIGH
NSFAS009321,Mpho Mthethwa,University of the Witwatersrand,Education,1,40.0,56.0,3,4,100,HIGH
NSFAS009322,Thabo Zulu,University of Johannesburg,Commerce,2,79.75,88.0,0,0,0,LOW
NSFAS009323,Phumzile Mahlangu,University of Pretoria,Engineering,3,75.0,90.0,0,2,0,LOW
NSFAS009324,Lindiwe Nkosi,University of the Witwatersrand,Engineering,3,33.78,20.0,3,2,100,HIGH
NSFAS009325,Kagiso Mthembu,University of the Witwatersrand,Arts,3,75.0,85.0,1,5,0,LOW
NSFAS009326,Nomsa Zulu,North-West University,Arts,3,57.7,77.0,0,2,0,LOW
NSFAS009327,Lerato Mhlongo,University of Stellenbosch,Law,4,40.0,30.0,1,2,80,HIGH
NSFAS009328,Zanele Mabaso,University of Cape Town,Education,1,56.47,72.0,1,0,0,LOW
NSFAS009329,Tshepo Ngcobo,University of Stellenbosch,Commerce,4,75.0,95.0,1,1,0,LOW
NSFAS009330,Nomsa Ngcobo,University of the Witwatersrand,Engineering,2,30.0,43.0,1,4,80,HIGH
NSFAS009331,Nokuthula Mthethwa,North-West University,Education,1,49.0,29.0,1,0,80,HIGH
NSFAS009332,Sipho Mabaso,University of Pretoria,Education,4,75.0,95.0,1,4,0,LOW
NSFAS009333,Andile Zulu,University of the Free State,Education,4,46.7,60.0,0,1,80,HIGH
NSFAS009334,Themba Mokoena,University of Pretoria,Arts,4,40.0,55.0,1,4,80,HIGH
NSFAS009335,Lerato Nkosi,University of the Free State,Commerce,1,75.0,81.0,1,5,0,LOW
NSFAS009336,Lindiwe Khumalo,University of the Free State,Education,3,75.0,92.0,0,5,0,LOW
NSFAS009337,Tshepo Mahlangu,University of the Free State,Arts,2,40.0,28.0,4,3,100,HIGH
NSFAS009338,Themba Zulu,University of Johannesburg,Arts,2,40.0,50.0,1,3,80,HIGH
NSFAS009339,Themba Molefe,University of Cape Town,Commerce,2,40.0,27.0,2,3,80,HIGH
NSFAS009340,Lindiwe Molefe,University of Johannesburg,Engineering,3,58.99,62.0,1,3,40,MEDIUM
NSFAS009341,Sipho Mthembu,University of KwaZulu-Natal,Law,2,75.0,95.0,0,0,0,LOW
NSFAS009342,Tshepo Mkhize,University of the Witwatersrand,Engineering,3,75.16,95.0,0,5,0,LOW
NSFAS009343,Lindiwe Mkhize,University of Cape Town,Engineering,4,49.0,40.0,3,0,100,HIGH
NSFAS009344,Sipho Mahlangu,University of the Free State,Education,3,40.07,53.0,4,3,100,HIGH
NSFAS009345,Mpho Khumalo,University of the Free State,Arts,3,40.0,44.0,1,2,80,HIGH
NSFAS009346,Zanele Mokoena,University of Stellenbosch,Commerce,1,75.0,80.0,1,2,0,LOW
NSFAS009347,Nomsa Dlamini,University of KwaZulu-Natal,Law,2,40.0,63.0,4,2,100,HIGH
NSFAS009348,Themba Mahlangu,North-West University,Education,3,61.97,66.0,1,3,40,MEDIUM
NSFAS009349,Lindiwe Mhlongo,University of Johannesburg,Arts,2,40.0,41.0,1,2,80,HIGH
NSFAS009350,Kagiso Mahlangu,North-West University,Engineering,3,75.0,86.0,0,5,0,LOW
NSFAS009351,Themba Mokoena,University of Johannesburg,Education,3,68.66,70.0,1,0,0,LOW
NSFAS009352,Tshepo Nkosi,University of Pretoria,Commerce,3,55.0,66.0,0,1,40,MEDIUM
NSFAS009353,Nomsa Mabaso,University of Pretoria,Commerce,4,75.0,0.0,0,0,40,MEDIUM
NSFAS009354,Phumzile Mhlongo,University of the Free State,Engineering,2,46.41,22.0,2,2,80,HIGH
NSFAS009355,Kagiso Mahlangu,University of Pretoria,Science,1,46.53,48.0,2,3,80,HIGH
NSFAS009356,Nokuthula Mokoena,University of Johannesburg,Science,2,75.0,78.0,0,5,0,LOW
NSFAS009357,Mpho Nkosi,University of Cape Town,Education,4,52.81,80.0,1,5,0,LOW
NSFAS009358,Sibusiso Dlamini,University of Johannesburg,Arts,1,30.0,27.0,4,4,100,HIGH
NSFAS009359,Sipho Khumalo,University of the Free State,Engineering,3,32.12,22.0,2,3,80,HIGH
NSFAS009360,Nokuthula Zulu,University of KwaZulu-Natal,Education,3,75.0,80.0,0,2,0,LOW
NSFAS009361,Nomsa Mokoena,University of the Free State,Engineering,2,75.0,82.0,0,2,0,LOW
NSFAS009362,Kagiso Mkhize,University of Cape Town,Law,1,40.0,57.0,4,0,100,HIGH
NSFAS009363,Mpho Mokoena,University of the Witwatersrand,Education,1,72.53,75.0,0,1,0,LOW
NSFAS009364,Andile Mkhize,University of the Witwatersrand,Commerce,1,47.44,39.0,3,0,100,HIGH
NSFAS009365,Lindiwe Nkosi,University of the Witwatersrand,Commerce,3,30.45,54.0,3,4,100,HIGH
NSFAS009366,Zanele Zulu,University of Cape Town,Commerce,3,75.0,80.0,1,3,0,LOW
NSFAS009367,Mpho Khumalo,North-West University,Arts,3,75.0,76.0,0,5,0,LOW
NSFAS009368,Zanele Molefe,University of Johannesburg,Education,2,75.0,76.0,0,5,0,LOW
NSFAS009369,Mpho Mthembu,University of the Witwatersrand,Law,4,75.0,78.0,0,1,0,LOW
NSFAS009370,Nomsa Mthethwa,North-West University,Science,3,54.51,65.0,1,5,40,MEDIUM
NSFAS009371,Kagiso Zulu,University of Stellenbosch,Arts,2,75.0,95.0,1,2,0,LOW
NSFAS009372,Sipho Mabaso,University of Cape Town,Arts,3,30.0,45.0,3,2,100,HIGH
NSFAS009373,Mpho Mokoena,University of Stellenbosch,Science,3,75.0,95.0,0,1,0,LOW
NSFAS009374,Sipho Molefe,University of Stellenbosch,Law,3,60.08,81.0,0,0,0,LOW
NSFAS009375,Andile Ngcobo,North-West University,Arts,3,49.0,65.0,1,4,80,HIGH
NSFAS009376,Lerato Dlamini,University of Pretoria,Education,4,92.94,95.0,0,5,0,LOW
NSFAS009377,Themba Mabaso,University of Cape Town,Law,2,49.0,57.0,3,1,100,HIGH
NSFAS009378,Thabo Dlamini,University of Stellenbosch,Arts,2,40.0,65.0,3,0,100,HIGH
NSFAS009379,Lindiwe Khumalo,North-West University,Law,2,30.0,31.0,3,5,100,HIGH
NSFAS009380,Tshepo Mthethwa,University of the Free State,Engineering,4,37.75,38.0,3,2,100,HIGH
NSFAS009381,Nomsa Nkosi,University of Stellenbosch,Engineering,2,72.68,95.0,1,0,0,LOW
NSFAS009382,Andile Mokoena,University of Pretoria,Science,4,75.0,88.0,0,4,0,LOW
NSFAS009383,Zanele Dlamini,University of Stellenbosch,Law,1,40.0,27.0,3,3,100,HIGH
NSFAS009384,Thabo Mokoena,University of Stellenbosch,Arts,2,67.27,84.0,0,0,0,LOW
NSFAS009385,Lerato Mokoena,University of Pretoria,Commerce,1,75.0,80.0,0,1,0,LOW
NSFAS009386,Zanele Mthethwa,University of Pretoria,Science,4,30.0,30.0,3,4,100,HIGH
NSFAS009387,Zanele Zulu,North-West University,Education,4,60.37,80.0,0,3,0,LOW
NSFAS009388,Busisiwe Molefe,University of the Free State,Education,2,67.75,60.0,0,2,40,MEDIUM
NSFAS009389,Lindiwe Mabaso,University of Stellenbosch,Law,3,95.0,95.0,1,4,0,LOW
NSFAS009390,Zanele Zulu,University of Johannesburg,Law,2,75.0,79.0,0,1,0,LOW
NSFAS009391,Phumzile Nkosi,University of Pretoria,Law,2,75.0,93.0,1,0,0,LOW
NSFAS009392,Kagiso Khumalo,University of KwaZulu-Natal,Arts,2,42.16,60.0,3,4,100,HIGH
NSFAS009393,Tshepo Khumalo,University of the Witwatersrand,Law,3,43.94,46.0,2,5,80,HIGH
NSFAS009394,Mpho Ngcobo,University of Pretoria,Science,1,40.0,63.0,1,2,80,HIGH
NSFAS009395,Lerato Mabaso,University of KwaZulu-Natal,Commerce,3,30.0,59.0,2,3,80,HIGH
NSFAS009396,Lindiwe Khumalo,University of Pretoria,Law,2,75.0,89.0,1,3,0,LOW
NSFAS009397,Themba Molefe,University of Stellenbosch,Education,4,30.0,34.0,2,2,80,HIGH
NSFAS009398,Sibusiso Mabaso,University of the Witwatersrand,Law,4,40.0,38.0,3,4,100,HIGH
NSFAS009399,Themba Khumalo,University of Pretoria,Arts,2,40.0,30.0,4,0,100,HIGH
NSFAS009400,Busisiwe Mkhize,University of the Witwatersrand,Engineering,4,62.34,85.0,0,4,0,LOW
NSFAS009401,Themba Khumalo,University of Pretoria,Law,2,41.93,31.0,3,0,100,HIGH
NSFAS009402,Andile Mhlongo,University of Stellenbosch,Law,4,40.0,23.0,2,1,80,HIGH
NSFAS009403,Zanele Mokoena,University of Johannesburg,Arts,1,73.66,80.0,0,0,0,LOW
NSFAS009404,Busisiwe Mahlangu,University of Pretoria,Arts,3,64.73,56.0,3,1,60,HIGH
NSFAS009405,Zanele Khumalo,University of Pretoria,Commerce,3,46.63,34.0,1,3,80,HIGH
NSFAS009406,Tshepo Khumalo,University of the Free State,Arts,4,41.93,62.0,4,1,100,HIGH
NSFAS009407,Zanele Mokoena,University of KwaZulu-Natal,Science,3,40.0,22.0,4,4,100,HIGH
NSFAS009408,Lindiwe Mabaso,University of Cape Town,Engineering,1,30.0,54.0,1,2,80,HIGH
NSFAS009409,Busisiwe Mhlongo,University of Cape Town,Commerce,1,47.97,36.0,3,4,100,HIGH
NSFAS009410,Busisiwe Mhlongo,University of Cape Town,Arts,1,40.0,33.0,2,0,80,HIGH
NSFAS009411,Thabo Zulu,University of Johannesburg,Education,1,37.3,21.0,2,2,80,HIGH
NSFAS009412,Andile Mkhize,University of the Free State,Science,2,60.82,82.0,0,2,0,LOW
NSFAS009413,Nomsa Mahlangu,University of KwaZulu-Natal,Arts,2,75.0,85.0,1,2,0,LOW
NSFAS009414,Themba Khumalo,University of KwaZulu-Natal,Arts,3,43.45,31.0,1,2,80,HIGH
NSFAS009415,Busisiwe Zulu,University of Johannesburg,Engineering,4,30.0,32.0,2,3,80,HIGH
NSFAS009416,Thabo Molefe,University of Stellenbosch,Law,1,40.0,63.0,3,4,100,HIGH
NSFAS009417,Nokuthula Khumalo,University of Cape Town,Science,1,41.57,64.0,3,3,100,HIGH
NSFAS009418,Thabo Mthethwa,University of KwaZulu-Natal,Education,2,75.0,83.0,0,2,0,LOW
NSFAS009419,Sipho Khumalo,University of Johannesburg,Education,4,75.0,82.0,1,3,0,LOW
NSFAS009420,Mpho Mthembu,University of Stellenbosch,Science,1,61.79,57.0,2,0,40,MEDIUM
NSFAS009421,Tshepo Mabaso,University of the Free State,Science,4,37.3,27.0,2,1,80,HIGH
NSFAS009422,Thabo Zulu,University of Cape Town,Arts,2,40.0,29.0,4,0,100,HIGH
NSFAS009423,Lerato Zulu,University of Cape Town,Science,3,47.96,27.0,3,3,100,HIGH
NSFAS009424,Zanele Mokoena,North-West University,Education,4,73.32,84.0,1,1,0,LOW
NSFAS009425,Zanele Mhlongo,University of Pretoria,Commerce,1,63.96,79.0,0,2,0,LOW
NSFAS009426,Nomsa Mkhize,North-West University,Commerce,1,40.0,28.0,2,4,80,HIGH
NSFAS009427,Andile Mhlongo,University of Cape Town,Engineering,2,75.0,93.0,0,2,0,LOW
NSFAS009428,Kagiso Ngcobo,University of Johannesburg,Science,1,75.0,95.0,1,0,0,LOW
NSFAS009429,Tshepo Nkosi,University of the Witwatersrand,Law,3,61.41,84.0,1,1,0,LOW
NSFAS009430,Lerato Mhlongo,University of KwaZulu-Natal,Education,1,69.37,66.0,1,1,40,MEDIUM
NSFAS009431,Phumzile Nkosi,University of the Witwatersrand,Commerce,4,75.0,92.0,0,1,0,LOW
NSFAS009432,Themba Mokoena,University of KwaZulu-Natal,Engineering,4,30.0,47.0,2,4,80,HIGH
NSFAS009433,Thabo Mabaso,University of Johannesburg,Science,2,50.42,80.0,1,1,0,LOW
NSFAS009434,Lindiwe Mahlangu,University of Stellenbosch,Commerce,1,69.14,80.0,1,0,0,LOW
NSFAS009435,Thabo Mthembu,North-West University,Law,2,72.12,84.0,0,0,0,LOW
NSFAS009436,Nokuthula Zulu,North-West University,Arts,2,65.75,63.0,0,1,40,MEDIUM
NSFAS009437,Lerato Molefe,University of Pretoria,Science,1,75.0,82.0,0,4,0,LOW
NSFAS009438,Sibusiso Khumalo,University of the Free State,Commerce,1,54.97,57.0,2,0,40,MEDIUM
NSFAS009439,Mpho Mthembu,University of Cape Town,Science,1,60.71,67.0,1,5,40,MEDIUM
NSFAS009440,Lindiwe Khumalo,University of the Witwatersrand,Law,1,40.0,52.0,1,0,80,HIGH
NSFAS009441,Lindiwe Mthembu,University of Cape Town,Commerce,1,40.0,48.0,1,4,80,HIGH
NSFAS009442,Sipho Mokoena,University of the Free State,Science,3,30.0,60.0,2,4,80,HIGH
NSFAS009443,Thabo Zulu,University of Johannesburg,Engineering,4,44.7,35.0,3,2,100,HIGH
NSFAS009444,Mpho Mthethwa,University of Pretoria,Commerce,4,64.99,83.0,1,1,0,LOW
NSFAS009445,Sipho Mokoena,University of Cape Town,Education,2,46.87,58.0,2,2,80,HIGH
NSFAS009446,Lindiwe Khumalo,University of Stellenbosch,Education,4,49.41,63.0,1,0,80,HIGH
NSFAS009447,Mpho Mhlongo,University of KwaZulu-Natal,Commerce,4,60.42,74.0,0,3,0,LOW
NSFAS009448,Phumzile Nkosi,University of the Witwatersrand,Commerce,1,65.39,60.0,0,5,40,MEDIUM
NSFAS009449,Thabo Mhlongo,University of Pretoria,Law,3,58.66,58.0,3,0,60,HIGH
NSFAS009450,Themba Nkosi,University of Pretoria,Commerce,2,30.0,31.0,4,5,100,HIGH
NSFAS009451,Sibusiso Dlamini,University of Pretoria,Engineering,3,30.0,22.0,1,2,80,HIGH
NSFAS009452,Kagiso Mhlongo,University of the Witwatersrand,Education,4,52.17,85.0,0,0,0,LOW
NSFAS009453,Zanele Mkhize,North-West University,Engineering,4,30.0,26.0,3,2,100,HIGH
NSFAS009454,Lindiwe Mabaso,University of the Free State,Commerce,2,40.6,29.0,2,4,80,HIGH
NSFAS009455,Themba Mahlangu,University of Johannesburg,Law,4,75.0,90.0,1,3,0,LOW
NSFAS009456,Zanele Mthethwa,University of the Free State,Engineering,2,75.0,89.0,1,1,0,LOW
NSFAS009457,Lerato Mhlongo,University of KwaZulu-Natal,Arts,2,53.78,0.0,1,5,40,MEDIUM
NSFAS009458,Themba Mabaso,University of Cape Town,Arts,1,59.12,55.0,1,1,40,MEDIUM
NSFAS009459,Themba Mhlongo,University of Cape Town,Law,2,40.0,52.0,1,5,80,HIGH
NSFAS009460,Mpho Mabaso,University of the Witwatersrand,Science,1,72.26,87.0,1,3,0,LOW
NSFAS009461,Sipho Mahlangu,University of Pretoria,Education,3,30.0,37.0,4,1,100,HIGH
NSFAS009462,Lerato Mhlongo,University of Cape Town,Commerce,3,48.15,23.0,3,3,100,HIGH
NSFAS009463,Kagiso Mhlongo,University of the Free State,Commerce,1,40.0,31.0,3,0,100,HIGH
NSFAS009464,Nomsa Mabaso,University of Johannesburg,Arts,2,30.0,34.0,1,3,80,HIGH
NSFAS009465,Nomsa Mthethwa,University of Stellenbosch,Commerce,1,52.11,77.0,0,0,0,LOW
NSFAS009466,Thabo Mokoena,University of the Witwatersrand,Engineering,3,40.0,57.0,4,0,100,HIGH
NSFAS009467,Lerato Ngcobo,University of the Free State,Engineering,3,75.0,95.0,1,5,0,LOW
NSFAS009468,Mpho Molefe,University of Stellenbosch,Arts,3,75.0,93.0,0,5,0,LOW
NSFAS009469,Phumzile Mokoena,University of Stellenbosch,Engineering,2,59.65,65.0,1,5,40,MEDIUM
NSFAS009470,Lerato Khumalo,University of the Witwatersrand,Commerce,2,45.06,62.0,0,3,80,HIGH
NSFAS009471,Tshepo Mthembu,University of Pretoria,Engineering,2,47.8,23.0,1,2,80,HIGH
NSFAS009472,Lindiwe Ngcobo,University of Cape Town,Arts,4,35.14,58.0,3,1,100,HIGH
NSFAS009473,Tshepo Nkosi,University of Pretoria,Science,1,40.0,46.0,4,3,100,HIGH
NSFAS009474,Zanele Mhlongo,University of Pretoria,Engineering,3,56.51,0.0,0,2,40,MEDIUM
NSFAS009475,Lindiwe Molefe,University of the Free State,Education,2,71.98,82.0,1,4,0,LOW
NSFAS009476,Busisiwe Mhlongo,University of KwaZulu-Natal,Engineering,3,50.89,62.0,0,5,40,MEDIUM
NSFAS009477,Nokuthula Mhlongo,University of the Free State,Commerce,3,40.0,43.0,3,1,100,HIGH
NSFAS009478,Kagiso Mabaso,North-West University,Education,3,40.0,28.0,3,0,100,HIGH
NSFAS009479,Sibusiso Mthethwa,University of Cape Town,Commerce,1,48.12,44.0,4,0,100,HIGH
NSFAS009480,Themba Mabaso,University of the Witwatersrand,Commerce,3,43.01,0.0,4,5,100,HIGH
NSFAS009481,Zanele Mabaso,University of the Free State,Commerce,3,40.0,42.0,2,3,80,HIGH
NSFAS009482,Lindiwe Mhlongo,University of Pretoria,Commerce,3,40.0,21.0,4,4,100,HIGH
NSFAS009483,Nomsa Dlamini,University of Stellenbosch,Education,3,49.97,25.0,3,1,100,HIGH
NSFAS009484,Sipho Ngcobo,University of Johannesburg,Education,2,75.0,83.0,0,0,0,LOW
NSFAS009485,Nomsa Ngcobo,University of Pretoria,Law,4,63.06,60.0,1,5,40,MEDIUM
NSFAS009486,Sipho Dlamini,University of the Witwatersrand,Science,2,58.09,60.0,1,4,40,MEDIUM
NSFAS009487,Phumzile Nkosi,University of Cape Town,Arts,1,50.97,69.0,1,5,40,MEDIUM
NSFAS009488,Kagiso Molefe,University of Johannesburg,Engineering,2,47.33,20.0,4,3,100,HIGH
NSFAS009489,Phumzile Ngcobo,University of the Witwatersrand,Engineering,4,75.0,87.0,0,3,0,LOW
NSFAS009490,Andile Mabaso,University of the Witwatersrand,Science,4,49.0,65.0,1,1,80,HIGH
NSFAS009491,Lindiwe Khumalo,University of Pretoria,Education,4,68.34,84.0,1,2,0,LOW
NSFAS009492,Mpho Dlamini,University of Johannesburg,Commerce,2,75.0,75.0,0,4,0,LOW
NSFAS009493,Tshepo Dlamini,University of the Free State,Engineering,1,79.4,82.0,1,2,0,LOW
NSFAS009494,Andile Nkosi,University of Cape Town,Commerce,2,40.0,26.0,4,5,100,HIGH
NSFAS009495,Busisiwe Molefe,University of the Witwatersrand,Law,4,40.0,31.0,3,2,100,HIGH
NSFAS009496,Tshepo Mhlongo,University of Johannesburg,Law,2,75.0,87.0,1,5,0,LOW
NSFAS009497,Busisiwe Ngcobo,University of KwaZulu-Natal,Law,4,40.0,41.0,4,0,100,HIGH
NSFAS009498,Themba Mabaso,North-West University,Science,1,68.79,84.0,1,1,0,LOW
NSFAS009499,Themba Khumalo,University of the Free State,Engineering,1,49.0,46.0,4,0,100,HIGH
NSFAS009500,Lindiwe Zulu,University of Stellenbosch,Engineering,1,70.96,90.0,1,5,0,LOW
NSFAS009501,Sipho Khumalo,University of Johannesburg,Science,3,48.05,26.0,1,5,80,HIGH
NSFAS009502,Lindiwe Mthembu,University of the Witwatersrand,Education,1,30.0,59.0,2,5,80,HIGH
NSFAS009503,Themba Mabaso,University of KwaZulu-Natal,Law,3,40.0,24.0,2,2,80,HIGH
NSFAS009504,Nomsa Ngcobo,University of Cape Town,Science,3,30.0,23.0,3,5,100,HIGH
NSFAS009505,Busisiwe Mthethwa,University of the Free State,Engineering,2,40.0,33.0,4,4,100,HIGH
NSFAS009506,Andile Dlamini,University of Johannesburg,Arts,2,57.57,63.0,1,4,40,MEDIUM
NSFAS009507,Themba Mhlongo,North-West University,Education,3,40.0,60.0,4,5,100,HIGH
NSFAS009508,Busisiwe Mabaso,University of Johannesburg,Education,1,34.45,61.0,1,1,80,HIGH
NSFAS009509,Sipho Mthethwa,North-West University,Engineering,3,58.64,70.0,1,1,0,LOW
NSFAS009510,Nomsa Nkosi,University of the Witwatersrand,Commerce,1,41.08,25.0,2,5,80,HIGH
NSFAS009511,Tshepo Mthembu,University of the Witwatersrand,Engineering,2,67.68,82.0,1,3,0,LOW
NSFAS009512,Andile Molefe,University of Stellenbosch,Science,2,49.89,24.0,4,4,100,HIGH
NSFAS009513,Kagiso Nkosi,University of Cape Town,Science,3,55.71,84.0,1,0,0,LOW
NSFAS009514,Andile Zulu,University of Pretoria,Science,4,70.76,95.0,0,4,0,LOW
NSFAS009515,Nokuthula Mahlangu,University of Pretoria,Education,4,52.39,63.0,0,3,40,MEDIUM
NSFAS009516,Phumzile Mkhize,University of Pretoria,Commerce,1,53.12,79.0,0,0,0,LOW
NSFAS009517,Tshepo Mkhize,University of the Witwatersrand,Arts,1,75.0,80.0,0,4,0,LOW
NSFAS009518,Lindiwe Mahlangu,University of Johannesburg,Education,2,72.22,95.0,0,2,0,LOW
NSFAS009519,Lindiwe Mkhize,University of KwaZulu-Natal,Science,4,43.47,54.0,1,4,80,HIGH
NSFAS009520,Andile Mthethwa,University of the Witwatersrand,Education,4,75.0,87.0,0,3,0,LOW
NSFAS009521,Mpho Nkosi,University of KwaZulu-Natal,Engineering,1,40.0,58.0,3,1,100,HIGH
NSFAS009522,Kagiso Khumalo,North-West University,Law,4,49.87,42.0,1,4,80,HIGH
NSFAS009523,Lerato Zulu,University of the Witwatersrand,Science,2,60.12,85.0,1,3,0,LOW
NSFAS009524,Busisiwe Mthembu,University of Johannesburg,Law,1,40.0,62.0,3,3,100,HIGH
NSFAS009525,Mpho Mkhize,North-West University,Arts,4,40.0,50.0,3,4,100,HIGH
NSFAS009526,Kagiso Mahlangu,University of Johannesburg,Science,4,41.57,42.0,2,0,80,HIGH
NSFAS009527,Busisiwe Mahlangu,University of the Free State,Commerce,1,75.0,80.0,0,4,0,LOW
NSFAS009528,Sipho Khumalo,University of Cape Town,Engineering,4,30.0,20.0,4,4,100,HIGH
NSFAS009529,Nomsa Mabaso,University of KwaZulu-Natal,Commerce,1,54.39,61.0,1,1,40,MEDIUM
NSFAS009530,Mpho Mthembu,University of Johannesburg,Engineering,1,40.0,41.0,4,4,100,HIGH
NSFAS009531,Thabo Mokoena,University of Stellenbosch,Arts,4,52.21,67.0,0,3,40,MEDIUM
NSFAS009532,Lindiwe Khumalo,University of the Witwatersrand,Commerce,1,59.42,68.0,1,4,40,MEDIUM
NSFAS009533,Lerato Mokoena,North-West University,Education,1,30.0,60.0,3,2,100,HIGH
NSFAS009534,Tshepo Zulu,University of the Free State,Engineering,2,52.68,74.0,1,0,0,LOW
NSFAS009535,Nomsa Dlamini,University of Pretoria,Engineering,2,30.0,51.0,4,4,100,HIGH
NSFAS009536,Phumzile Nkosi,University of Cape Town,Arts,3,58.67,68.0,1,1,40,MEDIUM
NSFAS009537,Lerato Khumalo,University of Stellenbosch,Law,3,49.54,65.0,1,2,80,HIGH
NSFAS009538,Busisiwe Mthethwa,University of Johannesburg,Arts,2,30.0,45.0,3,3,100,HIGH
NSFAS009539,Kagiso Mthethwa,University of Stellenbosch,Engineering,3,75.0,95.0,0,4,0,LOW
NSFAS009540,Nomsa Ngcobo,University of the Witwatersrand,Arts,2,75.0,84.0,1,2,0,LOW
NSFAS009541,Kagiso Mkhize,University of Johannesburg,Engineering,1,40.0,47.0,4,2,100,HIGH
NSFAS009542,Themba Ngcobo,North-West University,Commerce,4,40.0,33.0,4,5,100,HIGH
NSFAS009543,Nomsa Dlamini,University of KwaZulu-Natal,Commerce,3,56.46,69.0,1,0,40,MEDIUM
NSFAS009544,Themba Khumalo,University of the Free State,Commerce,3,40.0,38.0,4,2,100,HIGH
NSFAS009545,Phumzile Mabaso,North-West University,Arts,3,49.0,41.0,3,0,100,HIGH
NSFAS009546,Tshepo Khumalo,University of Stellenbosch,Science,4,31.2,33.0,1,1,80,HIGH
NSFAS009547,Sipho Ngcobo,University of Pretoria,Arts,3,43.93,35.0,2,5,80,HIGH
NSFAS009548,Sipho Mahlangu,University of the Witwatersrand,Arts,2,64.56,82.0,1,2,0,LOW
NSFAS009549,Busisiwe Molefe,University of the Witwatersrand,Education,2,62.6,78.0,0,0,0,LOW
NSFAS009550,Sipho Dlamini,University of Stellenbosch,Science,4,40.0,47.0,1,3,80,HIGH
NSFAS009551,Busisiwe Dlamini,University of the Free State,Arts,1,40.0,60.0,3,3,100,HIGH
NSFAS009552,Thabo Mabaso,University of KwaZulu-Natal,Engineering,2,75.0,81.0,1,0,0,LOW
NSFAS009553,Tshepo Mthembu,University of Johannesburg,Arts,3,42.23,64.0,2,2,80,HIGH
NSFAS009554,Sibusiso Molefe,University of the Witwatersrand,Arts,4,65.72,61.0,1,3,40,MEDIUM
NSFAS009555,Nomsa Nkosi,University of KwaZulu-Natal,Commerce,4,75.0,95.0,0,5,0,LOW
NSFAS009556,Lerato Mahlangu,University of the Free State,Engineering,3,40.0,38.0,2,1,80,HIGH
NSFAS009557,Nomsa Zulu,North-West University,Commerce,2,54.26,82.0,0,1,0,LOW
NSFAS009558,Andile Mhlongo,University of Pretoria,Science,4,57.92,62.0,1,3,40,MEDIUM
NSFAS009559,Nomsa Mabaso,North-West University,Education,4,30.0,27.0,2,3,80,HIGH
NSFAS009560,Mpho Mkhize,University of Cape Town,Engineering,4,46.41,53.0,4,1,100,HIGH
NSFAS009561,Phumzile Molefe,University of KwaZulu-Natal,Science,4,62.25,0.0,1,1,40,MEDIUM
NSFAS009562,Mpho Mthethwa,University of Stellenbosch,Commerce,2,49.0,36.0,3,1,100,HIGH
NSFAS009563,Themba Ngcobo,University of the Free State,Science,4,75.91,91.0,0,3,0,LOW
NSFAS009564,Themba Mthethwa,University of Johannesburg,Law,2,75.0,78.0,1,1,0,LOW
NSFAS009565,Sibusiso Mkhize,University of Cape Town,Arts,4,40.0,64.0,4,4,100,HIGH
NSFAS009566,Kagiso Dlamini,University of Johannesburg,Engineering,2,40.0,20.0,4,4,100,HIGH
NSFAS009567,Sibusiso Mhlongo,North-West University,Science,3,75.0,76.0,0,5,0,LOW
NSFAS009568,Sipho Mkhize,University of the Witwatersrand,Science,4,63.74,71.0,1,5,0,LOW
NSFAS009569,Zanele Mthembu,University of the Witwatersrand,Commerce,1,75.0,88.0,0,1,0,LOW
NSFAS009570,Phumzile Khumalo,University of Johannesburg,Education,2,75.0,86.0,1,0,0,LOW
NSFAS009571,Thabo Mahlangu,North-West University,Law,3,30.0,25.0,1,2,80,HIGH
NSFAS009572,Busisiwe Zulu,University of the Free State,Science,4,75.0,92.0,1,4,0,LOW
NSFAS009573,Zanele Mahlangu,North-West University,Education,4,64.14,84.0,1,1,0,LOW
NSFAS009574,Lindiwe Mthethwa,University of Johannesburg,Education,4,75.0,95.0,0,1,0,LOW
NSFAS009575,Lerato Mthembu,University of Stellenbosch,Science,3,64.74,58.0,1,4,40,MEDIUM
NSFAS009576,Kagiso Ngcobo,University of Johannesburg,Arts,3,40.0,45.0,4,2,100,HIGH
NSFAS009577,Phumzile Mkhize,University of the Free State,Law,1,75.0,95.0,1,2,0,LOW
NSFAS009578,Zanele Nkosi,University of Cape Town,Law,3,75.0,85.0,0,2,0,LOW
NSFAS009579,Tshepo Zulu,University of Cape Town,Law,4,55.58,69.0,1,4,40,MEDIUM
NSFAS009580,Sibusiso Ngcobo,University of the Free State,Engineering,3,75.0,84.0,0,3,0,LOW
NSFAS009581,Thabo Khumalo,University of Stellenbosch,Education,1,69.6,65.0,0,0,40,MEDIUM
NSFAS009582,Lerato Mthembu,North-West University,Commerce,1,40.0,31.0,1,4,80,HIGH
NSFAS009583,Andile Zulu,North-West University,Commerce,3,40.0,57.0,1,4,80,HIGH
NSFAS009584,Nokuthula Mahlangu,University of KwaZulu-Natal,Arts,1,44.46,46.0,3,2,100,HIGH
NSFAS009585,Nokuthula Mthembu,University of Pretoria,Law,3,71.06,80.0,1,4,0,LOW
NSFAS009586,Sipho Mthembu,University of the Witwatersrand,Education,4,66.17,80.0,1,2,0,LOW
NSFAS009587,Zanele Mabaso,University of Cape Town,Law,3,30.0,46.0,1,0,80,HIGH
NSFAS009588,Nokuthula Dlamini,University of the Free State,Science,4,40.0,0.0,3,5,100,HIGH
NSFAS009589,Zanele Mhlongo,University of Johannesburg,Arts,4,75.0,95.0,1,4,0,LOW
NSFAS009590,Lindiwe Mahlangu,University of the Witwatersrand,Engineering,3,49.0,24.0,4,0,100,HIGH
NSFAS009591,Kagiso Mahlangu,University of Stellenbosch,Education,2,40.0,23.0,2,0,80,HIGH
NSFAS009592,Phumzile Mokoena,University of Cape Town,Law,2,49.0,60.0,0,0,80,HIGH
NSFAS009593,Busisiwe Ngcobo,University of Stellenbosch,Science,3,75.0,80.0,0,0,0,LOW
NSFAS009594,Nomsa Mokoena,North-West University,Engineering,1,75.0,79.0,1,0,0,LOW
NSFAS009595,Lerato Mhlongo,University of the Witwatersrand,Commerce,2,59.65,65.0,0,4,40,MEDIUM
NSFAS009596,Busisiwe Mthembu,North-West University,Education,1,79.4,95.0,0,0,0,LOW
NSFAS009597,Themba Mahlangu,University of Johannesburg,Arts,2,30.0,35.0,3,0,100,HIGH
NSFAS009598,Nomsa Zulu,University of KwaZulu-Natal,Arts,3,50.29,81.0,1,5,0,LOW
NSFAS009599,Lindiwe Zulu,University of KwaZulu-Natal,Engineering,2,40.0,62.0,1,1,80,HIGH
NSFAS009600,Lerato Zulu,North-West University,Law,1,69.94,60.0,1,3,40,MEDIUM
NSFAS009601,Busisiwe Mthembu,University of Stellenbosch,Science,2,40.0,62.0,2,5,80,HIGH
NSFAS009602,Tshepo Mahlangu,North-West University,Law,4,75.0,84.0,0,0,0,LOW
NSFAS009603,Phumzile Nkosi,North-West University,Law,4,94.35,83.0,0,4,0,LOW
NSFAS009604,Kagiso Molefe,University of KwaZulu-Natal,Law,1,30.0,45.0,2,5,80,HIGH
NSFAS009605,Busisiwe Molefe,University of Stellenbosch,Commerce,3,73.72,95.0,1,4,0,LOW
NSFAS009606,Zanele Mokoena,University of Cape Town,Arts,3,30.0,28.0,3,5,100,HIGH
NSFAS009607,Nomsa Mkhize,University of Cape Town,Education,3,75.0,95.0,0,5,0,LOW
NSFAS009608,Sibusiso Mthembu,North-West University,Arts,2,66.88,82.0,1,2,0,LOW
NSFAS009609,Tshepo Mokoena,University of the Witwatersrand,Engineering,1,50.18,71.0,1,4,0,LOW
NSFAS009610,Sibusiso Mabaso,University of the Free State,Arts,3,55.73,80.0,0,5,0,LOW
NSFAS009611,Tshepo Zulu,University of the Free State,Law,2,85.19,93.0,0,1,0,LOW
NSFAS009612,Sibusiso Mahlangu,University of KwaZulu-Natal,Law,4,40.0,20.0,3,4,100,HIGH
NSFAS009613,Zanele Dlamini,North-West University,Science,4,41.97,62.0,2,4,80,HIGH
NSFAS009614,Andile Mthethwa,University of Pretoria,Commerce,2,46.44,44.0,3,2,100,HIGH
NSFAS009615,Busisiwe Mahlangu,University of Pretoria,Education,2,62.05,72.0,0,5,0,LOW
NSFAS009616,Tshepo Ngcobo,University of Stellenbosch,Law,4,45.94,29.0,4,2,100,HIGH
NSFAS009617,Mpho Mabaso,University of the Witwatersrand,Law,4,66.53,67.0,1,0,40,MEDIUM
NSFAS009618,Lerato Mahlangu,University of Pretoria,Science,1,40.0,37.0,2,2,80,HIGH
NSFAS009619,Phumzile Dlamini,University of Pretoria,Arts,2,61.67,60.0,0,5,40,MEDIUM
NSFAS009620,Themba Mkhize,University of Cape Town,Engineering,2,94.25,80.0,0,0,0,LOW
NSFAS009621,Kagiso Mabaso,University of Stellenbosch,Commerce,3,53.09,55.0,3,3,60,HIGH
NSFAS009622,Mpho Molefe,University of Cape Town,Commerce,2,75.0,82.0,1,5,0,LOW
NSFAS009623,Nokuthula Mahlangu,University of the Free State,Engineering,1,40.0,44.0,2,1,80,HIGH
NSFAS009624,Mpho Mahlangu,University of the Witwatersrand,Science,4,40.0,25.0,3,3,100,HIGH
NSFAS009625,Mpho Mokoena,University of KwaZulu-Natal,Engineering,1,47.11,58.0,1,0,80,HIGH
NSFAS009626,Andile Mabaso,University of Johannesburg,Arts,2,47.57,40.0,3,4,100,HIGH
NSFAS009627,Mpho Mthethwa,University of the Free State,Engineering,4,43.01,50.0,1,2,80,HIGH
NSFAS009628,Zanele Mabaso,University of Johannesburg,Engineering,2,75.0,95.0,0,5,0,LOW
NSFAS009629,Sibusiso Khumalo,North-West University,Commerce,4,51.36,72.0,1,0,0,LOW
NSFAS009630,Andile Mahlangu,North-West University,Commerce,3,46.8,62.0,1,3,80,HIGH
NSFAS009631,Andile Mkhize,University of the Witwatersrand,Education,4,63.13,75.0,1,2,0,LOW
NSFAS009632,Tshepo Mokoena,University of Pretoria,Law,3,40.0,37.0,3,3,100,HIGH
NSFAS009633,Themba Mokoena,University of Pretoria,Education,2,40.0,55.0,4,1,100,HIGH
NSFAS009634,Lindiwe Molefe,University of the Free State,Engineering,2,40.0,64.0,2,1,80,HIGH
NSFAS009635,Tshepo Mkhize,University of Johannesburg,Arts,2,49.0,56.0,4,1,100,HIGH
NSFAS009636,Tshepo Mhlongo,University of the Witwatersrand,Law,1,50.53,69.0,0,1,40,MEDIUM
NSFAS009637,Phumzile Mthembu,University of KwaZulu-Natal,Arts,3,75.0,88.0,1,5,0,LOW
NSFAS009638,Nokuthula Mahlangu,University of the Witwatersrand,Science,4,40.0,63.0,2,4,80,HIGH
NSFAS009639,Lerato Mthembu,University of Pretoria,Science,3,93.74,87.0,1,4,0,LOW
NSFAS009640,Nokuthula Mokoena,North-West University,Law,2,30.0,0.0,3,5,100,HIGH
NSFAS009641,Themba Mthembu,University of the Free State,Education,3,40.0,58.0,4,2,100,HIGH
NSFAS009642,Andile Mkhize,University of Stellenbosch,Commerce,1,40.0,39.0,3,1,100,HIGH
NSFAS009643,Thabo Mthethwa,University of the Witwatersrand,Engineering,4,73.51,82.0,0,2,0,LOW
NSFAS009644,Sibusiso Molefe,University of Stellenbosch,Arts,3,50.1,59.0,1,0,40,MEDIUM
NSFAS009645,Sibusiso Ngcobo,University of Pretoria,Education,2,40.0,40.0,3,5,100,HIGH
NSFAS009646,Kagiso Nkosi,University of Stellenbosch,Education,4,40.0,20.0,2,2,80,HIGH
NSFAS009647,Nokuthula Khumalo,University of Stellenbosch,Law,4,61.53,68.0,1,2,40,MEDIUM
NSFAS009648,Tshepo Mkhize,University of KwaZulu-Natal,Law,4,75.0,88.0,1,3,0,LOW
NSFAS009649,Thabo Mthembu,University of Cape Town,Science,4,75.0,88.0,0,1,0,LOW
NSFAS009650,Nokuthula Mthembu,University of Cape Town,Engineering,3,75.0,78.0,0,1,0,LOW
NSFAS009651,Lindiwe Khumalo,University of KwaZulu-Natal,Arts,4,75.0,86.0,0,0,0,LOW
NSFAS009652,Nomsa Molefe,University of Pretoria,Engineering,2,44.87,45.0,1,4,80,HIGH
NSFAS009653,Sipho Ngcobo,University of the Witwatersrand,Education,1,41.02,36.0,4,1,100,HIGH
NSFAS009654,Lindiwe Mhlongo,University of KwaZulu-Natal,Science,3,75.0,76.0,1,4,0,LOW
NSFAS009655,Busisiwe Nkosi,University of KwaZulu-Natal,Engineering,3,45.06,46.0,3,5,100,HIGH
NSFAS009656,Phumzile Mabaso,University of Pretoria,Commerce,2,56.93,0.0,1,0,40,MEDIUM
NSFAS009657,Nokuthula Zulu,University of Cape Town,Commerce,1,40.0,40.0,2,3,80,HIGH
NSFAS009658,Lindiwe Nkosi,University of the Free State,Commerce,3,40.0,37.0,4,3,100,HIGH
NSFAS009659,Lerato Mahlangu,University of KwaZulu-Natal,Engineering,4,40.0,42.0,4,4,100,HIGH
NSFAS009660,Sibusiso Mkhize,North-West University,Commerce,1,86.43,77.0,0,1,0,LOW
NSFAS009661,Zanele Mokoena,University of KwaZulu-Natal,Science,4,40.0,47.0,2,0,80,HIGH
NSFAS009662,Busisiwe Dlamini,University of Stellenbosch,Engineering,1,30.0,43.0,1,2,80,HIGH
NSFAS009663,Lerato Dlamini,University of Stellenbosch,Commerce,4,40.0,25.0,2,1,80,HIGH
NSFAS009664,Sibusiso Khumalo,University of Johannesburg,Engineering,4,49.0,37.0,2,5,80,HIGH
NSFAS009665,Kagiso Mthethwa,University of KwaZulu-Natal,Engineering,1,51.53,79.0,1,5,0,LOW
NSFAS009666,Nokuthula Ngcobo,University of the Witwatersrand,Science,2,32.05,27.0,4,4,100,HIGH
NSFAS009667,Phumzile Nkosi,University of Pretoria,Commerce,1,30.0,32.0,4,0,100,HIGH
NSFAS009668,Themba Molefe,University of Johannesburg,Law,1,95.0,83.0,0,4,0,LOW
NSFAS009669,Lindiwe Molefe,University of Cape Town,Education,1,70.59,94.0,0,4,0,LOW
NSFAS009670,Busisiwe Zulu,University of the Free State,Education,4,58.39,58.0,1,3,40,MEDIUM
NSFAS009671,Thabo Mabaso,University of the Free State,Arts,3,40.0,33.0,1,0,80,HIGH
NSFAS009672,Busisiwe Nkosi,North-West University,Science,1,40.0,39.0,1,4,80,HIGH
NSFAS009673,Lindiwe Mthethwa,University of Stellenbosch,Commerce,1,57.11,66.0,1,3,40,MEDIUM
NSFAS009674,Mpho Mabaso,University of Johannesburg,Commerce,3,66.9,66.0,0,5,40,MEDIUM
NSFAS009675,Zanele Mahlangu,University of KwaZulu-Natal,Arts,3,61.15,70.0,1,5,0,LOW
NSFAS009676,Lerato Mabaso,University of Stellenbosch,Law,2,40.0,20.0,1,5,80,HIGH
NSFAS009677,Sipho Mthethwa,University of Stellenbosch,Science,3,87.44,91.0,1,1,0,LOW
NSFAS009678,Kagiso Nkosi,University of the Witwatersrand,Science,3,53.78,58.0,2,2,40,MEDIUM
NSFAS009679,Themba Mokoena,University of Cape Town,Science,4,62.53,71.0,1,3,0,LOW
NSFAS009680,Busisiwe Zulu,University of KwaZulu-Natal,Commerce,4,68.86,85.0,1,3,0,LOW
NSFAS009681,Thabo Nkosi,North-West University,Law,1,81.8,83.0,0,4,0,LOW
NSFAS009682,Sipho Molefe,University of Stellenbosch,Law,3,71.2,88.0,1,2,0,LOW
NSFAS009683,Mpho Mokoena,University of the Witwatersrand,Education,2,46.77,33.0,1,0,80,HIGH
NSFAS009684,Lindiwe Nkosi,University of Stellenbosch,Arts,4,64.54,74.0,0,3,0,LOW
NSFAS009685,Tshepo Mabaso,University of the Free State,Science,3,43.23,55.0,4,3,100,HIGH
NSFAS009686,Thabo Mahlangu,North-West University,Engineering,3,49.0,45.0,3,1,100,HIGH
NSFAS009687,Tshepo Molefe,University of Johannesburg,Arts,4,67.75,79.0,1,5,0,LOW
NSFAS009688,Busisiwe Mhlongo,University of the Free State,Education,4,57.01,68.0,1,2,40,MEDIUM
NSFAS009689,Lerato Mahlangu,University of the Free State,Law,3,63.52,83.0,1,5,0,LOW
NSFAS009690,Sipho Zulu,University of Cape Town,Education,4,59.09,75.0,1,2,0,LOW
NSFAS009691,Nokuthula Khumalo,University of Pretoria,Engineering,4,61.52,69.0,0,2,40,MEDIUM
NSFAS009692,Themba Mahlangu,University of Pretoria,Commerce,3,42.78,31.0,1,1,80,HIGH
NSFAS009693,Andile Nkosi,University of Stellenbosch,Commerce,3,33.64,28.0,4,3,100,HIGH
NSFAS009694,Sipho Nkosi,University of Pretoria,Engineering,3,55.9,67.0,1,0,40,MEDIUM
NSFAS009695,Phumzile Zulu,University of Stellenbosch,Law,1,75.0,86.0,1,0,0,LOW
NSFAS009696,Phumzile Nkosi,University of the Witwatersrand,Engineering,3,49.0,58.0,2,3,80,HIGH
NSFAS009697,Mpho Mkhize,University of Stellenbosch,Engineering,1,40.0,29.0,3,1,100,HIGH
NSFAS009698,Andile Mhlongo,University of the Witwatersrand,Arts,4,49.0,65.0,1,5,80,HIGH
NSFAS009699,Andile Mthembu,North-West University,Engineering,3,54.89,55.0,4,0,60,HIGH
NSFAS009700,Sipho Mabaso,University of Cape Town,Engineering,3,51.34,65.0,0,3,40,MEDIUM
NSFAS009701,Themba Ngcobo,University of Pretoria,Commerce,2,75.0,76.0,1,3,0,LOW
NSFAS009702,Sibusiso Mthethwa,University of Stellenbosch,Commerce,3,41.63,26.0,4,5,100,HIGH
NSFAS009703,Nokuthula Ngcobo,University of Pretoria,Commerce,2,46.86,64.0,0,1,80,HIGH
NSFAS009704,Sipho Mkhize,University of the Witwatersrand,Engineering,3,62.66,80.0,0,3,0,LOW
NSFAS009705,Nokuthula Molefe,University of the Witwatersrand,Commerce,3,40.0,57.0,3,4,100,HIGH
NSFAS009706,Tshepo Mthembu,University of Cape Town,Law,3,75.0,92.0,1,1,0,LOW
NSFAS009707,Nokuthula Khumalo,University of Cape Town,Engineering,2,49.0,52.0,2,0,80,HIGH
NSFAS009708,Tshepo Mabaso,University of the Free State,Law,4,40.0,53.0,2,2,80,HIGH
NSFAS009709,Mpho Molefe,University of Stellenbosch,Arts,1,31.7,30.0,1,2,80,HIGH
NSFAS009710,Lerato Mkhize,North-West University,Education,3,65.29,59.0,4,5,60,HIGH
NSFAS009711,Lindiwe Mabaso,University of KwaZulu-Natal,Law,3,75.0,93.0,1,1,0,LOW
NSFAS009712,Andile Mhlongo,North-West University,Science,2,75.0,95.0,1,0,0,LOW
NSFAS009713,Sibusiso Mthembu,University of Cape Town,Law,4,75.0,80.0,1,4,0,LOW
NSFAS009714,Busisiwe Mthembu,University of the Witwatersrand,Education,1,40.0,28.0,3,4,100,HIGH
NSFAS009715,Zanele Mokoena,North-West University,Arts,1,40.0,56.0,3,3,100,HIGH
NSFAS009716,Lindiwe Molefe,University of Stellenbosch,Science,2,40.0,45.0,2,3,80,HIGH
NSFAS009717,Nomsa Molefe,North-West University,Engineering,4,75.0,95.0,0,0,0,LOW
NSFAS009718,Phumzile Molefe,North-West University,Engineering,1,45.5,33.0,2,1,80,HIGH
NSFAS009719,Nomsa Dlamini,University of Pretoria,Engineering,3,55.52,62.0,0,1,40,MEDIUM
NSFAS009720,Themba Mkhize,University of Johannesburg,Education,3,47.58,64.0,0,1,80,HIGH
NSFAS009721,Tshepo Ngcobo,University of the Free State,Law,4,51.44,62.0,1,3,40,MEDIUM
NSFAS009722,Lindiwe Mkhize,University of the Witwatersrand,Commerce,1,75.0,83.0,0,3,0,LOW
NSFAS009723,Sipho Mokoena,North-West University,Arts,3,67.41,0.0,0,0,40,MEDIUM
NSFAS009724,Lerato Dlamini,University of Cape Town,Arts,4,35.56,35.0,1,3,80,HIGH
NSFAS009725,Lerato Dlamini,University of KwaZulu-Natal,Commerce,1,40.0,61.0,3,1,100,HIGH
NSFAS009726,Lerato Mhlongo,University of the Free State,Education,1,75.0,75.0,0,3,0,LOW
NSFAS009727,Sipho Ngcobo,University of Johannesburg,Education,2,40.0,32.0,3,2,100,HIGH
NSFAS009728,Sipho Mabaso,University of Pretoria,Education,2,75.0,78.0,0,4,0,LOW
NSFAS009729,Zanele Mahlangu,University of the Witwatersrand,Education,3,30.0,58.0,1,3,80,HIGH
NSFAS009730,Lerato Nkosi,North-West University,Science,4,82.09,86.0,1,2,0,LOW
NSFAS009731,Lindiwe Ngcobo,University of KwaZulu-Natal,Law,2,40.0,60.0,4,4,100,HIGH
NSFAS009732,Sipho Mabaso,University of Cape Town,Commerce,2,72.83,95.0,1,1,0,LOW
NSFAS009733,Zanele Zulu,University of KwaZulu-Natal,Science,3,48.33,21.0,3,2,100,HIGH
NSFAS009734,Nokuthula Mthembu,University of Johannesburg,Law,3,61.01,60.0,0,5,40,MEDIUM
NSFAS009735,Themba Molefe,University of the Free State,Law,1,75.0,82.0,1,5,0,LOW
NSFAS009736,Phumzile Dlamini,University of the Witwatersrand,Education,1,54.59,79.0,0,0,0,LOW
NSFAS009737,Busisiwe Mkhize,University of KwaZulu-Natal,Commerce,1,40.0,41.0,3,5,100,HIGH
NSFAS009738,Busisiwe Mahlangu,University of the Witwatersrand,Law,4,61.2,55.0,4,5,60,HIGH
NSFAS009739,Andile Mhlongo,University of Cape Town,Law,4,63.58,77.0,0,3,0,LOW
NSFAS009740,Andile Molefe,North-West University,Engineering,4,46.12,25.0,1,1,80,HIGH
NSFAS009741,Lerato Khumalo,University of Johannesburg,Law,2,53.48,55.0,1,4,40,MEDIUM
NSFAS009742,Phumzile Mkhize,University of Stellenbosch,Education,4,50.02,67.0,0,4,40,MEDIUM
NSFAS009743,Lindiwe Mhlongo,University of the Witwatersrand,Commerce,4,47.7,63.0,1,5,80,HIGH
NSFAS009744,Sibusiso Khumalo,University of Cape Town,Education,2,68.04,76.0,1,4,0,LOW
NSFAS009745,Mpho Mthembu,University of KwaZulu-Natal,Education,3,68.81,57.0,3,5,60,HIGH
NSFAS009746,Zanele Mokoena,North-West University,Commerce,2,75.0,80.0,1,0,0,LOW
NSFAS009747,Tshepo Mabaso,University of the Witwatersrand,Education,1,75.0,91.0,0,1,0,LOW
NSFAS009748,Tshepo Molefe,University of KwaZulu-Natal,Education,4,47.66,42.0,3,2,100,HIGH
NSFAS009749,Andile Mahlangu,University of Cape Town,Law,3,75.0,95.0,1,2,0,LOW
NSFAS009750,Phumzile Nkosi,University of KwaZulu-Natal,Arts,3,40.0,55.0,2,5,80,HIGH
NSFAS009751,Lindiwe Mthethwa,University of Pretoria,Education,4,40.0,62.0,2,2,80,HIGH
NSFAS009752,Zanele Zulu,University of KwaZulu-Natal,Engineering,4,59.05,61.0,0,4,40,MEDIUM
NSFAS009753,Andile Ngcobo,North-West University,Engineering,1,40.0,23.0,1,1,80,HIGH
NSFAS009754,Mpho Molefe,University of KwaZulu-Natal,Education,1,40.0,61.0,1,2,80,HIGH
NSFAS009755,Sipho Mthembu,University of KwaZulu-Natal,Engineering,3,75.0,82.0,1,3,0,LOW
NSFAS009756,Nomsa Mthethwa,University of Cape Town,Arts,2,69.32,78.0,0,0,0,LOW
NSFAS009757,Kagiso Ngcobo,University of Johannesburg,Education,3,50.5,63.0,1,2,40,MEDIUM
NSFAS009758,Thabo Mthembu,University of Stellenbosch,Engineering,2,40.0,41.0,2,2,80,HIGH
NSFAS009759,Tshepo Mokoena,University of the Witwatersrand,Engineering,1,75.0,81.0,0,5,0,LOW
NSFAS009760,Kagiso Mkhize,University of the Witwatersrand,Science,4,40.11,24.0,1,0,80,HIGH
NSFAS009761,Zanele Mhlongo,North-West University,Commerce,1,49.0,22.0,3,2,100,HIGH
NSFAS009762,Zanele Ngcobo,University of Stellenbosch,Law,4,80.25,95.0,1,3,0,LOW
NSFAS009763,Zanele Molefe,North-West University,Engineering,1,40.0,28.0,3,5,100,HIGH
NSFAS009764,Busisiwe Khumalo,University of Cape Town,Commerce,1,41.35,36.0,3,5,100,HIGH
NSFAS009765,Thabo Mabaso,University of the Free State,Science,3,75.0,95.0,0,0,0,LOW
NSFAS009766,Tshepo Mabaso,University of Cape Town,Commerce,4,49.0,41.0,1,0,80,HIGH
NSFAS009767,Andile Mhlongo,University of the Free State,Science,1,40.0,27.0,1,2,80,HIGH
NSFAS009768,Phumzile Mthembu,University of Cape Town,Commerce,2,49.76,40.0,3,2,100,HIGH
NSFAS009769,Lerato Mokoena,University of KwaZulu-Natal,Engineering,4,40.0,24.0,2,4,80,HIGH
NSFAS009770,Andile Ngcobo,University of Johannesburg,Commerce,3,75.0,95.0,1,5,0,LOW
NSFAS009771,Sipho Zulu,University of Pretoria,Engineering,3,40.0,60.0,1,2,80,HIGH
NSFAS009772,Phumzile Molefe,University of the Free State,Arts,3,65.24,67.0,0,3,40,MEDIUM
NSFAS009773,Sipho Zulu,University of the Witwatersrand,Engineering,1,57.85,73.0,0,1,0,LOW
NSFAS009774,Tshepo Mahlangu,University of Pretoria,Law,2,40.0,46.0,3,4,100,HIGH
NSFAS009775,Phumzile Dlamini,University of Stellenbosch,Commerce,1,75.0,85.0,0,5,0,LOW
NSFAS009776,Busisiwe Mahlangu,University of the Witwatersrand,Law,4,45.11,30.0,3,0,100,HIGH
NSFAS009777,Sibusiso Mabaso,University of Stellenbosch,Arts,4,40.0,25.0,1,5,80,HIGH
NSFAS009778,Mpho Mahlangu,University of Johannesburg,Arts,3,54.36,80.0,0,4,0,LOW
NSFAS009779,Andile Khumalo,University of KwaZulu-Natal,Arts,4,86.81,84.0,0,1,0,LOW
NSFAS009780,Andile Mthethwa,University of KwaZulu-Natal,Law,4,56.28,0.0,0,5,40,MEDIUM
NSFAS009781,Nomsa Molefe,University of the Witwatersrand,Science,4,30.0,55.0,4,3,100,HIGH
NSFAS009782,Tshepo Mthethwa,University of the Free State,Engineering,3,40.0,43.0,4,5,100,HIGH
NSFAS009783,Nokuthula Mthethwa,University of Stellenbosch,Commerce,2,44.22,53.0,4,0,100,HIGH
NSFAS009784,Thabo Molefe,North-West University,Commerce,3,65.45,62.0,0,4,40,MEDIUM
NSFAS009785,Nokuthula Ngcobo,University of the Free State,Arts,2,63.62,81.0,1,3,0,LOW
NSFAS009786,Andile Dlamini,University of Pretoria,Engineering,3,40.49,56.0,3,2,100,HIGH
NSFAS009787,Busisiwe Dlamini,University of Stellenbosch,Science,3,40.0,41.0,4,4,100,HIGH
NSFAS009788,Mpho Mahlangu,University of Cape Town,Science,3,40.0,28.0,4,5,100,HIGH
NSFAS009789,Tshepo Mahlangu,University of KwaZulu-Natal,Education,3,40.0,58.0,1,4,80,HIGH
NSFAS009790,Sipho Mabaso,North-West University,Science,4,75.0,83.0,1,4,0,LOW
NSFAS009791,Thabo Mthembu,University of Pretoria,Arts,2,67.09,76.0,1,5,0,LOW
NSFAS009792,Sibusiso Mabaso,University of Stellenbosch,Engineering,4,33.73,64.0,4,4,100,HIGH
NSFAS009793,Thabo Mthembu,University of Johannesburg,Commerce,3,40.34,42.0,1,4,80,HIGH
NSFAS009794,Andile Mkhize,University of Cape Town,Engineering,1,49.0,55.0,2,3,80,HIGH
NSFAS009795,Thabo Nkosi,University of the Free State,Commerce,4,40.0,43.0,2,4,80,HIGH
NSFAS009796,Tshepo Zulu,North-West University,Arts,1,75.0,92.0,1,5,0,LOW
NSFAS009797,Kagiso Mhlongo,University of Stellenbosch,Science,1,40.0,51.0,2,5,80,HIGH
NSFAS009798,Kagiso Mkhize,University of the Witwatersrand,Law,2,63.0,65.0,1,0,40,MEDIUM
NSFAS009799,Nomsa Mthembu,University of KwaZulu-Natal,Law,4,57.48,81.0,1,5,0,LOW
NSFAS009800,Nomsa Mthembu,University of Stellenbosch,Education,4,55.94,73.0,0,0,0,LOW
NSFAS009801,Nomsa Ngcobo,University of the Witwatersrand,Education,4,75.0,77.0,1,5,0,LOW
NSFAS009802,Phumzile Mokoena,University of Pretoria,Commerce,1,40.0,20.0,1,2,80,HIGH
NSFAS009803,Themba Mabaso,University of Pretoria,Science,3,56.58,66.0,1,4,40,MEDIUM
NSFAS009804,Zanele Mokoena,University of the Witwatersrand,Arts,1,40.0,64.0,3,2,100,HIGH
NSFAS009805,Tshepo Mabaso,University of Cape Town,Science,4,75.0,76.0,0,2,0,LOW
NSFAS009806,Sibusiso Mokoena,University of the Free State,Law,1,75.0,81.0,1,1,0,LOW
NSFAS009807,Kagiso Mthembu,University of Johannesburg,Education,4,60.03,83.0,1,3,0,LOW
NSFAS009808,Lindiwe Dlamini,University of Johannesburg,Law,1,75.0,89.0,1,3,0,LOW
NSFAS009809,Mpho Zulu,University of Stellenbosch,Engineering,2,40.0,62.0,2,1,80,HIGH
NSFAS009810,Mpho Ngcobo,North-West University,Commerce,3,66.57,63.0,1,5,40,MEDIUM
NSFAS009811,Lerato Nkosi,University of Stellenbosch,Commerce,4,84.65,80.0,0,0,0,LOW
NSFAS009812,Sipho Mahlangu,University of the Witwatersrand,Commerce,1,49.23,64.0,0,2,80,HIGH
NSFAS009813,Kagiso Mkhize,University of Pretoria,Arts,2,40.0,31.0,4,0,100,HIGH
NSFAS009814,Andile Molefe,University of the Witwatersrand,Arts,3,45.81,62.0,0,0,80,HIGH
NSFAS009815,Sibusiso Mthethwa,University of Pretoria,Engineering,3,40.0,61.0,1,5,80,HIGH
NSFAS009816,Kagiso Nkosi,North-West University,Education,1,30.0,44.0,4,0,100,HIGH
NSFAS009817,Zanele Ngcobo,University of Pretoria,Commerce,1,62.39,67.0,1,4,40,MEDIUM
NSFAS009818,Mpho Mkhize,University of Johannesburg,Education,3,52.49,78.0,1,1,0,LOW
NSFAS009819,Phumzile Zulu,University of Cape Town,Arts,4,75.0,77.0,1,3,0,LOW
NSFAS009820,Lindiwe Mokoena,University of the Witwatersrand,Commerce,2,46.08,53.0,1,5,80,HIGH
NSFAS009821,Busisiwe Mhlongo,North-West University,Science,4,75.0,82.0,0,5,0,LOW
NSFAS009822,Thabo Dlamini,University of KwaZulu-Natal,Education,2,67.5,79.0,0,5,0,LOW
NSFAS009823,Sibusiso Mkhize,University of the Free State,Science,3,40.0,50.0,4,5,100,HIGH
NSFAS009824,Tshepo Molefe,North-West University,Law,1,47.14,31.0,2,4,80,HIGH
NSFAS009825,Thabo Zulu,University of the Witwatersrand,Arts,4,50.47,81.0,0,0,0,LOW
NSFAS009826,Nomsa Nkosi,University of KwaZulu-Natal,Science,4,67.86,84.0,0,5,0,LOW
NSFAS009827,Lerato Zulu,North-West University,Commerce,1,57.47,63.0,1,1,40,MEDIUM
NSFAS009828,Andile Ngcobo,University of the Witwatersrand,Law,4,49.75,63.0,1,2,80,HIGH
NSFAS009829,Phumzile Mabaso,University of the Free State,Science,2,30.0,55.0,3,0,100,HIGH
NSFAS009830,Mpho Mhlongo,North-West University,Science,4,40.79,56.0,3,5,100,HIGH
NSFAS009831,Lerato Mokoena,University of Johannesburg,Engineering,3,44.72,45.0,1,0,80,HIGH
NSFAS009832,Nomsa Zulu,University of Pretoria,Science,4,31.7,59.0,3,5,100,HIGH
NSFAS009833,Zanele Mabaso,University of Stellenbosch,Science,3,72.68,92.0,1,1,0,LOW
NSFAS009834,Lerato Dlamini,University of KwaZulu-Natal,Education,2,75.0,87.0,1,4,0,LOW
NSFAS009835,Lindiwe Mokoena,University of the Free State,Engineering,4,49.0,61.0,0,0,80,HIGH
NSFAS009836,Kagiso Mahlangu,University of the Witwatersrand,Science,2,40.0,30.0,4,2,100,HIGH
NSFAS009837,Nomsa Mhlongo,North-West University,Engineering,1,40.0,54.0,2,3,80,HIGH
NSFAS009838,Mpho Mthethwa,University of Johannesburg,Arts,3,74.5,84.0,1,4,0,LOW
NSFAS009839,Phumzile Khumalo,University of the Witwatersrand,Arts,3,75.0,77.0,1,3,0,LOW
NSFAS009840,Tshepo Dlamini,University of Johannesburg,Engineering,4,40.0,45.0,3,4,100,HIGH
NSFAS009841,Busisiwe Mabaso,University of Johannesburg,Education,3,75.0,75.0,1,4,0,LOW
NSFAS009842,Themba Mthembu,University of Pretoria,Commerce,4,70.99,88.0,0,0,0,LOW
NSFAS009843,Sipho Molefe,University of KwaZulu-Natal,Arts,4,71.24,95.0,1,4,0,LOW
NSFAS009844,Kagiso Molefe,University of Johannesburg,Engineering,2,30.0,52.0,4,5,100,HIGH
NSFAS009845,Phumzile Molefe,University of Pretoria,Law,4,49.13,38.0,4,4,100,HIGH
NSFAS009846,Lindiwe Molefe,North-West University,Science,3,40.0,53.0,2,0,80,HIGH
NSFAS009847,Thabo Mthethwa,University of the Free State,Commerce,4,49.17,27.0,1,2,80,HIGH
NSFAS009848,Kagiso Mokoena,University of the Free State,Arts,2,76.49,93.0,0,2,0,LOW
NSFAS009849,Sipho Khumalo,University of Johannesburg,Arts,4,30.0,52.0,1,5,80,HIGH
NSFAS009850,Nomsa Mabaso,University of Cape Town,Commerce,2,40.0,61.0,3,4,100,HIGH
NSFAS009851,Thabo Molefe,University of Stellenbosch,Law,3,55.22,79.0,0,1,0,LOW
NSFAS009852,Lerato Mahlangu,University of the Witwatersrand,Science,2,62.74,63.0,1,1,40,MEDIUM
NSFAS009853,Tshepo Mthembu,University of the Free State,Arts,2,31.01,64.0,4,4,100,HIGH
NSFAS009854,Themba Ngcobo,University of the Free State,Arts,4,39.73,45.0,1,2,80,HIGH
NSFAS009855,Mpho Zulu,University of Pretoria,Engineering,3,49.0,35.0,3,3,100,HIGH
NSFAS009856,Themba Mokoena,University of the Witwatersrand,Education,1,37.85,52.0,2,3,80,HIGH
NSFAS009857,Andile Mthembu,University of KwaZulu-Natal,Commerce,2,30.0,34.0,3,0,100,HIGH
NSFAS009858,Nokuthula Mokoena,University of KwaZulu-Natal,Science,4,40.0,52.0,3,2,100,HIGH
NSFAS009859,Nomsa Mkhize,University of the Witwatersrand,Education,4,48.15,50.0,4,3,100,HIGH
NSFAS009860,Lerato Mhlongo,University of Cape Town,Engineering,3,75.0,75.0,1,2,0,LOW
NSFAS009861,Lerato Mthethwa,University of Stellenbosch,Education,4,60.12,79.0,1,0,0,LOW
NSFAS009862,Mpho Mhlongo,University of Pretoria,Commerce,3,58.67,81.0,0,3,0,LOW
NSFAS009863,Sipho Mkhize,University of Cape Town,Education,1,40.0,36.0,3,5,100,HIGH
NSFAS009864,Thabo Zulu,University of Pretoria,Education,4,75.0,80.0,0,4,0,LOW
NSFAS009865,Phumzile Mokoena,University of Cape Town,Engineering,3,60.72,79.0,1,0,0,LOW
NSFAS009866,Lerato Mhlongo,University of Johannesburg,Engineering,3,55.27,77.0,0,1,0,LOW
NSFAS009867,Nokuthula Mthembu,University of Stellenbosch,Engineering,4,42.11,39.0,2,5,80,HIGH
NSFAS009868,Kagiso Molefe,University of Cape Town,Engineering,2,73.34,80.0,1,1,0,LOW
NSFAS009869,Busisiwe Zulu,University of Johannesburg,Law,3,40.0,46.0,3,2,100,HIGH
NSFAS009870,Busisiwe Khumalo,University of Johannesburg,Education,4,40.0,64.0,3,3,100,HIGH
NSFAS009871,Themba Khumalo,University of Cape Town,Law,2,48.07,62.0,0,4,80,HIGH
NSFAS009872,Andile Mabaso,University of the Witwatersrand,Education,3,40.0,37.0,3,0,100,HIGH
NSFAS009873,Thabo Mkhize,University of Cape Town,Commerce,1,47.37,37.0,3,1,100,HIGH
NSFAS009874,Phumzile Mkhize,University of Stellenbosch,Commerce,2,40.0,25.0,3,1,100,HIGH
NSFAS009875,Lerato Zulu,University of Johannesburg,Law,3,52.72,62.0,1,4,40,MEDIUM
NSFAS009876,Andile Khumalo,University of KwaZulu-Natal,Arts,1,40.0,21.0,2,2,80,HIGH
NSFAS009877,Themba Molefe,North-West University,Education,1,40.02,52.0,4,4,100,HIGH
NSFAS009878,Andile Ngcobo,University of Johannesburg,Engineering,2,75.0,81.0,1,5,0,LOW
NSFAS009879,Mpho Mkhize,University of the Witwatersrand,Science,1,75.0,79.0,1,3,0,LOW
NSFAS009880,Andile Mkhize,University of the Free State,Science,2,44.68,60.0,1,3,80,HIGH
NSFAS009881,Busisiwe Zulu,University of Stellenbosch,Education,4,60.79,57.0,1,3,40,MEDIUM
NSFAS009882,Andile Dlamini,University of Stellenbosch,Law,1,61.99,60.0,1,0,40,MEDIUM
NSFAS009883,Nokuthula Mthembu,North-West University,Commerce,1,75.0,83.0,1,2,0,LOW
NSFAS009884,Sibusiso Ngcobo,University of the Witwatersrand,Engineering,3,49.0,65.0,1,0,80,HIGH
NSFAS009885,Themba Mahlangu,University of Cape Town,Science,2,75.0,80.0,0,4,0,LOW
NSFAS009886,Phumzile Mhlongo,University of Johannesburg,Arts,4,61.48,63.0,1,0,40,MEDIUM
NSFAS009887,Phumzile Mthembu,University of the Witwatersrand,Science,4,40.0,31.0,4,3,100,HIGH
NSFAS009888,Busisiwe Mthethwa,University of Stellenbosch,Commerce,3,40.0,45.0,3,0,100,HIGH
NSFAS009889,Tshepo Mhlongo,University of Cape Town,Education,1,40.0,26.0,1,1,80,HIGH
NSFAS009890,Thabo Khumalo,University of Cape Town,Law,2,57.6,64.0,1,3,40,MEDIUM
NSFAS009891,Thabo Mkhize,North-West University,Engineering,4,47.69,23.0,2,0,80,HIGH
NSFAS009892,Lerato Molefe,University of Johannesburg,Science,1,75.0,94.0,0,2,0,LOW
NSFAS009893,Themba Mhlongo,University of KwaZulu-Natal,Commerce,4,40.0,55.0,3,4,100,HIGH
NSFAS009894,Phumzile Mhlongo,University of Cape Town,Education,1,40.0,64.0,4,5,100,HIGH
NSFAS009895,Thabo Molefe,University of Pretoria,Engineering,2,40.0,34.0,3,3,100,HIGH
NSFAS009896,Busisiwe Mahlangu,University of KwaZulu-Natal,Engineering,1,49.0,36.0,3,2,100,HIGH
NSFAS009897,Andile Nkosi,North-West University,Engineering,2,49.0,65.0,0,1,80,HIGH
NSFAS009898,Mpho Mthembu,University of Johannesburg,Science,2,40.0,64.0,1,4,80,HIGH
NSFAS009899,Phumzile Mthembu,University of Cape Town,Law,2,75.0,95.0,0,4,0,LOW
NSFAS009900,Thabo Mthethwa,University of KwaZulu-Natal,Commerce,3,40.0,23.0,3,2,100,HIGH
NSFAS009901,Themba Dlamini,University of Pretoria,Engineering,1,58.74,67.0,1,0,40,MEDIUM
NSFAS009902,Nomsa Mabaso,University of the Free State,Law,2,75.0,86.0,0,2,0,LOW
NSFAS009903,Zanele Mahlangu,University of the Witwatersrand,Arts,1,48.16,38.0,3,5,100,HIGH
NSFAS009904,Nomsa Mthethwa,North-West University,Law,2,43.09,35.0,1,5,80,HIGH
NSFAS009905,Kagiso Mhlongo,University of Johannesburg,Education,2,75.0,79.0,1,4,0,LOW
NSFAS009906,Nomsa Mthembu,University of Cape Town,Law,4,40.0,56.0,4,2,100,HIGH
NSFAS009907,Kagiso Zulu,University of Cape Town,Science,2,30.0,54.0,3,2,100,HIGH
NSFAS009908,Lindiwe Dlamini,University of the Free State,Engineering,4,40.17,63.0,3,4,100,HIGH
NSFAS009909,Themba Mhlongo,University of the Free State,Science,4,46.2,36.0,4,2,100,HIGH
NSFAS009910,Kagiso Dlamini,North-West University,Science,1,68.46,0.0,0,2,40,MEDIUM
NSFAS009911,Thabo Mkhize,University of the Free State,Engineering,3,40.0,33.0,2,3,80,HIGH
NSFAS009912,Kagiso Molefe,University of Cape Town,Engineering,3,40.0,52.0,3,3,100,HIGH
NSFAS009913,Nokuthula Mabaso,University of KwaZulu-Natal,Commerce,4,40.0,28.0,3,1,100,HIGH
NSFAS009914,Zanele Mokoena,University of Cape Town,Engineering,3,40.0,44.0,2,3,80,HIGH
NSFAS009915,Sipho Mahlangu,University of Cape Town,Education,4,42.09,44.0,3,2,100,HIGH
NSFAS009916,Mpho Zulu,University of the Free State,Arts,3,40.0,62.0,2,4,80,HIGH
NSFAS009917,Lindiwe Mabaso,North-West University,Arts,1,75.0,95.0,0,5,0,LOW
NSFAS009918,Themba Mthethwa,University of the Witwatersrand,Arts,4,66.18,62.0,0,5,40,MEDIUM
NSFAS009919,Andile Mkhize,University of Johannesburg,Arts,3,55.71,82.0,0,4,0,LOW
NSFAS009920,Mpho Mthembu,University of KwaZulu-Natal,Law,1,40.0,39.0,3,0,100,HIGH
NSFAS009921,Andile Zulu,University of the Free State,Law,4,40.0,46.0,1,5,80,HIGH
NSFAS009922,Andile Dlamini,University of the Witwatersrand,Law,4,40.0,28.0,3,1,100,HIGH
NSFAS009923,Sibusiso Dlamini,University of Cape Town,Commerce,2,53.02,77.0,1,2,0,LOW
NSFAS009924,Lindiwe Nkosi,University of Johannesburg,Engineering,2,75.0,95.0,0,1,0,LOW
NSFAS009925,Tshepo Ngcobo,University of KwaZulu-Natal,Law,3,75.14,95.0,1,3,0,LOW
NSFAS009926,Zanele Molefe,University of Stellenbosch,Education,3,59.05,73.0,1,0,0,LOW
NSFAS009927,Zanele Mkhize,University of Cape Town,Engineering,4,49.0,46.0,4,1,100,HIGH
NSFAS009928,Thabo Mkhize,University of KwaZulu-Natal,Commerce,4,40.0,36.0,3,3,100,HIGH
NSFAS009929,Sipho Mthembu,University of Cape Town,Arts,1,30.0,44.0,1,4,80,HIGH
NSFAS009930,Nomsa Khumalo,University of Pretoria,Science,1,60.21,61.0,0,3,40,MEDIUM
NSFAS009931,Thabo Dlamini,University of Johannesburg,Commerce,1,56.22,55.0,2,2,40,MEDIUM
NSFAS009932,Zanele Mthembu,University of the Witwatersrand,Commerce,4,53.56,83.0,0,5,0,LOW
NSFAS009933,Zanele Mkhize,University of Johannesburg,Engineering,1,55.57,67.0,1,5,40,MEDIUM
NSFAS009934,Zanele Ngcobo,University of Cape Town,Science,4,75.0,86.0,0,5,0,LOW
NSFAS009935,Kagiso Mahlangu,North-West University,Law,4,95.0,88.0,0,1,0,LOW
NSFAS009936,Mpho Mabaso,University of the Witwatersrand,Engineering,4,30.0,57.0,3,3,100,HIGH
NSFAS009937,Mpho Mthethwa,University of Pretoria,Commerce,1,40.0,49.0,2,1,80,HIGH
NSFAS009938,Tshepo Zulu,University of Cape Town,Law,1,68.67,65.0,1,1,40,MEDIUM
NSFAS009939,Zanele Dlamini,University of Pretoria,Law,1,40.0,39.0,2,3,80,HIGH
NSFAS009940,Nomsa Mkhize,University of the Free State,Arts,3,40.36,55.0,1,4,80,HIGH
NSFAS009941,Themba Mabaso,University of Johannesburg,Law,4,75.0,87.0,0,2,0,LOW
NSFAS009942,Nokuthula Ngcobo,University of Pretoria,Law,2,75.0,87.0,0,4,0,LOW
NSFAS009943,Tshepo Ngcobo,University of Stellenbosch,Education,2,75.0,89.0,0,4,0,LOW
NSFAS009944,Sibusiso Mokoena,University of the Free State,Commerce,4,58.82,56.0,4,0,60,HIGH
NSFAS009945,Lerato Mabaso,University of KwaZulu-Natal,Science,1,40.0,38.0,3,3,100,HIGH
NSFAS009946,Thabo Nkosi,University of Johannesburg,Commerce,3,54.59,67.0,0,5,40,MEDIUM
NSFAS009947,Kagiso Ngcobo,University of the Witwatersrand,Education,2,49.0,53.0,1,4,80,HIGH
NSFAS009948,Lindiwe Ngcobo,University of the Free State,Commerce,3,55.98,63.0,0,5,40,MEDIUM
NSFAS009949,Lerato Zulu,University of KwaZulu-Natal,Engineering,2,73.65,83.0,1,4,0,LOW
NSFAS009950,Sibusiso Mthembu,University of Pretoria,Commerce,3,40.0,57.0,1,5,80,HIGH
NSFAS009951,Nomsa Dlamini,University of KwaZulu-Natal,Science,3,53.3,80.0,1,3,0,LOW
NSFAS009952,Andile Mhlongo,University of the Free State,Engineering,3,54.94,78.0,0,4,0,LOW
NSFAS009953,Lindiwe Mkhize,University of KwaZulu-Natal,Law,4,40.0,54.0,2,5,80,HIGH
NSFAS009954,Busisiwe Zulu,University of Cape Town,Engineering,2,72.96,77.0,1,1,0,LOW
NSFAS009955,Busisiwe Zulu,University of Johannesburg,Law,3,40.74,33.0,4,0,100,HIGH
NSFAS009956,Nokuthula Mthembu,University of Stellenbosch,Commerce,4,34.85,45.0,2,3,80,HIGH
NSFAS009957,Busisiwe Mthembu,University of the Witwatersrand,Engineering,2,40.0,59.0,2,2,80,HIGH
NSFAS009958,Sipho Mthembu,North-West University,Education,1,39.93,54.0,2,1,80,HIGH
NSFAS009959,Nomsa Mthembu,University of the Free State,Science,1,48.48,59.0,2,1,80,HIGH
NSFAS009960,Nomsa Dlamini,University of KwaZulu-Natal,Science,1,72.63,90.0,1,5,0,LOW
NSFAS009961,Lindiwe Mokoena,University of the Witwatersrand,Science,2,40.0,43.0,4,2,100,HIGH
NSFAS009962,Mpho Nkosi,University of Stellenbosch,Commerce,1,42.89,31.0,1,3,80,HIGH
NSFAS009963,Thabo Mhlongo,University of Johannesburg,Education,4,49.0,39.0,1,2,80,HIGH
NSFAS009964,Tshepo Khumalo,University of the Witwatersrand,Commerce,2,64.07,84.0,0,1,0,LOW
NSFAS009965,Sibusiso Mabaso,University of the Witwatersrand,Education,2,65.62,65.0,0,2,40,MEDIUM
NSFAS009966,Mpho Ngcobo,North-West University,Law,1,35.79,52.0,4,0,100,HIGH
NSFAS009967,Nokuthula Mkhize,University of KwaZulu-Natal,Commerce,4,41.77,41.0,3,1,100,HIGH
NSFAS009968,Mpho Dlamini,University of the Witwatersrand,Arts,2,40.39,26.0,4,0,100,HIGH
NSFAS009969,Mpho Mthethwa,University of Johannesburg,Education,3,40.0,43.0,3,3,100,HIGH
NSFAS009970,Kagiso Nkosi,University of KwaZulu-Natal,Engineering,1,55.25,59.0,3,0,60,HIGH
NSFAS009971,Nokuthula Mokoena,University of the Witwatersrand,Education,3,75.0,95.0,1,1,0,LOW
NSFAS009972,Mpho Mahlangu,University of Johannesburg,Engineering,2,47.72,51.0,3,2,100,HIGH
NSFAS009973,Andile Khumalo,University of the Witwatersrand,Commerce,2,62.28,80.0,1,1,0,LOW
NSFAS009974,Thabo Mthembu,University of Pretoria,Law,2,64.52,74.0,0,1,0,LOW
NSFAS009975,Sibusiso Nkosi,University of the Free State,Law,3,56.27,62.0,1,4,40,MEDIUM
NSFAS009976,Sipho Molefe,University of Pretoria,Engineering,2,73.01,80.0,0,1,0,LOW
NSFAS009977,Tshepo Dlamini,University of Pretoria,Law,4,55.5,81.0,1,0,0,LOW
NSFAS009978,Busisiwe Khumalo,North-West University,Law,1,50.29,85.0,1,3,0,LOW
NSFAS009979,Sibusiso Mhlongo,University of Cape Town,Engineering,1,40.0,53.0,2,3,80,HIGH
NSFAS009980,Lindiwe Mahlangu,University of Stellenbosch,Science,1,40.0,36.0,4,0,100,HIGH
NSFAS009981,Thabo Mokoena,University of Pretoria,Commerce,1,95.0,85.0,0,5,0,LOW
NSFAS009982,Andile Mkhize,University of the Witwatersrand,Law,2,59.81,79.0,1,1,0,LOW
NSFAS009983,Thabo Mthethwa,University of the Witwatersrand,Arts,4,75.0,77.0,1,4,0,LOW
NSFAS009984,Sibusiso Ngcobo,University of Cape Town,Law,3,51.13,58.0,3,0,60,HIGH
NSFAS009985,Nokuthula Dlamini,University of Johannesburg,Law,2,75.0,86.0,0,0,0,LOW
NSFAS009986,Nokuthula Dlamini,University of Cape Town,Arts,1,75.0,92.0,0,4,0,LOW
NSFAS009987,Tshepo Mahlangu,University of the Free State,Engineering,4,75.0,75.0,1,4,0,LOW
NSFAS009988,Thabo Nkosi,North-West University,Science,1,75.0,91.0,1,1,0,LOW
NSFAS009989,Kagiso Khumalo,University of Stellenbosch,Law,3,46.08,23.0,3,4,100,HIGH
NSFAS009990,Lindiwe Ngcobo,University of Cape Town,Education,3,49.0,24.0,3,2,100,HIGH
NSFAS009991,Lerato Mabaso,University of Johannesburg,Commerce,4,40.0,40.0,4,4,100,HIGH
NSFAS009992,Zanele Dlamini,University of Pretoria,Law,2,46.76,53.0,1,3,80,HIGH
NSFAS009993,Sipho Khumalo,University of KwaZulu-Natal,Arts,3,75.0,93.0,0,5,0,LOW
NSFAS009994,Phumzile Ngcobo,North-West University,Science,3,78.88,0.0,0,5,40,MEDIUM
NSFAS009995,Lerato Dlamini,University of the Free State,Arts,1,53.7,57.0,3,3,60,HIGH
NSFAS009996,Andile Ngcobo,North-West University,Engineering,3,40.0,60.0,1,2,80,HIGH
NSFAS009997,Zanele Dlamini,University of the Free State,Law,3,40.0,34.0,1,3,80,HIGH
NSFAS009998,Sibusiso Ngcobo,University of Johannesburg,Law,1,75.0,94.0,1,4,0,LOW
NSFAS009999,Busisiwe Mkhize,University of Johannesburg,Commerce,4,40.0,59.0,4,4,100,HIGH
NSFAS010000,Lindiwe Nkosi,University of Stellenbosch,Law,1,75.0,75.0,1,5,0,LOW
